Component ID,Component name,CAS number,smiles
3-ETH-01,3-ETHYLPENTANE,617-78-7,CCC(CC)CC
2:2:3-01,"2,2,3-TRIMETHYLBUTANE",464-06-2,CC(C)C(C)(C)C
3-MET-01,3-METHYL-3-ETHYLPENTANE,1067-08-9,CCC(C)(CC)CC
3-ETH-02,3-ETHYLHEXANE,619-99-8,CCCC(CC)CC
2-MET-01,2-METHYL-3-ETHYLPENTANE,609-26-7,CCC(CC)C(C)C
2:3:4-01,"2,3,4-TRIMETHYLPENTANE",565-75-3,CC(C)C(C)C(C)C
2:3:3-01,"2,3,3-TRIMETHYLPENTANE",560-21-4,CCC(C)(C)C(C)C
2:2:4-01,"2,2,4-TRIMETHYLPENTANE",540-84-1,CC(C)CC(C)(C)C
2:2:3-02,"2,2,3,3-TETRAMETHYLBUTANE",594-82-1,CC(C)(C)C(C)(C)C
2:2:3-03,"2,2,3-TRIMETHYLPENTANE",564-02-3,CCC(C)C(C)(C)C
3:3-D-01,"3,3-DIETHYLPENTANE",1067-20-5,CCC(CC)(CC)CC
2:2:5-01,"2,2,5-TRIMETHYLHEXANE",3522-94-9,CC(C)CCC(C)(C)C
2:2-D-01,"2,2-DIMETHYL-3-ETHYLPENTANE",16747-32-3,CCC(CC)C(C)(C)C
2:3:3-02,"2,3,3,4-TETRAMETHYLPENTANE",16747-38-9,CC(C)C(C)(C)C(C)C
2:4:4-01,"2,4,4-TRIMETHYLHEXANE",16747-30-1,CCC(C)(C)CC(C)C
2:4-D-01,"2,4-DIMETHYL-3-ETHYLPENTANE",1068-87-7,CCC(C(C)C)C(C)C
2:2:3-04,"2,2,3,4-TETRAMETHYLPENTANE",1186-53-4,CC(C)C(C)C(C)(C)C
2:2:4-02,"2,2,4,4-TETRAMETHYLPENTANE",1070-87-7,CC(C)(C)CC(C)(C)C
3-ETH-03,3-ETHYLHEPTANE,15869-80-4,CCCCC(CC)CC
2:2:3-05,"2,2,3,3-TETRAMETHYLPENTANE",7154-79-2,CCC(C)(C)C(C)(C)C
(R::R-01,"(R*,R*)-2,3,4-TRIMETHYLHEXANE",24418-03-9,CC[C@@H](C)[C@H](C)C(C)C
2:3:4-02,"2,3,4-TRIMETHYLHEXANE",921-47-1,CCC(C)C(C)C(C)C
2:2:3-06,"2,2,3-TRIMETHYLHEXANE",16747-25-4,CCCC(C)C(C)(C)C
2:3:5-01,"2,3,5-TRIMETHYLHEXANE",1069-53-0,CC(C)CC(C)C(C)C
(R::S-01,"(R*,S*)-2,3,4-TRIMETHYLHEXANE",52896-75-0,CC[C@H](C)[C@H](C)C(C)C
3-ETH-04,"3-ETHYL-2,3-DIMETHYLPENTANE",16747-33-4,CCC(C)(CC)C(C)C
3:3:4-01,"3,3,4-TRIMETHYLHEXANE",16747-31-2,CCC(C)C(C)(C)CC
2:2:4-03,"2,2,4-TRIMETHYLHEXANE",16747-26-5,CCC(C)CC(C)(C)C
4-ETH-01,4-ETHYLHEPTANE,2216-32-2,CCCC(CC)CCC
2:3:3-03,"2,3,3-TRIMETHYLHEXANE",16747-28-7,CCCC(C)(C)C(C)C
2:2:5-02,"2,2,5,5-TETRAMETHYLHEXANE",1071-81-4,CC(C)(C)CCC(C)(C)C
3:3:5-01,"3,3,5-TRIMETHYLHEPTANE",7154-80-5,CCC(C)CC(C)(C)CC
2:2:3-07,"2,2,3,3-TETRAMETHYLHEXANE",13475-81-5,CCCC(C)(C)C(C)(C)C
2:3:4-03,"2,3,4-TRIMETHYLHEPTANE",52896-95-4,CCCC(C)C(C)C(C)C
3:3:4-02,"3,3,4-TRIMETHYLHEPTANE",20278-87-9,CCCC(C)C(C)(C)CC
3:3:4-03,"3,3,4,4-TETRAMETHYLHEXANE",5171-84-6,CCC(C)(C)C(C)(C)CC
2:2:5-03,"2,2,5-TRIMETHYLHEPTANE",20291-95-6,CCC(C)CCC(C)(C)C
2:5:5-01,"2,5,5-TRIMETHYLHEPTANE",1189-99-7,CCC(C)(C)CCC(C)C
2:4-D-02,"2,4-DIMETHYL-3-ISOPROPYLPENTANE",13475-79-1,CC(C)C(C(C)C)C(C)C
2:4:6-01,"2,4,6-TRIMETHYLHEPTANE",2613-61-8,CC(C)CC(C)CC(C)C
2:4:5-01,"2,4,5-TRIMETHYLHEPTANE",20278-84-6,CCC(C)C(C)CC(C)C
2:4:4-02,"2,4,4-TRIMETHYLHEPTANE",4032-92-2,CCCC(C)(C)CC(C)C
3:3-D-02,"3,3-DIETHYL-2-METHYLPENTANE",52897-16-2,CCC(CC)(CC)C(C)C
2:3:6-01,"2,3,6-TRIMETHYLHEPTANE",4032-93-3,CC(C)CCC(C)C(C)C
2:3:5-02,"2,3,5-TRIMETHYLHEPTANE",20278-85-7,CCC(C)CC(C)C(C)C
2:2:6-01,"2,2,6-TRIMETHYLHEPTANE",1190-83-6,CC(C)CCCC(C)(C)C
2:3:3-04,"2,3,3-TRIMETHYLHEPTANE",52896-93-2,CCCCC(C)(C)C(C)C
3:4:4-01,"3,4,4-TRIMETHYLHEPTANE",20278-88-0,CCCC(C)(C)C(C)CC
4-ETH-02,4-ETHYLOCTANE,15869-86-0,CCCCC(CC)CCC
3-ETH-05,"3-ETHYL-2,2,3-TRIMETHYLPENTANE",52897-17-3,CCC(C)(CC)C(C)(C)C
HEXAN-02,"HEXANE,-4-ETHYL-2,2-DIMETHYL-",52896-99-8,CCC(CC)CC(C)(C)C
3:4:5-01,"3,4,5-TRIMETHYLHEPTANE",20278-89-1,CCC(C)C(C)C(C)CC
4-PRO-01,4-PROPYLHEPTANE,3178-29-8,CCCC(CCC)CCC
4-ETH-03,"4-ETHYL-3,3-DIMETHYLHEXANE",52897-05-9,CCC(CC)C(C)(C)CC
4-ETH-04,"4-ETHYL-2,3-DIMETHYLHEXANE",52897-01-5,CCC(CC)C(C)C(C)C
3-ETH-06,3-ETHYLOCTANE,5881-17-4,CCCCCC(CC)CC
3-ETH-07,"3-ETHYL-2,5-DIMETHYLHEXANE",52897-04-8,CCC(CC(C)C)C(C)C
3-ETH-08,"3-ETHYL-2,4-DIMETHYLHEXANE",7220-26-0,CCC(C)C(CC)C(C)C
3-ETH-09,"3-ETHYL-2,3-DIMETHYLHEXANE",52897-00-4,CCCC(C)(CC)C(C)C
3-ETH-10,"3-ETHYL-2,3,4-TRIMETHYLPENTANE",52897-19-5,CCC(C)(C(C)C)C(C)C
3-ETH-11,"3-ETHYL-2,2-DIMETHYLHEXANE",20291-91-2,CCCC(CC)C(C)(C)C
3-ETH-12,"3-ETHYL-2,2,4-TRIMETHYLPENTANE",52897-18-4,CCC(C(C)C)C(C)(C)C
2:2:4-04,"2,2,4-TRIMETHYLHEPTANE",14720-74-2,CCCC(C)CC(C)(C)C
2:2:4-05,"2,2,4,5-TETRAMETHYLHEXANE",16747-42-5,CC(C)C(C)CC(C)(C)C
3-ETH-13,"3-ETHYL-3,4-DIMETHYLHEXANE",52897-06-0,CCC(C)C(C)(CC)CC
2:2:4-06,"2,2,4,4-TETRAMETHYLHEXANE",51750-65-3,CCC(C)(C)CC(C)(C)C
2:2:3-08,"2,2,3,4,4-PENTAMETHYLPENTANE",16747-45-8,CC(C(C)(C)C)C(C)(C)C
2:2:3-09,"2,2,3,3,4-PENTAMETHYLPENTANE",16747-44-7,CC(C)C(C)(C)C(C)(C)C
2:2:3-10,"2,2,3-TRIMETHYLHEPTANE",52896-92-1,CCCCC(C)C(C)(C)C
2:2:3-11,"2,2,3,3-TETRAMETHYLHEPTANE",61868-40-4,CCCCC(C)(C)C(C)(C)C
(-)-4-01,"(-)-4-ETHYL-2,4-DIMETHYLHEPTANE",999915-92-3,CCCC(C)(CC)CC(C)C
2:3:7-01,"2,3,7-TRIMETHYLOCTANE",62016-34-6,CC(C)CCCC(C)C(C)C
2:4:4-03,"2,4,4,6-TETRAMETHYLHEPTANE",61868-57-3,CC(C)CC(C)(C)CC(C)C
2:2:3-12,"2,2,3,3,5-PENTAMETHYLHEXANE",61868-86-8,CC(C)CC(C)(C)C(C)(C)C
2:4:4-04,"2,4,4-TRIMETHYLOCTANE",62016-35-7,CCCCC(C)(C)CC(C)C
HEPTA-04,"HEPTANE,-2,2,5,5-TETRAMETHYL-",61868-47-1,CCC(C)(C)CCC(C)(C)C
2:4-D-03,"2,4-DIMETHYL-4-ETHYLHEPTANE",61868-25-5,CCCC(C)(CC)CC(C)C
2:4:7-01,"2,4,7-TRIMETHYLOCTANE",62016-38-0,CC(C)CCC(C)CC(C)C
2:2:3-13,"2,2,3,5,5-PENTAMETHYLHEXANE",14739-73-2,CC(CC(C)(C)C)C(C)(C)C
2:2:4-07,"2,2,4-TRIMETHYLOCTANE",18932-14-4,CCCCC(C)CC(C)(C)C
2:2:4-08,"2,2,4,6-TETRAMETHYLHEPTANE",61868-46-0,CC(C)CC(C)CC(C)(C)C
3-ETH-14,"3-ETHYL-3,5-DIMETHYLHEPTANE",61868-37-9,CCC(C)CC(C)(CC)CC
2:2:4-09,"2,2,4,4-TETRAMETHYLHEPTANE",61868-44-8,CCCC(C)(C)CC(C)(C)C
3-ETH-15,3-ETHYLNONANE,17302-11-3,CCCCCCC(CC)CC
3:3:5-02,"3,3,5,5-TETRAMETHYLHEPTANE",61868-61-9,CCC(C)(C)CC(C)(C)CC
2:2:4-10,"2,2,4,4,5-PENTAMETHYLHEXANE",60302-23-0,CC(C)C(C)(C)CC(C)(C)C
4-ETH-05,4-ETHYLNONANE,5911-05-7,CCCCCC(CC)CCC
2:4:6-02,"2,4,6-TRIMETHYLOCTANE",62016-37-9,CCC(C)CC(C)CC(C)C
4-PRO-02,4-PROPYLOCTANE,17302-13-5,CCCCC(CCC)CCC
5-ETH-01,5-ETHYLNONANE,17302-12-4,CCCCC(CC)CCCC
5-ETH-02,5-ETHYLDECANE,17302-36-2,CCCCCC(CC)CCCC
2:6-D-01,"2,6-DIMETHYL-4-ISOPROPYLHEPTANE",35866-89-8,CC(C)CC(CC(C)C)C(C)C
2:6:6-01,"2,6,6-TRIMETHYLNONANE",62184-15-0,CCCC(C)(C)CCCC(C)C
3:3:6-01,"3,3,6,6-TETRAMETHYLOCTANE",62199-46-6,CCC(C)(C)CCC(C)(C)CC
2:5:8-01,"2,5,8-TRIMETHYLNONANE",49557-09-7,CC(C)CCC(C)CCC(C)C
3-ETH-16,3-ETHYLDECANE,17085-96-0,CCCCCCCC(CC)CC
2:6-D-02,"2,6-DIMETHYL-3-ISOPROPYLHEPTANE",62185-45-9,CC(C)CCC(C(C)C)C(C)C
5-PRO-01,5-PROPYLNONANE,998-35-6,CCCCC(CCC)CCCC
2:6-D-03,"2,6-DIMETHYL-4-PROPYLHEPTANE",62185-33-5,CCCC(CC(C)C)CC(C)C
2:2:4-11,"2,2,4,6,6-PENTAMETHYLHEPTANE",13475-82-6,CC(CC(C)(C)C)CC(C)(C)C
2:2:3-14,"2,2,3,3,5,5-HEXAMETHYLHEXANE",60302-24-1,CC(C)(C)CC(C)(C)C(C)(C)C
2:2:6-02,"2,2,6,6-TETRAMETHYLOCTANE",62199-20-6,CCC(C)(C)CCCC(C)(C)C
2:2:4-12,"2,2,4,4,6-PENTAMETHYLHEPTANE",62199-62-6,CC(C)CC(C)(C)CC(C)(C)C
2:2:7-01,"2,2,7,7-TETRAMETHYLOCTANE",1071-31-4,CC(C)(C)CCCCC(C)(C)C
2:4:6-03,"2,4,6-TRIMETHYLNONANE",62184-10-5,CCCC(C)CC(C)CC(C)C
2:2:3-15,"2,2,3-TRIMETHYL-3-PROPYLHEXANE",999916-00-6,CCCC(C)(CCC)C(C)(C)C
2:2:3-16,"2,2,3,5,6-PENTAMETHYLHEPTANE",62198-87-2,CC(C)C(C)CC(C)C(C)(C)C
2:2:3-17,"2,2,3,4,5,5-HEXAMETHYLHEXANE",62185-14-2,CC(C(C)C(C)(C)C)C(C)(C)C
2:3:5-04,"2,3,5,6,7-PENTAMETHYLHEPTANE",27574-98-7,CCC(C)C(C)CC(C)C(C)C
2:3:5-05,"2,3,5-TRIMETHYL-3-ETHYLHEPTANE",62198-57-6,CCC(C)CC(C)(CC)C(C)C
2:3:6-02,"2,3,6,7-TETRAMETHYLOCTANE",52670-34-5,CC(C)C(C)CCC(C)C(C)C
2:4:4-05,"2,4,4,7-TETRAMETHYLOCTANE",35866-96-7,CC(C)CCC(C)(C)CC(C)C
2:4:5-02,"2,4,5,7-TETRAMETHYLOCTANE",2217-17-6,CC(C)CC(C)C(C)CC(C)C
3:5-D-01,"3,5-DIMETHYL-5-ETHYLOCTANE",62183-65-7,CCCC(C)(CC)CC(C)CC
2:2:4-13,"2,2,4-TRIMETHYLNONANE",62184-50-3,CCCCCC(C)CC(C)(C)C
2:2:5-04,"2,2,5,7-TETRAMETHYLOCTANE",62199-19-3,CC(C)CC(C)CCC(C)(C)C
TRI-T-01,TRI-TERT-BUTYLMETHANE,35660-96-9,CC(C)(C)C(C(C)(C)C)C(C)(C)C
3-ETH-17,"3-ETHYL-5,7,7-TRIMETHYLOCTANE",999913-03-0,CCC(CC)CC(C)CC(C)(C)C
NONAN-01,"NONANE,-4,4,6,6-TETRAMETHYL-",74286-93-4,CCCC(C)(C)CC(C)(C)CCC
4-PRO-03,4-PROPYLDECANE,17312-61-7,CCCCCCC(CCC)CCC
5-ETH-03,"5-ETHYL-3,5-DIMETHYLNONANE",999907-15-2,CCCCC(C)(CC)CC(C)CC
3:5-D-02,"3,5-DIETHYL-3,5-DIMETHYLHEPTANE",74286-94-5,CCC(C)(CC)CC(C)(CC)CC
5-N-B-01,5-N-BUTYLNONANE,17312-63-9,CCCCC(CCCC)CCCC
2:2:4-14,"2,2,4,7,7-PENTAMETHYLOCTANE",999913-04-1,CC(CCC(C)(C)C)CC(C)(C)C
2:5:9-01,"2,5,9-TRIMETHYLDECANE",62108-22-9,CC(C)CCCC(C)CCC(C)C
2:4:6-04,"2,4,6-TRIMETHYLDECANE",62108-27-4,CCCCC(C)CC(C)CC(C)C
2:4:6-05,"2,4,6-TRIMETHYL-4-ETHYLOCTANE",999907-16-3,CCC(C)CC(C)(CC)CC(C)C
3:5:8-01,"3,5,8-TRIMETHYLDECANE",999913-02-9,CCC(C)CCC(C)CC(C)CC
3-ETH-18,3-ETHYLDODECANE,57297-82-2,CCCCCCCCCC(CC)CC
2:7-D-01,"2,7-DIMETHYL-4-ISOBUTYLOCTANE",999910-23-5,CC(C)CCC(CC(C)C)CC(C)C
5-PRO-02,5-PROPYLUNDECANE,102636-08-8,CCCCCCC(CCC)CCCC
2:2:3-18,"2,2,3,3,5,5,6-HEPTAMETHYLHEPTANE",93866-73-0,CC(C)C(C)(C)CC(C)(C)C(C)(C)C
4-PRO-04,4-PROPYLUNDECANE,6876-19-3,CCCCCCCC(CCC)CCC
2:2:3-19,"2,2,3,3,5,6,6-HEPTAMETHYLHEPTANE",7225-67-4,[Co]|1|2|3|4|5|6(|c7c|1c|2c8cc9ccccc9cc8c|37)|c%10c|4c|5c%11cc%12ccccc%12cc%11c|6%10
2:4:4-06,"2,4,4,5,5,7-HEXAMETHYLOCTANE",76426-52-3,CC(C)CC(C)(C)C(C)(C)CC(C)C
HEXAE-01,HEXAETHYLETHANE,5171-86-8,CCC(CC)(CC)C(CC)(CC)CC
2:2:9-01,"2,2,9,9-TETRAMETHYLDECANE",5932-88-7,CC(C)(C)CCCCCCC(C)(C)C
2:2:3-20,"2,2,3,3,4,4,5,5-OCTAMETHYLHEXANE",65149-84-0,CC(C)(C)C(C)(C)C(C)(C)C(C)(C)C
4:5-D-01,"4,5-DIETHYL-2,7-DIMETHYLOCTANE",999913-12-1,CCC(CC(C)C)C(CC)CC(C)C
4:5-D-02,"4,5-DIETHYL-4,5-DIMETHYLOCTANE",100887-85-2,CCCC(C)(CC)C(C)(CC)CCC
2:4:4-07,"2,4,4,6,6,8-HEXAMETHYLNONANE",92867-10-2,CC(C)CC(C)(C)CC(C)(C)CC(C)C
5:5:7-01,"5,5,7,7-TETRAMETHYLUNDECANE",74286-95-6,CCCCC(C)(C)CC(C)(C)CCCC
5:5:6-01,"5,5,6,6-TETRAMETHYLUNDECANE",999905-26-9,CCCCCC(C)(C)C(C)(C)CCCC
4:6-D-01,"4,6-DIETHYL-4,6-DIMETHYLNONANE",74286-96-7,CCCC(C)(CC)CC(C)(CC)CCC
3:4:4-02,"3,4,4,6,6,7-HEXAMETHYLNONANE",92867-11-3,CCC(C)C(C)(C)CC(C)(C)C(C)CC
6-PRO-01,6-PROPYLDODECANE,92867-09-9,CCCCCCC(CCC)CCCCC
DODEC-02,"DODECANE,-2,6,11-TRIMETHYL-",31295-56-4,CC(C)CCCCC(C)CCCC(C)C
2:3:3-05,"2,3,3,5,5,6,6-HEPTAMETHYLOCTANE",92867-13-5,CCC(C)(C)C(C)(C)CC(C)(C)C(C)C
FARNE-01,FARNESANE,3891-98-3,CCC(C)CCCC(C)CCCC(C)C
2:4:6-06,"2,4,6,6,7,7-HEXAMETHYLNONANE",132048-36-3,CCC(C)(C)C(C)(C)CC(C)CC(C)C
2:2:4-15,"2,2,4,4,6,8,8-HEPTAMETHYLNONANE",4390-04-9,CC(CC(C)(C)C)CC(C)(C)CC(C)(C)C
2:6:7-01,"2,6,7,11-TETRAMETHYLDODECANE",999911-54-5,CC(C)CCCC(C)C(C)CCCC(C)C
2:2:6-03,"2,2,6,10,10-PENTAMETHYLUNDECANE",999911-55-6,CC(CCCC(C)(C)C)CCCC(C)(C)C
3-ETH-19,3-ETHYLTETRADECANE,71958-48-0,CCCCCCCCCCCC(CC)CC
2:6:1-01,"2,6,11-TRIMETHYLTRIDECANE",2883-04-7,CCC(C)CCCCC(C)CCCC(C)C
6-PEN-01,6-PENTYLUNDECANE,7249-32-3,CCCCCC(CCCCC)CCCCC
3:3:6-02,"3,3,6,6-TETRAETHYLOCTANE",78715-64-7,CCC(CC)(CC)CCC(CC)(CC)CC
2:2:3-21,"2,2,3,3,6,6,7,7-OCTAMETHYLOCTANE",999913-17-6,CC(C)(C)C(C)(C)CCC(C)(C)C(C)(C)C
3:3:1-01,"3,3,10,10-TETRAMETHYLDODECANE",999911-53-4,CCC(C)(C)CCCCCCC(C)(C)CC
TRIDE-02,"TRIDECANE,-7-PROPYL-",55045-09-5,CCCCCCC(CCC)CCCCCC
5-BUT-01,5-BUTYL-5-(1-METHYLETHYL)NONANE,999911-59-0,CCCCC(CCCC)(CCCC)C(C)C
7-BUT-01,7-BUTYLTRIDECANE,93816-20-7,CCCCCCC(CCCC)CCCCCC
6-PEN-02,6-PENTYLDODECANE,999913-18-7,CCCCCCC(CCCCC)CCCCC
2:5:5-02,"2,5,5,7,7,10-HEXAMETHYLUNDECANE",999905-28-1,CC(C)CCC(C)(C)CC(C)(C)CCC(C)C
4-PRO-05,4-PROPYLTETRADECANE,13286-74-3,CCCCCCCCCCC(CCC)CCC
1:1:2-01,"1,1,2,2-TETRA-TERT-BUTYLETHANE",62850-21-9,CC(C)(C)C(C(C(C)(C)C)C(C)(C)C)C(C)(C)C
2:2:4-16,"2,2,4,9,11,11-HEXAMETHYLDODECANE",6304-50-3,CC(CCCCC(C)CC(C)(C)C)CC(C)(C)C
3:3:7-01,"3,3,7,11,11-PENTAMETHYLTRIDECANE",999913-20-1,CCC(C)(C)CCCC(C)CCCC(C)(C)CC
8-PRO-01,8-PROPYLPENTADECANE,129993-85-7,CCCCCCCC(CCC)CCCCCCC
4:8:1-01,"4,8,12-TRIMETHYLHEXADECANE",94381-24-5,CCCCC(C)CCCC(C)CCCC(C)CCC
7-HEX-01,7-HEXYLTRIDECANE,7225-66-3,Cc1cc(C)cc(c1)N(C2C3CC4CC(C3)CC2C4)[Mo](N(C5C6CC7CC(C6)CC5C7)c8cc(C)cc(C)c8)N(C9C%10CC%11CC(C%10)CC9C%11)c%12cc(C)cc(C)c%12
PRIST-01,PRISTANE,1921-70-6,CC(C)CCCC(C)CCCC(C)CCCC(C)C
5-BUT-02,5-BUTYLPENTADECANE,13287-00-8,CCCCCCCCCCC(CCCC)CCCC
5-BUT-03,5-BUTYLHEXADECANE,6912-07-8,CCCCCCCCCCCC(CCCC)CCCC
5:7:9-01,"5,7,9-TRIETHYLTETRADECANE",999913-26-7,CCCCCC(CC)CC(CC)CC(CC)CCCC
3-ETH-20,3-ETHYLOCTADECANE,13287-02-0,CCCCCCCCCCCCCCCC(CC)CC
2:2:1-01,"2,2,15,15-TETRAMETHYLHEXADECANE",49585-17-3,CC(C)(C)CCCCCCCCCCCCC(C)(C)C
CROCE-01,CROCETANE,504-44-9,CC(C)CCCC(C)CCCCC(C)CCCC(C)C
7:8:9-01,"7,8,9,10-TETRAMETHYLHEXADECANE",102155-33-9,CCCCCCC(C)C(C)C(C)C(C)CCCCCC
HEPTA-07,"HEPTADECANE,-4-PROPYL-",55044-10-5,CCCCCCCCCCCCCC(CCC)CCC
TETRA-02,TETRAHYDRONEOPHYTADIENE,638-36-8,CCC(C)CCCC(C)CCCC(C)CCCC(C)C
PENTA-02,"PENTADECANE,-8-HEXYL-",13475-75-7,CCCCCCCC(CCCCCC)CCCCCCC
2-MET-02,2-METHYL-4-ISOBUTYLHEXADECANE,999910-27-9,CCCCCCCCCCCCC(CC(C)C)CC(C)C
7-HEX-02,7-HEXYLPENTADECANE,999913-31-4,CCCCCCCCC(CCCCCC)CCCCCC
8-HEP-01,8-HEPTYLPENTADECANE,71005-15-7,CCCCCCCC(CCCCCCC)CCCCCCC
4-PRO-06,4-PROPYLNONADECANE,999913-34-7,CCCCCCCCCCCCCCCC(CCC)CCC
2:4:6-07,"2,4,6-TRIMETHYLEICOSANE",102542-69-8,CCCCCCCCCCCCCCC(C)CC(C)CC(C)C
HEPTA-08,"HEPTADECANE,-9-HEXYL-",55124-79-3,CCCCCCCCC(CCCCCC)CCCCCCCC
4:8:1-02,"4,8,13,17-TETRAMETHYLEICOSANE",999911-65-8,CCCC(C)CCCC(C)CCCCC(C)CCCC(C)CCC
9-HEP-01,9-HEPTYLHEPTADECANE,999911-66-9,CCCCCCCCC(CCCCCCC)CCCCCCCC
5-BUT-04,5-BUTYLEICOSANE,13287-06-4,CCCCCCCCCCCCCCCC(CCCC)CCCC
7-HEX-03,7-HEXYLOCTADECANE,7200-09-1,CCCCCCCCCCCC(CCCCCC)CCCCCC
4-BUT-01,4-BUTYLEICOSANE,999911-64-7,CCCCCCCCCCCCCCCCC(CCC)CCCC
7:8-D-01,"7,8-DI(3-METHYLBUTYL)TETRADECANE",999911-67-0,CCCCCCC(CCC(C)C)C(CCCCCC)CCC(C)C
2:4:6-08,"2,4,6-TRIMETHYLHENEICOSANE",115293-90-8,CCCCCCCCCCCCCCCC(C)CC(C)CC(C)C
7:9-D-01,"7,9-DIBUTYL-9-METHYLPENTADECANE",999913-38-1,CCCCCCC(CCCC)CC(C)(CCCC)CCCCCC
10-PE-01,10-PENTYLEICOSANE,102896-48-0,CCCCCCCCCCC(CCCCC)CCCCCCCCC
9-OCT-01,9-OCTYLHEPTADECANE,7225-64-1,CCCCCCCCC(CCCCCCCC)CCCCCCCC
6:11--01,"6,11-DI(3-METHYLBUTYL)HEXADECANE",999913-22-3,CCCCCC(CCCCC(CCCCC)CCC(C)C)CCC(C)C
7-BUT-02,7-BUTYLDOCOSANE,55282-15-0,CCCCCCCCCCCCCCCC(CCCC)CCCCCC
7-HEX-04,7-HEXYLEICOSANE,55333-99-8,CCCCCCCCCCCCCC(CCCCCC)CCCCCC
10-HE-01,10-HEXYLEICOSANE,115486-45-8,CCCCCCCCCCC(CCCCCC)CCCCCCCCC
6:9:1-01,"6,9,12-TRIPROPYLHEPTADECANE",15874-06-3,CCCCCC(CCC)CCC(CCC)CCC(CCC)CCCCC
11-PE-01,11-PENTYLHENEICOSANE,14739-72-1,CCCCCCCCCCC(CCCCC)CCCCCCCCCC
9:12:-01,"9,12,15-TRIMETHYLTRICOSANE",999913-01-8,CCCCCCCCC(C)CCC(C)CCC(C)CCCCCCCC
9-BUT-01,9-BUTYLDOCOSANE,55282-14-9,CCCCCCCCCCCCCC(CCCC)CCCCCCCC
6:12--01,"6,12-DIETHYL-9-PENTYLHEPTADECANE",15874-05-2,CCCCCC(CC)CCC(CCCCC)CCC(CC)CCCCC
5-BUT-05,5-BUTYLDOCOSANE,55282-16-1,CCCCCCCCCCCCCCCCCC(CCCC)CCCC
11-BU-01,11-BUTYLDOCOSANE,13475-76-8,CCCCCCCCCCCC(CCCC)CCCCCCCCCC
C26H5-02,C26H54-N10,55282-12-7,CCCCCCCCCCCCCC(CC(CC)CC)CC(CC)CC
11-NE-01,11-NEOPENTYLHENICOSANE,55282-10-5,CCCCCCCCCCC(CCCCCCCCCC)CC(C)(C)C
TETRA-03,"TETRACOSANE,-3-ETHYL-",55282-17-2,CCCCCCCCCCCCCCCCCCCCCC(CC)CC
9-OCT-02,9-OCTYLNONADECANE,13287-08-6,CCCCCCCCCCC(CCCCCCCC)CCCCCCCC
10-HE-02,10-HEPTYLEICOSANE,103036-93-7,CCCCCCCCCCC(CCCCCCC)CCCCCCCCC
9-OCT-03,9-OCTYLEICOSANE,13475-77-9,CCCCCCCCCCCC(CCCCCCCC)CCCCCCCC
C28H5-01,C28H58-N1,3035-75-4,CC(CCC(CCC(C)CC(C)(C)C)CCC(C)CC(C)(C)C)CC(C)(C)C
7-HEX-05,7-HEXYLDOCOSANE,55373-86-9,CCCCCCCCCCCCCCCC(CCCCCC)CCCCCC
10-OC-01,10-OCTYLEICOSANE,116151-75-8,CCCCCCCCCCC(CCCCCCCC)CCCCCCCCC
10-NO-01,10-NONYLNONADECANE,999913-08-5,CCCCCCCCCC(CCCCCCCCC)CCCCCCCCC
10-NO-02,10-NONYLEICOSANE,103165-25-9,CCCCCCCCCCC(CCCCCCCCC)CCCCCCCCC
SQUAL-01,SQUALANE,111-01-3,CC(C)CCCC(C)CCCC(C)CCCCC(C)CCCC(C)CCCC(C)C
11-NO-01,11-NONYLHENEICOSANE,28804-56-0,CCCCCCCCCCC(CCCCCCCCC)CCCCCCCCCC
9-OCT-04,9-OCTYLDOCOSANE,55319-83-0,CCCCCCCCCCCCCC(CCCCCCCC)CCCCCCCC
11-DE-01,11-DECYLHENEICOSANE,55320-06-4,CCCCCCCCCCC(CCCCCCCCCC)CCCCCCCCCC
11-DE-02,11-DECYLDOCOSANE,55401-55-3,CCCCCCCCCCCC(CCCCCCCCCC)CCCCCCCCCC
9:10:-01,"9,10,11,12-TETRAPROPYLEICOSANE",999916-45-9,CCCCCCCCC(CCC)C(CCC)C(CCC)C(CCC)CCCCCCCC
9:11--01,"9,11-DIHEXYL-11-METHYLNONADECANE",999916-77-7,CCCCCCCCC(CCCCCC)CC(C)(CCCCCC)CCCCCCCC
TETRA-04,"TETRACOSANE,-9-OCTYL-",55401-54-2,CCCCCCCCCCCCCCCC(CCCCCCCC)CCCCCCCC
16-ET-01,16-ETHYLHENTRIACONTANE,999916-47-1,CCCCCCCCCCCCCCCC(CC)CCCCCCCCCCCCCCC
HEXAC-01,"HEXACOSANE,-9-OCTYL-",55429-83-9,CCCCCCCCCCCCCCCCCC(CCCCCCCC)CCCCCCCC
TETRA-05,"TETRACOSANE,-11-DECYL-",55429-84-0,CCCCCCCCCCCCCC(CCCCCCCCCC)CCCCCCCCCC
12-UN-01,12-UNDECYLTRICOSANE,999916-48-2,CCCCCCCCCCCC(CCCCCCCCCCC)CCCCCCCCCCC
16-BU-01,16-BUTYLHENTRIACONTANE,999916-53-9,CCCCCCCCCCCCCCCC(CCCC)CCCCCCCCCCCCCCC
13-UN-01,13-UNDECYLPENTACOSANE,55517-89-0,CCCCCCCCCCCCC(CCCCCCCCCCC)CCCCCCCCCCCC
13-DO-01,13-DODECYLPENTACOSANE,83480-53-9,CCCCCCCCCCCCC(CCCCCCCCCCCC)CCCCCCCCCCCC
13-DO-02,13-DODECYLHEXACOSANE,55517-73-2,CCCCCCCCCCCCCC(CCCCCCCCCCCC)CCCCCCCCCCCC
13-ME-01,"13-METHYL-11,13-DIOCTYLTRICOSANE",999916-60-8,CCCCCCCCCCC(CCCCCCCC)CC(C)(CCCCCCCC)CCCCCCCCCC
C40H8-01,C40H82-N7,45316-02-7,CC(C)CCCC(C)CCCC(C)CCCC(C)CCCCC(C)CCCC(C)CCCC(C)CCCC(C)C
C42H8-01,C42H86-N1,55470-97-8,CC(CCC(CCCCC(CCC(C)CC(C)(C)C)CCC(C)CC(C)(C)C)CCC(C)CC(C)(C)C)CC(C)(C)C
12-DE-01,12-DECYL-1-NONYLTETRACOSANE,999916-80-2,CCCCCCCCCCCCCCCCCCCCC(CCCCCCCCCC)CCCCCCCCCCCC
16-PE-01,16-PENTADECYLDOTRIACONTANE,999916-65-3,CCCCCCCCCCCCCCCCC(CCCCCCCCCCCCCCC)CCCCCCCCCCCCCCC
TETRA-06,"TETRATRIACONTANE,-17-HEXADECYL-",55256-07-0,CCCCCCCCCCCCCCCCCC(CCCCCCCCCCCCCCCC)CCCCCCCCCCCCCCCC
18-HE-01,18-HEPTADECYLHEXATRIACONTANE,999916-69-7,CCCCCCCCCCCCCCCCCCC(CCCCCCCCCCCCCCCCC)CCCCCCCCCCCCCCCCC
