smiles,ZC
C,0.286
CC,0.279
CCC,0.276
CCCC,0.274
CCCCC,0.27
CCCCCC,0.266
CCCCCCC,0.261
CCCCCCCC,0.256
CCCCCCCCC,0.255
CCCCCCCCCC,0.254
CCCCCCCCCCC,0.252
CCCCCCCCCCCC,0.251
CCCCCCCCCCCCC,0.247
CCCCCCCCCCCCCC,0.244
CCCCCCCCCCCCCCC,0.244
CCCCCCCCCCCCCCCC,0.243
CCCCCCCCCCCCCCCCC,0.244
CCCCCCCCCCCCCCCCCC,0.243
CCCCCCCCCCCCCCCCCCC,0.242
CCCCCCCCCCCCCCCCCCCC,0.243
CCCCCCCCCCCCCCCCCCCCC,0.242
CCCCCCCCCCCCCCCCCCCCCC,0.24
CCCCCCCCCCCCCCCCCCCCCCC,0.24
CCCCCCCCCCCCCCCCCCCCCCCC,0.239
CCCCCCCCCCCCCCCCCCCCCCCCC,0.24
CCCCCCCCCCCCCCCCCCCCCCCCCC,0.238
CCCCCCCCCCCCCCCCCCCCCCCCCCC,0.239
CCCCCCCCCCCCCCCCCCCCCCCCCCCC,0.237
CCCCCCCCCCCCCCCCCCCCCCCCCCCCC,0.238
CCCCCCCCCCCCCCCCCCCCCCCCCCCCCC,0.237
CCCCCCCCCCCCCCCCCCCCCCCCCCCCCCC,0.208094
CCCCCCCCCCCCCCCCCCCCCCCCCCCCCCCC,0.236
CCCCCCCCCCCCCCCCCCCCCCCCCCCCCCCCC,0.21169
CCCCCCCCCCCCCCCCCCCCCCCCCCCCCCCCCC,0.204521
CCCCCCCCCCCCCCCCCCCCCCCCCCCCCCCCCCC,0.20429
CCCCCCCCCCCCCCCCCCCCCCCCCCCCCCCCCCCC,0.237
CCCCCCCCCCCCCCCCCCCCCCCCCCCCCCCCCCCCC,0.20315
CCCCCCCCCCCCCCCCCCCCCCCCCCCCCCCCCCCCCC,0.202473
CCCCCCCCCCCCCCCCCCCCCCCCCCCCCCCCCCCCCCC,0.192559
CCCCCCCCCCCCCCCCCCCCCCCCCCCCCCCCCCCCCCCC,0.199448
CCCCCCCCCCCCCCCCCCCCCCCCCCCCCCCCCCCCCCCCC,0.191675
CCCCCCCCCCCCCCCCCCCCCCCCCCCCCCCCCCCCCCCCCC,0.19913
CCCCCCCCCCCCCCCCCCCCCCCCCCCCCCCCCCCCCCCCCCC,0.196561
CCCCCCCCCCCCCCCCCCCCCCCCCCCCCCCCCCCCCCCCCCCC,0.203789
CCCCCCCCCCCCCCCCCCCCCCCCCCCCCCCCCCCCCCCCCCCCCCCCCC,0.192831
CCCCCCCCCCCCCCCCCCCCCCCCCCCCCCCCCCCCCCCCCCCCCCCCCCCC,0.152098
CCCCCCCCCCCCCCCCCCCCCCCCCCCCCCCCCCCCCCCCCCCCCCCCCCCCCCCCCCCC,0.202807
CCCCCCCCCCCCCCCCCCCCCCCCCCCCCCCCCCCCCCCCCCCCCCCCCCCCCCCCCCCCCCCC,0.192657
CCCCCCCCCCCCCCCCCCCCCCCCCCCCCCCCCCCCCCCCCCCCCCCCCCCCCCCCCCCCCCCCCCCCCCCCCCCCCCCCCCCCCCCCCCCCCC,0.154642
CC(CCC(CCCCC(CCC(C)CC(C)(C)C)CCC(C)CC(C)(C)C)CCC(C)CC(C)(C)C)CC(C)(C)C,0.159178
CCCCCCCCCCCCCC(CCCCCCCCCCCC)CCCCCCCCCCCC,0.185553
CCCCCCCCCCCCC(CCCCCCCCCCCC)CCCCCCCCCCCC,0.170623
CCCCCCCCCCCCC(CCCCCCCCCCC)CCCCCCCCCCCC,0.184226
CCCCCCCCCCCCCCCC(CCCC)CCCCCCCCCCCCCCC,0.174624
CCCCCCCCCCCCCCCCCC(CCCCCCCC)CCCCCCCC,0.165504
CCCCCCCCCCCCCC(CCCCCCCCCC)CCCCCCCCCC,0.176512
CCCCCCCCCCCC(CCCCCCCCCCC)CCCCCCCCCCC,0.174776
CCCCCCCCCCCCCCCC(CC)CCCCCCCCCCCCCCC,0.177227
CCCCCCCCCCCCCCCC(CCCCCCCC)CCCCCCCC,0.194658
CCCCCCCCC(CCC)C(CCC)C(CCC)C(CCC)CCCCCCCC,0.180605
CCCCCCCCCCCC(CCCCCCCCCC)CCCCCCCCCC,0.185317
CCCCCCCCCCC(CCCCCCCCCC)CCCCCCCCCC,0.178136
CCCCCCCCCCCCCC(CCCCCCCC)CCCCCCCC,0.18096
CCCCCCCCCCC(CCCCCCCCC)CCCCCCCCCC,0.191625
CC(C)CCCC(C)CCCC(C)CCCCC(C)CCCC(C)CCCC(C)C,0.211
CCCCCCCCCCC(CCCCCCCCC)CCCCCCCCC,0.194983
CCCCCCCCCCC(CCCCCCCC)CCCCCCCCC,0.198498
CCCCCCCCCCCCCCCC(CCCCCC)CCCCCC,0.199938
CCCCCCCCCCCC(CCCCCCCC)CCCCCCCC,0.203236
CC(CCC(CCC(C)CC(C)(C)C)CCC(C)CC(C)(C)C)CC(C)(C)C,0.192196
CCCCCCCCCC(CCCCCCCCC)CCCCCCCCC,0.203198
CCCCCCCCCCC(CCCCCCCC)CCCCCCCC,0.195591
CCCCCCCCCCC(CCCCCCC)CCCCCCCCC,0.201874
CCCCCCCCCCCCCCCCCC(CCCC)CCCC,0.195965
CCCCCCCCCCCCCCCCCCCCCC(CC)CC,0.230013
CCCCCCCCCCCC(CCCC)CCCCCCCCCC,0.19722
CCCCCC(CC)CCC(CCCCC)CCC(CC)CCCCC,0.20319
CCCCCCCCCCCCCC(CCCC)CCCCCCCC,0.20087
CCCCCCCCC(C)CCC(C)CCC(C)CCCCCCCC,0.20142
CCCCCCCCCCCCCC(CCCCCC)CCCCCC,0.202416
CCCCCC(CCC)CCC(CCC)CCC(CCC)CCCCC,0.20854
CCCCCCCCCCCCCCCC(CCCC)CCCCCC,0.203461
CCCCCCCCCCCCCC(CC(CC)CC)CC(CC)CC,0.1976
CCCCCC(CCCCC(CCCCC)CCC(C)C)CCC(C)C,0.201726
CCCCCCCCCCC(CCCCC)CCCCCCCCCC,0.212145
CCCCCCCCCCC(CCCCCCCCCC)CC(C)(C)C,0.201004
CCCCCCCCCCC(CCCCCC)CCCCCCCCC,0.205073
CCCCCCCCC(CCCCCCCC)CCCCCCCC,0.204005
CCCCCCCCCCC(CCCCC)CCCCCCCCC,0.20936
CCCCCCCCC(CCCCCCC)CCCCCCCC,0.208177
CCCCCCCCCCCCCCCCC(CCC)CCCC,0.214222
CCCCCCCCCCCC(CCCCCC)CCCCCC,0.211028
CCCC(C)CCCC(C)CCCCC(C)CCCC(C)CCC,0.216734
CCCCCCCCCCCCCCCC(CCCC)CCCC,0.214369
CCCCCCC(CCCC)CC(C)(CCCC)CCCCCC,0.18538
CCCCCCC(CCC(C)C)C(CCCCCC)CCC(C)C,0.185059
CCCCCCCCCCCCCCCC(C)CC(C)CC(C)C,0.210902
CCCCCCCCC(CCCCCC)CCCCCCCC,0.21718
CCCCCCCCCCCCCCC(C)CC(C)CC(C)C,0.214272
CCCCCCCC(CCCCCCC)CCCCCCC,0.2176
CCCCCCCCCCCCCCCC(CCC)CCC,0.22117
CCCCCCCC(CCCCCC)CCCCCCC,0.219719
CCCCCCCCC(CCCCCC)CCCCCC,0.216516
CCCCCCCCCCCCCC(CCC)CCC,0.212793
CCCCCC(CC)CC(CC)CC(CC)CCCC,0.204615
CCC(C)CCCC(C)CCCC(C)CCCC(C)C,0.235203
CC(C)CCCC(C)CCCCC(C)CCCC(C)C,0.195404
CCCCCCC(C)C(C)C(C)C(C)CCCCCC,0.213419
CCCCCCCCCCCC(CCCC)CCCC,0.21114
CCCCCCCCCCCCCCCC(CC)CC,0.221232
CC(C)(C)CCCCCCCCCCCCC(C)(C)C,0.199399
CCCCCCCCCCC(CCCC)CCCC,0.224075
CC(C)CCCC(C)CCCC(C)CCCC(C)C,0.233182
CCCCC(C)CCCC(C)CCCC(C)CCC,0.216827
CCC(C)(C)CCCC(C)CCCC(C)(C)CC,0.231772
CCCCCCCC(CCC)CCCCCCC,0.22945
CC(CCCCC(C)CC(C)(C)C)CC(C)(C)C,0.210186
CC(C)(C)C(C(C(C)(C)C)C(C)(C)C)C(C)(C)C,0.181705
CCCCCCC(CCCCC)CCCCC,0.230253
CCCCCCC(CCCC)CCCCCC,0.233206
CCCCCCCCCCC(CCC)CCC,0.231887
CCCCCCC(CCC)CCCCCC,0.228236
CC(C)CCCC(C)C(C)CCCC(C)C,0.22371
CCCCCC(CCCCC)CCCCC,0.229098
CCC(CC)(CC)CCC(CC)(CC)CC,0.243471
CCC(C)(C)CCCCCCC(C)(C)CC,0.228869
CC(CCCC(C)(C)C)CCCC(C)(C)C,0.223589
CCCCC(CCCC)(CCCC)C(C)C,0.237426
CCCCCCCCCCCC(CC)CC,0.230173
CCC(C)CCCCC(C)CCCC(C)C,0.21783
CC(C)(C)C(C)(C)CCC(C)(C)C(C)(C)C,0.248957
CC(CC(C)(C)C)CC(C)(C)CC(C)(C)C,0.236
CC(C)CCCCC(C)CCCC(C)C,0.227221
CCC(C)CCCC(C)CCCC(C)C,0.237088
CCC(C)C(C)(C)CC(C)(C)C(C)CC,0.235191
CC(C)CC(C)(C)CC(C)(C)CC(C)C,0.243824
CCC(C)(C)C(C)(C)CC(C)CC(C)C,0.23771
CCCCCCC(CCC)CCCCC,0.23459
CCCCC(C)(C)CC(C)(C)CCCC,0.242743
CCCC(C)(CC)CC(C)(CC)CCC,0.245595
CCC(C)(C)C(C)(C)CC(C)(C)C(C)C,0.244766
CC(C)(C)CCCCCCC(C)(C)C,0.237623
CC(C)C(C)(C)CC(C)(C)C(C)(C)C,0.258095
CCC(CC(C)C)C(CC)CC(C)C,0.240834
CCC(CC)(CC)C(CC)(CC)CC,0.249574
CCCCCCC(CCC)CCCC,0.240964
CC(C)CC(C)(C)C(C)(C)CC(C)C,0.252597
CCCCCCCC(CCC)CCC,0.237656
CC(C)CCC(CC(C)C)CC(C)C,0.234777
CCCC(C)(CC)C(C)(CC)CCC,0.256821
CC(C)(C)C(C)(C)C(C)(C)C(C)(C)C,0.271511
CCCCCCCCCC(CC)CC,0.249
CCCCC(CCCC)CCCC,0.26464
CCCC(C)(C)CC(C)(C)CCC,0.253752
CCC(C)(CC)CC(C)(CC)CC,0.256309
CCCCC(C)CC(C)CC(C)C,0.275711
CCC(C)CCC(C)CC(C)CC,0.236771
CCCCCCC(CCC)CCC,0.241336
CCCCC(C)(CC)CC(C)CC,0.251752
CCC(CC)CC(C)CC(C)(C)C,0.239829
CC(C)CCCC(C)CCC(C)C,0.243124
CCCCC(C)(CC)CC(C)CC,0.251752
CC(C)(C)C(C(C)(C)C)C(C)(C)C,0.272557
CC(CCC(C)(C)C)CC(C)(C)C,0.247343
CC(CC(C)(C)C)CC(C)(C)C,0.260232
CCCCCC(C)CC(C)(C)C,0.247584
CC(C(C)C(C)(C)C)C(C)(C)C,0.249604
CCC(C)(C)CCCC(C)(C)C,0.260826
CC(C)(C)CCCCC(C)(C)C,0.260347
CCC(C)C(C)CC(C)C(C)C,0.252747
CCC(C)CC(C)(CC)C(C)C,0.25506
CC(C)C(C)CCC(C)C(C)C,0.259553
CC(C)CCC(C)(C)CC(C)C,0.262022
CC(C)CC(C)CCC(C)(C)C,0.250573
CCCC(C)CC(C)CC(C)C,0.291008
CC(C)CC(C)C(C)CC(C)C,0.250918
CC(C)CC(C)(C)CC(C)(C)C,0.259397
CCCCCC(CC)CCCC,0.241133
CC(C)CCC(C(C)C)C(C)C,0.256495
CCCCC(CCC)CCCC,0.252542
CCCC(C)(CC)CC(C)CC,0.259529
CCCC(CC(C)C)CC(C)C,0.244772
CCCCCCCC(CC)CC,0.236079
CCC(C)(C)CCC(C)(C)CC,0.261512
CCCC(C)(C)CCCC(C)C,0.250071
CC(C)CCC(C)CCC(C)C,0.253831
CC(C)C(C)CC(C)C(C)(C)C,0.255695
CCCC(C)(CCC)C(C)(C)C,0.27337
CC(C)(C)CC(C)(C)C(C)(C)C,0.276199
CC(C)CC(C)CC(C)(C)C,0.263201
CC(C)CCCC(C)C(C)C,0.255996
CC(C)CC(C)(C)CC(C)C,0.26699
CCC(C)CC(C)CC(C)C,0.311113
CCC(C)CC(C)(CC)CC,0.260083
CCCCC(CC)CCCC,0.250577
CCCCC(CCC)CCC,0.255263
CCCCCC(CC)CCC,0.24082
CCC(C)(C)CCC(C)(C)C,0.266396
CCCCCCC(CC)CC,0.2339
CCC(C)(C)CC(C)(C)CC,0.267253
CC(C)CCC(C)CC(C)C,0.258556
CCCC(C)(CC)CC(C)C,0.275653
CCCCC(C)(C)CC(C)C,0.264545
CCCCC(C)CC(C)(C)C,0.259359
CC(CC(C)(C)C)C(C)(C)C,0.261393
CC(C)C(C)(C)CC(C)(C)C,0.263389
CCCC(C)(C)CC(C)(C)C,0.266385
CCCCC(C)(C)C(C)(C)C,0.266191
CC(C)CC(C)(C)C(C)(C)C,0.269646
CCCC(C)(CC)CC(C)C,0.25719
CCCCC(C)C(C)(C)C,0.258711
CC(C(C)(C)C)C(C)(C)C,0.256156
CC(C)C(C)CC(C)(C)C,0.267884
CCCCC(C)(C)C(C)C,0.265954
CC(C)CCCC(C)(C)C,0.268788
CCC(C)CCC(C)(C)C,0.259101
CCCC(C)CC(C)(C)C,0.263791
CCC(C)(C)CC(C)(C)C,0.269
CCCC(C)C(C)C(C)C,0.263357
CCCC(C)(C)CC(C)C,0.270337
CCC(C)(C)C(C)(C)CC,0.265862
CCCC(C)(C)C(C)CC,0.265525
CCCC(C)(CC)C(C)C,0.281299
CCC(C)C(C)(CC)CC,0.277443
CCC(CC)C(C)(C)CC,0.268214
CCCC(CCC)CCC,0.258608
CCCCC(CC)CCC,0.261706
CCC(CC)C(C)C(C)C,0.263902
CCCCCC(CC)CC,0.252099
CCC(CC(C)C)C(C)C,0.26245
CCC(C)C(CC)C(C)C,0.263902
CCCC(CC)C(C)(C)C,0.262198
CCC(C)(CC)C(C)(C)C,0.276804
CCC(C)C(C)C(C)CC,0.263902
CCC(CC)(CC)C(C)C,0.288994
CCCC(C)C(C)(C)CC,0.265525
CCC(C)(C)CCC(C)C,0.267453
CC(C)CC(C)CC(C)C,0.264902
CCC(C)C(C)CC(C)C,0.262455
CC(C)CCC(C)C(C)C,0.263685
CCC(C)CC(C)C(C)C,0.262865
CCC(CC)CC(C)(C)C,0.261195
CC(C)C(C)(C)C(C)(C)C,0.265134
CC(C)(C)CCC(C)(C)C,0.265
CCC(C)CC(C)(C)CC,0.264
CCCC(C)(C)C(C)(C)C,0.27
CCC(C)(CC)C(C)C,0.296118
CCC(C)C(C)C(C)C,0.265529
CCCC(C)(C)C(C)C,0.273225
CCC(C)C(C)(C)CC,0.271468
CCCC(C)C(C)(C)C,0.2913
CCCC(CC)CCC,0.26882
CC[C@H](C)[C@H](C)C(C)C,0.273325
CCC(C)CC(C)(C)C,0.269539
CC(C)CC(C)C(C)C,0.269798
CC[C@@H](C)[C@H](C)C(C)C,0.273325
CC(C)C(C)C(C)(C)C,0.259
CC(C)(C)CC(C)(C)C,0.263
CCC(CC)C(C)(C)C,0.268
CC(C)C(C)(C)C(C)C,0.265
CCC(C)(C)CC(C)C,0.26
CCC(CC)(CC)CC,0.249
CCCCC(CC)CC,0.257
CCC(C(C)C)C(C)C,0.264
CC(C)CCC(C)(C)C,0.255
CCC(C)(C)C(C)(C)C,0.259
CCC(C)(C)C(C)C,0.269
CCCC(CC)CC,0.253
CCC(CC)C(C)C,0.253
CCC(C)(CC)CC,0.267
CC(C)C(C)C(C)C,0.267
CCC(C)C(C)(C)C,0.254
CC(C)CC(C)(C)C,0.266
CC(C)(C)C(C)(C)C,0.28
CCC(CC)CC,0.267
CC(C)C(C)(C)C,0.266
CCCCCCCCCCCCC\C=C/CCCCCCCC,0.192136
CCCCCCCCCCCCC\C=C\CCCCCCCC,0.192125
CCCCCCCCCCCCCCCCC/C=C/C,0.203404
CCCCCCCCCCCCCCCCC/C=C/C,0.258
CCCCCCCCCC/C=C/CCCCCC,0.23847
CCCCCCCCCCCCC\C=C/CCC,0.230489
CCCCCCCC\C=C/CCCCCCCC,0.252101
CCCCCCCCCCC/C=C/CCCCC,0.229602
CCCCCCCCCCC\C=C/CCCCC,0.230366
CCCCCCCCCCCC\C=C/CCCC,0.230493
CCCCCCCCC\C=C/CCCCCCC,0.229223
CCCCCCCCCCCCCCC\C=C/C,0.230036
CCCCCCCC/C=C/CCCCCCCC,0.205892
CCCCCCCCCCCCCCC/C=C/C,0.229753
CCCCCCCCCC\C=C/CCCCCC,0.224601
CCCCCCCCCCCCC/C=C/CCC,0.229898
CCCCCCCCC=CCCCCCCC,0.229024
CCCCCCCCCCCCCC=CC,0.227588
CCCCCCCCCC=CCCCCC,0.228206
CCCCCCCCCCCCC=CC,0.230663
CCCCCCCC=CCCCCCC,0.235294
CCCCCCCCCCCC/C=C/C,0.252
CCCCCCCCCCCC=CC,0.235773
CCCCCC\C=C\CCCCCC,0.238118
CCCCCC\C=C/CCCCC,0.24616
CCCCCCC/C=C/CCC,0.233243
CCCCC\C=C\CCCCC,0.236681
CCCCCCCCCC=CC,0.244722
CCCCCCCC=CCCC,0.250938
CCCCC/C=C/CCCCC,0.245186
CCCCCCC\C=C/CCC,0.233243
CC1(OC2CC3C4CCC5=CC(=O)CCC5(C)C4(F)C(O)CC3(C)C2(O1)C(=O)CBr)c6ccccc6,0.233243
CCCCCC/C=C/CCCC,0.233243
CCCCC\C=C/CCCCC,0.236147
CCCCCCCC\C=C\CC,0.25212
CCCCCCCCC\C=C/C,0.249
CCCCCCCCC/C=C/C,0.249
CCCCCC=CCCCC,0.247439
CCCCCCC=CCCC,0.252798
CCCCCC\C=C/CCC,0.241843
CCCCC\C=C\CCCC,0.241843
CCCCCCCCC=CC,0.252908
CCCCCCC\C=C/CC,0.241843
CCCCC\C=C/CCCC,0.241843
CCCCCCCC\C=C\C,0.242971
CCCCCC\C=C\CCC,0.241843
CCCCCCC/C=C/CC,0.241843
CCCCCCCC\C=C/C,0.242971
CCCCC\C=C\CCC,0.248637
CCCCCC\C=C/CC,0.251348
CCCCCC\C=C\CC,0.246937
CCCCC\C=C/CCC,0.254549
CCCC\C=C\CCCC,0.256598
CCCCCC=CCCC,0.254474
CCCC\C=C\CCCC,0.248757
CCCC\C=C\CCCC,0.252205
CCCCCCC=CCC,0.252743
CCCCCCCC=CC,0.259022
CCCCCCC\C=C/C,0.249
CCCCCCC\C=C/C,0.25
CCCC/C=C/CCC,0.260018
CCCCC\C=C/CC,0.251774
CCCC/C=C/CCC,0.257067
CCCCCC=CCC,0.259887
CCCC\C=C/CCC,0.265453
CCCCCC\C=C/C,0.25
CCCCC\C=C/CC,0.26249
CCCCCC\C=C/C,0.25
CCCCCC\C=C\C,0.251
CCCCC\C=C/C,0.26276
CCC/C=C/CCC,0.265524
CCCC\C=C\CC,0.267103
CCCC\C=C\CC,0.26
CCC/C=C/CCC,0.26
CCC\C=C/CCC,0.253
CCCCC\C=C/C,0.252
CCCCC\C=C\C,0.252
CCCC\C=C/CC,0.252
CCC\C=C\CC,0.269078
CCCC\C=C\C,0.254
CCCC\C=C\C,0.254
CCCC\C=C/C,0.253
CCC\C=C\CC,0.258
CCC\C=C/CC,0.264
CCC\C=C/C,0.271095
CC\C=C\CC,0.281566
CC\C=C\CC,0.263
CCC\C=C/C,0.256
CCC\C=C\C,0.258
CC\C=C/CC,0.263
CC\C=C/C,0.269972
CC\C=C/C,0.269
CC\C=C\C,0.272
C\C=C/C,0.272
C\C=C\C,0.274
C\C=C/C,0.272
CCCCCCCCCCCCCCCCCCCCCCCCCCCCCCCCCCCCCCC=C,0.238
CCCCCCCCCCCCCCCCCCCCCCCCCCCCCCCCCCC=C,0.241
CCCCCCCCCCCCCCCCCCCCCCCCCCCCC=C,0.244
CCCCCCCCCCCCCCCCCCCCCCCCCCCC=C,0.161636
CCCCCCCCCCCCCCCCCCCCCCCCCCC=C,0.244
CCCCCCCCCCCCCCCCCCCCCCCCCC=C,0.173501
CCCCCCCCCCCCCCCCCCCCCCCCC=C,0.245
CCCCCCCCCCCCCCCCCCCCCCC=C,0.246
CCCCCCCCCCCCCCCCCCCCCC=C,0.190325
CCCCCCCCCCCCCCCCCCCCC=C,0.247
CCCCCCCCCCCCCCCCCCCC=C,0.198405
CCCCCCCCCCCCCCCCCCC=C,0.247
CCCCCCCCCCCCCCCCCC=C,0.248
CCCCCCCCCCCCCCCCC=C,0.248
CCCCCCCCCCCCCCCC=C,0.249
CCCCCCCCCCCCCCC=C,0.249
CCCCCCCCCCCCCC=C,0.25
CCCCCCCCCCCCC=C,0.245
CCCCCCCCCCCC=C,0.248
CCCCCCCCCCC=C,0.251
CCCCCCCCCC=C,0.253
CCCCCCCCC=C,0.253
CCCCCCCC=C,0.258
CCCCCCC=C,0.262
CCCCCC=C,0.263
CCCCC=C,0.267
CCCC=C,0.27
CCC=C,0.278
CC=C,0.281
C=C,0.281
CCCCCCCCCCCCCCCCCCC#C,0.218629
CCCCCCCCCCCCCCCCCC#C,0.209437
CCCCCCCCCCC#CCCCCCC,0.229606
CCCCCCCCCCCCC#CCCCC,0.231982
CCCCCCCCCCCCCCC#CCC,0.208888
CCCCCCCCCC#CCCCCCCC,0.228353
CCCCCCCCC#CCCCCCCCC,0.236677
CCCCCCCCCCCCCCCCC#C,0.240591
CCCCCCCCCCCC#CCCCCC,0.228389
CCCCCCCCCCCCCC#CCCC,0.228489
CCCCCCCCCCCCCCCC#CC,0.213137
CCCCCCCCCCCCCCCC#C,0.219885
CCCCCCCCCCCCCC#CC,0.221112
CCCCCCCCCCCCCCC#C,0.250034
CCCCCCCCCCCCCC#C,0.219137
CCCCCCCCC=C(C)C#CC=C,0.237274
CCCCCCC#CCCCCCC,0.22018
CCC(C)CCC#CCCC(C)CC,0.218294
CCCCCCCCCCCC#CC,0.247713
CCCCCCCCCCCCC#C,0.232305
CCC(C)CCCC#CCC(C)CC,0.218517
CC(C)(C)C#CC(C)(C)C(C)(C)C,0.270499
CCCCCCCCCCCC#C,0.242345
CCCCC#CCC#CCCCC,0.276736
C#CCCCCCCCCCC#C,0.246514
CC(C)CCC#CCCC(C)C,0.24837
CCCCCCCCCC#CC,0.240144
CCCCCCCCCCC#C,0.250338
CCCCCCCCC#CCC,0.26048
CCCCCC#CC(C)(C)CC,0.257077
CCCCCC#CCCCCC,0.254387
CC(C)(C)C#CC#CC(C)(C)C,0.28223
CC(C)(CCC(C)(C)C#C)C#C,0.275946
CCCCC#CC#CCCCC,0.247723
CCC#CCCCCC#CCC,0.240405
CCCCCCCCCC#C,0.251986
CCCCCCCCC#CC,0.249488
CCCCC#CC(C)(C)CC,0.26485
CCCCCC#CCCCC,0.255528
CCCCCCCC#CC=C,0.238983
C#CCCCCCCCC#C,0.274832
CCCCC#CC#CC(C)=C,0.268058
C=CCC(CC=C)(C=C)C#C,0.273494
C#CC#CC#CC#CC#CC#C,0.234633
CC(C)CC#CCC(C)C,0.259847
CCCCC#CCCCC,0.259722
CCCC#CCCC(C)C,0.261389
CCCCC#CC(C)(C)C,0.270018
CCCCCCC#CCC,0.261636
CC#CC(C)(C)C(C)(C)C,0.269069
CC(C)(C)C#CC(C)(C)C,0.305446
CCC#CC(C)(CC)CC,0.272806
CCCCCC#CCCC,0.254653
CCCCCCCCC#C,0.254
CCCCC#CCC(C)=C,0.251143
CCCCCCC#CC=C,0.24628
CCCCCC\C=C/C#C,0.247285
CCCCCCC#CC,0.25291
CCCCCC#CCC,0.304303
CCC#CC(C)(C)CC,0.272095
CCCCC#CCCC,0.254377
CC(C)CC#CC(C)C,0.265557
CC(C)C#CC(C)(C)C,0.297588
CCCCC#CC(C)C,0.273262
CCC#CCCC(C)C,0.264802
CCCCCCCC#C,0.261
CC#CCCCC#CC,0.241576
C#CCCCCCC#C,0.263328
CC=C(C)C#CC(C)=C,0.253974
CC(C=C)=CC#CC=C,0.273346
CCCCC#CCC,0.265554
CCCCCC#CC,0.252588
CCC#CC(C)(C)C,0.292106
CCC(C)(CC)C#C,0.27354
CCCC#CCCC,0.251626
CCCCCCC#C,0.267
CCCCC#CC=C,0.265303
CC#CCCC#CC,0.238518
CC(C)(C)C#CC#C,0.318535
CCCCC#CC#C,0.245846
C#CCCCCC#C,0.265772
CCC#CC#CCC,0.253802
C=CC=CC#CC=C,0.275501
COC(=O)CN1C(=S)SC(=C\c2ccc(cc2)N(C)C)/C1=O,0.348334
CCC(C)CC#C,0.272094
CCC(C)C#CC,0.256429
CC(C)CCC#C,0.274043
CCCC#CCC,0.252744
CCC#CC(C)C,0.257716
CCCCC#CC,0.254035
CC#CC(C)(C)C,0.284933
CC#CCC(C)C,0.258761
CCC(C)(C)C#C,0.270452
CCCCCC#C,0.273
CCC=C(C)C#C,0.252967
CCCC#CC=C,0.267345
CC=C(C)C#CC,0.262677
CC#CCCC#C,0.252132
C#CCCCC#C,0.248528
CC(C)(C#C)C#C,0.30452
CC(=C)C#CC=C,0.261248
C=CCC#CC#C,0.292109
CC#CC(C)C,0.260469
CCC(C)C#C,0.274277
CC(C)CC#C,0.260575
CC(C)(C)C#C,0.289
CCCCC#C,0.272
CCCC#CC,0.256
CCC#CCC,0.258
CCC#CC=C,0.266092
C/C=C(/C)C#C,0.254772
C=CCCC#C,0.273738
CC=CC#CC,0.272405
CC/C=C/C#C,0.281486
CCC#CC#C,0.271879
C=CC#CC=C,0.271015
C#CCCC#C,0.250258
CC#CC#CC,0.284277
CC#CCC#C,0.257894
C=C/C=C/C#C,0.27275
C#CC#CC#C,0.34879
CCC#CC,0.258
CCCC#C,0.289
CC(C)C#C,0.3
C/C=C/C#C,0.26748
C/C=C/C#C,0.266177
C\C=C/C#C,0.275553
C=CCC#C,0.269
CC(=C)C#C,0.266
CC#CC=C,0.261
CC#CC#C,0.27493
CCC#C,0.262
CC#CC,0.274
C=CC#C,0.264
C#CC#C,0.301512
CC#C,0.276
C#C,0.268
CCCCCCCCCCCCC(C)CCCCCCCCCCCC,0.208835
CCCCCCCCCCCCCCCCCCCCCC(C)C,0.216607
CCCCCCCCCCCCCCCCCCC(C)CCCC,0.283669
CCCCCCCCCCCCCCCCCCC(C)CC,0.277531
CCCCCCCCCCCCCCCC(C)CCCC,0.252167
CCCCCCCCCCCCCCCCCC(C)CC,0.341054
CCCCCCCCCCC(C)CCCCCCCCC,0.219415
CCCCCCCCCCCCCCCCCC(C)C,0.282767
CCCCCCCCCCCCCCC(C)CCCC,0.264181
CCCCCCCCCCCCCCCCC(C)CC,0.256965
CCCCCCCCCCC(C)CCCCCCC,0.228198
CCCCCCCCCCCC(C)CCCCCC,0.22782
CCCCCCCCCCCCCCCCC(C)C,0.263107
CCCCCCCCCC(C)CCCCCCCC,0.228239
CCCCCCCCCCCCC(C)CCCCC,0.228213
CCCCCCCCCCCCCCC(C)CCC,0.230421
CCCCCCCCCCCCCCCC(C)CC,0.285697
CCCCCCCCC(C)CCCCCCCC,0.215808
CCCCCCCCCCCCCCCC(C)C,0.232243
CCCCCCCCCCCCCCC(C)CC,0.271717
CCCCCCCCCCCCC(C)CCCC,0.231663
CCCCCCCCCCCCCCC(C)C,0.258123
CCCCCCCCCC(C)CCCCCC,0.233516
CCCCCCCCCCCCCC(C)CC,0.277227
CCCCCCCCCCCCC(C)CCC,0.225692
CCCCCCCCCCCC(C)CCC,0.244052
CCCCCCCCCC(C)CCCCC,0.230312
CCCCCCCCCCCCC(C)CC,0.259115
CCCCCCCCCCCCCC(C)C,0.241839
CCCCCCCC(C)CCCCCCC,0.225106
CCCCCCCCC(C)CCCCCC,0.225876
CCCCCCCCCCC(C)CCCC,0.230887
CCCCCCCCCCCCC(C)C,0.229475
CCCCCCCC(C)CCCCCC,0.235187
CCCCCCCCC(C)CCCCC,0.232166
CCCCCCCCCC(C)CCCC,0.255068
CCCCCCCCCCC(C)CCC,0.2323
CCCCCCCCCCCC(C)CC,0.265675
CCCCCCC(C)CCCCCC,0.251457
CCCCCCCC(C)CCCCC,0.235386
CCCCCCCCCC(C)CCC,0.245614
CCCCCCCCC(C)CCCC,0.255512
CCCCCCCCCCCC(C)C,0.244
CCCCCCCCCCC(C)CC,0.244
Cc1ccc(O)c(NC(=O)c2ccc(cc2)c3ccccc3)c1,0.24325
CCCCCCCCC(C)CCC,0.341483
CCCCCCCC(C)CCCC,0.240792
CCCCCCCCCC(C)CC,0.247
CCCCCCCCCCC(C)C,0.247
CCCCCCC(C)CCCC,0.275832
CCCCCCCC(C)CCC,0.246326
CCCCCCCC[C@@H](C)CC,0.235206
CCCCCCCCC(C)CC,0.249
CCCCCCCCCC(C)C,0.25
CCCCCC(C)CCCC,0.257463
CCCCCCC(C)CCC,0.270772
CCCCCCCCC(C)C,0.253
CCCCCCCC(C)CC,0.252
CCCCCC[C@@H](C)CC,0.254139
CCCCCC[C@@H](C)CC,0.254139
CCCCCCC(C)CC,0.252678
CCCCCCC(C)CC,0.247
CCCCCCCC(C)C,0.244
CCCCCC(C)CCC,0.248
CCCCC(C)CCCC,0.248
CCCC[C@H](C)CCC,0.257505
CCCCC(C)CCC,0.25
CCCCCC(C)CC,0.252
CCCCCCC(C)C,0.258
CCCC[C@@H](C)CC,0.261267
CCCCCC(C)C,0.262
CCCC(C)CCC,0.259
CCCCC(C)CC,0.253
CCCC(C)CC,0.271234
CCCC(C)CC,0.255
CCCCC(C)C,0.262
CCC(C)CC,0.274
CCCC(C)C,0.27
CCC(C)C,0.27
CC(C)C,0.278
CCCCCCCCCCCCCCCCC=C(C)C,0.225239
CCCCCCCCCCCCCCCCCC(C)=C,0.225431
CCCCCCCCCCCCCCCC(C)=CC,0.229702
CCCCCCCCCCCCCCC=C(C)C,0.235727
CCCCCCCCC(C)=CCCCCCCC,0.230751
CCCCCCCCCCCCCC(C)=C,0.226077
CCCCCCCCCCCC(C)C=C,0.242367
CCCCCCCCCCCC(C)=C,0.236253
CCCCCC/C(C)=C/CCCCC,0.243314
CCCCCCCCCCC=C(C)C,0.243508
CCCCCCCCCC(C)=C,0.244296
CCCCCC(C)=CCCCC,0.248769
CCCCCC=CCC(C)C,0.257191
CCCCCC[C@@H](C)CC=C,0.253103
CCCCCC(C)=CCCC,0.252039
CCCCCCC(C)CC=C,0.243117
CCCCCCC(C)CC=C,0.249584
CCCCCC=CC(C)C,0.262934
CCCC/C(C)=C/CCC,0.250605
CCCCCCC=C(C)C,0.266415
CCCCCCCC(C)=C,0.236
CC(C)CCCCCC=C,0.24
CCCCC(C)C=CC,0.264796
CCCCCC=C(C)C,0.273083
CCCCC=CC(C)C,0.268676
CC=CCCCC(C)C,0.262238
CCCCCC(C)=CC,0.256606
CCCC=C(C)CCC,0.252829
CC/C=C/CCC(C)C,0.268895
CCCC=CCC(C)C,0.257548
CCCCCCC(C)=C,0.245
CC(C)CCCCC=C,0.251
CCCC\C(C)=C\C,0.258949
CCCCC(C)C=C,0.256207
CCC\C=C\C(C)C,0.276499
CC/C=C/CC(C)C,0.272733
CC=CCCC(C)C,0.267631
CCC/C=C(C)/CC,0.258716
CCC\C(C)=C/CC,0.257813
CCCC(C)\C=C\C,0.276659
CCC(C)CCC=C,0.264943
CCC=CCC(C)C,0.272299
CCCCC=C(C)C,0.260564
CCC(CC)\C=C/C,0.26872
CCCCCC(C)=C,0.25
CCC[C@@H](C)CC=C,0.255
CC(C)CCCC=C,0.254
CC(=C)CC(C)(C)C,0.26476
CC/C=C/C(C)C,0.280137
CCC\C(C)=C/C,0.277254
CCC(C)\C=C/C,0.276617
C\C=C/CC(C)C,0.275156
CC\C=C(C)/CC,0.277606
CC\C=C/C(C)C,0.27826
CCC(C)\C=C\C,0.27612
CCC\C(C)=C\C,0.280832
CC/C=C(C)/CC,0.270379
CCCC=C(C)C,0.280576
CCC\C(C)=C\C,0.282948
C/C=C/CC(C)C,0.276696
CCCCC(C)=C,0.255
CC(C)CCC=C,0.26
CCC(C)CC=C,0.273
CCCC(C)C=C,0.267
C/C=C/C(C)C,0.267
CC[C@H](C)C=C,0.27146
CC\C(C)=C\C,0.259159
CCCC(C)=C,0.261
CCC=C(C)C,0.268
CCC(C)C=C,0.274
CC(C)CC=C,0.269
CC\C(C)=C\C,0.255
C\C=C/C(C)C,0.269
C/C=C/C(C)C,0.267
CC\C(C)=C/C,0.264
CC(C)C=C,0.286
CC=C(C)C,0.256
CCC(C)=C,0.26
CC(C)=C,0.275
