smiles,PC
C,45.99
CC,48.72
CCC,42.48
CCCC,37.96
CCCCC,33.7
CCCCCC,30.25
CCCCCCC,27.4
CCCCCCCC,24.9
CCCCCCCCC,22.9
CCCCCCCCCC,21.1
CCCCCCCCCCC,19.5
CCCCCCCCCCCC,18.2
CCCCCCCCCCCCC,16.8
CCCCCCCCCCCCCC,15.7
CCCCCCCCCCCCCCC,14.8
CCCCCCCCCCCCCCCC,14.0
CCCCCCCCCCCCCCCCC,13.4
CCCCCCCCCCCCCCCCCC,12.7
CCCCCCCCCCCCCCCCCCC,12.1
CCCCCCCCCCCCCCCCCCCC,11.6
CCCCCCCCCCCCCCCCCCCCC,11.1
CCCCCCCCCCCCCCCCCCCCCC,10.6
CCCCCCCCCCCCCCCCCCCCCCC,10.2
CCCCCCCCCCCCCCCCCCCCCCCC,9.8
CCCCCCCCCCCCCCCCCCCCCCCCC,9.5
CCCCCCCCCCCCCCCCCCCCCCCCCC,9.1
CCCCCCCCCCCCCCCCCCCCCCCCCCC,8.83
CCCCCCCCCCCCCCCCCCCCCCCCCCCC,8.5
CCCCCCCCCCCCCCCCCCCCCCCCCCCCC,8.26
CCCCCCCCCCCCCCCCCCCCCCCCCCCCCC,8.0
CCCCCCCCCCCCCCCCCCCCCCCCCCCCCCC,6.86782
CCCCCCCCCCCCCCCCCCCCCCCCCCCCCCCC,7.5
CCCCCCCCCCCCCCCCCCCCCCCCCCCCCCCCC,6.34515
CCCCCCCCCCCCCCCCCCCCCCCCCCCCCCCCCC,6.14704
CCCCCCCCCCCCCCCCCCCCCCCCCCCCCCCCCCC,5.963
CCCCCCCCCCCCCCCCCCCCCCCCCCCCCCCCCCCC,6.8
CCCCCCCCCCCCCCCCCCCCCCCCCCCCCCCCCCCCC,5.64651
CCCCCCCCCCCCCCCCCCCCCCCCCCCCCCCCCCCCCC,5.49194
CCCCCCCCCCCCCCCCCCCCCCCCCCCCCCCCCCCCCCC,5.32707
CCCCCCCCCCCCCCCCCCCCCCCCCCCCCCCCCCCCCCCC,5.19891
CCCCCCCCCCCCCCCCCCCCCCCCCCCCCCCCCCCCCCCCC,5.06232
CCCCCCCCCCCCCCCCCCCCCCCCCCCCCCCCCCCCCCCCCC,4.94011
CCCCCCCCCCCCCCCCCCCCCCCCCCCCCCCCCCCCCCCCCCC,4.82624
CCCCCCCCCCCCCCCCCCCCCCCCCCCCCCCCCCCCCCCCCCCC,4.81644
CCCCCCCCCCCCCCCCCCCCCCCCCCCCCCCCCCCCCCCCCCCCC,3.28938
CCCCCCCCCCCCCCCCCCCCCCCCCCCCCCCCCCCCCCCCCCCCCC,4.51678
CCCCCCCCCCCCCCCCCCCCCCCCCCCCCCCCCCCCCCCCCCCCCCCC,4.33644
CCCCCCCCCCCCCCCCCCCCCCCCCCCCCCCCCCCCCCCCCCCCCCCCCC,4.17354
CCCCCCCCCCCCCCCCCCCCCCCCCCCCCCCCCCCCCCCCCCCCCCCCCCC,4.09843
CCCCCCCCCCCCCCCCCCCCCCCCCCCCCCCCCCCCCCCCCCCCCCCCCCCC,4.02588
CCCCCCCCCCCCCCCCCCCCCCCCCCCCCCCCCCCCCCCCCCCCCCCCCCCCCC,3.8916
CCCCCCCCCCCCCCCCCCCCCCCCCCCCCCCCCCCCCCCCCCCCCCCCCCCCCCCC,3.76907
CCCCCCCCCCCCCCCCCCCCCCCCCCCCCCCCCCCCCCCCCCCCCCCCCCCCCCCCC,3.71241
CCCCCCCCCCCCCCCCCCCCCCCCCCCCCCCCCCCCCCCCCCCCCCCCCCCCCCCCCC,3.65732
CCCCCCCCCCCCCCCCCCCCCCCCCCCCCCCCCCCCCCCCCCCCCCCCCCCCCCCCCCCC,3.55624
CCCCCCCCCCCCCCCCCCCCCCCCCCCCCCCCCCCCCCCCCCCCCCCCCCCCCCCCCCCCCC,3.4605
CCCCCCCCCCCCCCCCCCCCCCCCCCCCCCCCCCCCCCCCCCCCCCCCCCCCCCCCCCCCCCCC,3.3737
CCCCCCCCCCCCCCCCCCCCCCCCCCCCCCCCCCCCCCCCCCCCCCCCCCCCCCCCCCCCCCCCCC,3.29363
CCCCCCCCCCCCCCCCCCCCCCCCCCCCCCCCCCCCCCCCCCCCCCCCCCCCCCCCCCCCCCCCCCC,3.25615
CCCCCCCCCCCCCCCCCCCCCCCCCCCCCCCCCCCCCCCCCCCCCCCCCCCCCCCCCCCCCCCCCCCC,3.2195
CCCCCCCCCCCCCCCCCCCCCCCCCCCCCCCCCCCCCCCCCCCCCCCCCCCCCCCCCCCCCCCCCCCCCC,3.15106
CCCCCCCCCCCCCCCCCCCCCCCCCCCCCCCCCCCCCCCCCCCCCCCCCCCCCCCCCCCCCCCCCCCCCCCC,3.08723
CCCCCCCCCCCCCCCCCCCCCCCCCCCCCCCCCCCCCCCCCCCCCCCCCCCCCCCCCCCCCCCCCCCCCCCCCC,3.02803
CCCCCCCCCCCCCCCCCCCCCCCCCCCCCCCCCCCCCCCCCCCCCCCCCCCCCCCCCCCCCCCCCCCCCCCCCCCC,2.97285
CCCCCCCCCCCCCCCCCCCCCCCCCCCCCCCCCCCCCCCCCCCCCCCCCCCCCCCCCCCCCCCCCCCCCCCCCCC,2.82863
CCCCCCCCCCCCCCCCCCCCCCCCCCCCCCCCCCCCCCCCCCCCCCCCCCCCCCCCCCCCCCCCCCCCCCCCCCCCCCCCCCCCCCCCCCCCCC,2.61093
CCCCCCCCCCCCCCCCCCC(CCCCCCCCCCCCCCCCC)CCCCCCCCCCCCCCCCC,2.5641
CCCCCCCCCCCCCCCCCC(CCCCCCCCCCCCCCCC)CCCCCCCCCCCCCCCC,2.81519
CCCCCCCCCCCCCCCCC(CCCCCCCCCCCCCCC)CCCCCCCCCCCCCCC,3.10505
CC(CCC(CCCCC(CCC(C)CC(C)(C)C)CCC(C)CC(C)(C)C)CCC(C)CC(C)(C)C)CC(C)(C)C,3.84016
CC(C)CCCC(C)CCCC(C)CCCC(C)CCCCC(C)CCCC(C)CCCC(C)CCCC(C)C,4.01122
CCCCCCCCCCCCCC(CCCCCCCCCCCC)CCCCCCCCCCCC,4.30433
CCCCCCCCCCCCC(CCCCCCCCCCCC)CCCCCCCCCCCC,4.6615
CCCCCCCCCCCCC(CCCCCCCCCCC)CCCCCCCCCCCC,5.23911
CCCCCCCCCCCCCCCC(CCCC)CCCCCCCCCCCCCCC,5.10938
CCCCCCCCCCCCCCCCCC(CCCCCCCC)CCCCCCCC,5.1101
CCCCCCCCCCCCCC(CCCCCCCCCC)CCCCCCCCCC,5.42741
CCCCCCCCCCCC(CCCCCCCCCCC)CCCCCCCCCCC,5.3525
CCCCCCCCCCCCCCCC(CC)CCCCCCCCCCCCCCC,5.60968
CCCCCCCCCCCCCCCC(CCCCCCCC)CCCCCCCC,6.10997
CCCCCCCCC(CCCCCC)CC(C)(CCCCCC)CCCCCCCC,5.8025
CCCCCCCCC(CCC)C(CCC)C(CCC)C(CCC)CCCCCCCC,5.82959
CCCCCCCCCCCC(CCCCCCCCCC)CCCCCCCCCC,5.83327
CCCCCCCCCCC(CCCCCCCCCC)CCCCCCCCCC,6.09782
CCCCCCCCCCCCCC(CCCCCCCC)CCCCCCCC,5.99347
CCCCCCCCCCC(CCCCCCCCC)CCCCCCCCCC,6.47709
CC(C)CCCC(C)CCCC(C)CCCCC(C)CCCC(C)CCCC(C)C,7.0
CCCCCCCCCCC(CCCCCCCCC)CCCCCCCCC,6.80506
CCCCCCCCCCC(CCCCCCCC)CCCCCCCCC,7.14904
CCCCCCCCCCCCCCCC(CCCCCC)CCCCCC,7.30417
CCCCCCCCCCCC(CCCCCCCC)CCCCCCCC,7.32206
CC(CCC(CCC(C)CC(C)(C)C)CCC(C)CC(C)(C)C)CC(C)(C)C,6.87728
CCCCCCCCCC(CCCCCCCCC)CCCCCCCCC,7.16946
CCCCCCCCCCC(CCCCCCCC)CCCCCCCC,7.51811
CCCCCCCCCCC(CCCCCCC)CCCCCCCCC,7.51811
CCCCCCCCCCCCCCCCCC(CCCC)CCCC,7.60164
CCCCCCCCCCCCCCCCCCCCCC(CC)CC,8.51083
CCCCCCCCCCCC(CCCC)CCCCCCCCCC,7.71088
CCCCCC(CC)CCC(CCCCC)CCC(CC)CCCCC,8.13716
CCCCCCCCCCCCCC(CCCC)CCCCCCCC,7.84251
CCCCCCCCC(C)CCC(C)CCC(C)CCCCCCCC,7.77229
CCCCCCCCCCCCCC(CCCCCC)CCCCCC,8.18659
CCCCCC(CCC)CCC(CCC)CCC(CCC)CCCCC,7.85919
CCCCCCCCCCCCCCCC(CCCC)CCCCCC,7.91194
CCCCCCCCCCCCCC(CC(CC)CC)CC(CC)CC,7.69467
CCCCCC(CCCCC(CCCCC)CCC(C)C)CCC(C)C,7.70247
CCCCCCCCCCC(CCCCC)CCCCCCCCCC,7.94872
CCCCCCCCCCC(CCCCCCCCCC)CC(C)(C)C,7.68574
CCCCCCCCCCC(CCCCCC)CCCCCCCCC,7.91194
CCCCCCCCC(CCCCCCCC)CCCCCCCC,8.18406
CCCCCCCCCCC(CCCCC)CCCCCCCCC,8.33288
CCCCCCCCC(CCCCCCC)CCCCCCCC,8.78359
CCCCCCCCCCCCCCCCC(CCC)CCCC,8.78359
CCCCCCCCCCCC(CCCCCC)CCCCCC,8.78359
CCCC(C)CCCC(C)CCCCC(C)CCCC(C)CCC,8.61521
CCCCCCCCCCCCCCCC(CCCC)CCCC,8.78359
CCCCCCC(CCCC)CC(C)(CCCC)CCCCCC,9.42244
CCCCCCC(CCC(C)C)C(CCCCCC)CCC(C)C,8.58153
CCCCCCCCCCCCCCCC(C)CC(C)CC(C)C,8.61603
CCCCCCCCC(CCCCCC)CCCCCCCC,9.63382
CCCCCCCCCCCCCCC(C)CC(C)CC(C)C,9.08285
CCCCCCCC(CCCCCCC)CCCCCCC,10.0656
CCCCCCCCCCCCCCCC(CCC)CCC,10.0727
CCCCCCCC(CCCCCC)CCCCCCC,10.6671
CCCCCCCCC(CCCCCC)CCCCCC,10.608
CCCCCCCCCCCCCC(CCC)CCC,10.8083
CCCCCC(CC)CC(CC)CC(CC)CCCC,10.1103
CCC(C)CCCC(C)CCCC(C)CCCC(C)C,11.4225
CC(C)CCCC(C)CCCCC(C)CCCC(C)C,9.11857
CCCCCCC(C)C(C)C(C)C(C)CCCCCC,11.016
CCCCCCCCCCCC(CCCC)CCCC,10.7355
CCCCCCCCCCCCCCCC(CC)CC,11.227
CC(C)(C)CCCCCCCCCCCCC(C)(C)C,10.631
CCCCCCCCCCC(CCCC)CCCC,11.8077
CC(C)CCCC(C)CCCC(C)CCCC(C)C,11.9085
CCCCC(C)CCCC(C)CCCC(C)CCC,11.0374
CCC(C)(C)CCCC(C)CCCC(C)(C)CC,12.6916
CCCCCCCC(CCC)CCCCCCC,12.4828
CC(CCCCC(C)CC(C)(C)C)CC(C)(C)C,12.1151
CC(C)(C)C(C(C(C)(C)C)C(C)(C)C)C(C)(C)C,11.5615
CCCCCCC(CCCCC)CCCCC,13.0915
CCCCCCC(CCCC)CCCCCC,13.0915
CCCCCCCCCCC(CCC)CCC,13.0915
CCCCCCC(CCC)CCCCCC,13.4587
CC(C)CCCC(C)C(C)CCCC(C)C,13.7991
CCCCCC(CCCCC)CCCCC,13.3273
CCC(CC)(CC)CCC(CC)(CC)CC,16.2198
CCC(C)(C)CCCCCCC(C)(C)CC,14.579
CC(CCCC(C)(C)C)CCCC(C)(C)C,13.8711
CCCCC(CCCC)(CCCC)C(C)C,15.0231
CCCCCCCCCCCC(CC)CC,13.3844
CCC(C)CCCCC(C)CCCC(C)C,13.4768
CC(C)(C)C(C)(C)CCC(C)(C)C(C)(C)C,16.4309
CC(CC(C)(C)C)CC(C)(C)CC(C)(C)C,15.7
CC(C)CCCCC(C)CCCC(C)C,14.76
CCC(C)CCCC(C)CCCC(C)C,14.4321
CCC(C)C(C)(C)CC(C)(C)C(C)CC,16.3645
CC(C)CC(C)(C)CC(C)(C)CC(C)C,15.7721
CCC(C)(C)C(C)(C)CC(C)CC(C)C,16.4576
CCCCCCC(CCC)CCCCC,14.4025
CCCCC(C)(C)CC(C)(C)CCCC,15.6972
CCCC(C)(CC)CC(C)(CC)CCC,16.5784
CCC(C)(C)C(C)(C)CC(C)(C)C(C)C,17.5507
CC(C)(C)CCCCCCC(C)(C)C,16.0385
CC(C)C(C)(C)CC(C)(C)C(C)(C)C,18.4833
CCC(CC(C)C)C(CC)CC(C)C,15.9489
CCC(CC)(CC)C(CC)(CC)CC,19.9702
CCCCCCC(CCC)CCCC,15.5
CC(C)CC(C)(C)C(C)(C)CC(C)C,18.1695
CCCCCCCC(CCC)CCC,15.5151
CC(C)CCC(CC(C)C)CC(C)C,15.6105
CCCC(C)(CC)C(C)(CC)CCC,18.789
CC(C)(C)C(C)(C)C(C)(C)C(C)(C)C,20.2358
CCCCCCCCCC(CC)CC,16.22
CCCCC(CCCC)CCCC,18.3207
CCCC(C)(C)CC(C)(C)CCC,18.3569
CCC(C)(CC)CC(C)(CC)CC,19.4751
CCCCC(C)CC(C)CC(C)C,18.7643
CCC(C)CCC(C)CC(C)CC,16.7966
CCCCCCC(CCC)CCC,16.5515
CCCCC(C)(CC)CC(C)CC,18.0463
CCC(CC)CC(C)CC(C)(C)C,17.0612
CC(C)CCCC(C)CCC(C)C,16.9993
CCCCC(C)(CC)CC(C)CC,18.0463
CC(C)(C)C(C(C)(C)C)C(C)(C)C,19.8725
CC(CCC(C)(C)C)CC(C)(C)C,17.3611
CC(CC(C)(C)C)CC(C)(C)C,18.859
CCCCCC(C)CC(C)(C)C,18.4675
CC(C(C)C(C)(C)C)C(C)(C)C,20.1813
CCC(C)(C)CCCC(C)(C)C,19.3554
CC(C)(C)CCCCC(C)(C)C,18.7864
CCC(C)C(C)CC(C)C(C)C,20.2358
CCC(C)CC(C)(CC)C(C)C,20.073
CC(C)C(C)CCC(C)C(C)C,19.1862
CC(C)CCC(C)(C)CC(C)C,19.0855
CC(C)CC(C)CCC(C)(C)C,18.5152
CCCC(C)CC(C)CC(C)C,21.0659
CC(C)CC(C)C(C)CC(C)C,18.7079
CC(C)CC(C)(C)CC(C)(C)C,19.4163
CCCCCC(CC)CCCC,17.9128
CC(C)CCC(C(C)C)C(C)C,19.1844
CCCCC(CCC)CCCC,18.5885
CCCC(C)(CC)CC(C)CC,19.596
CCCC(CC(C)C)CC(C)C,18.2006
CCCCCCCC(CC)CC,17.8811
CCC(C)(C)CCC(C)(C)CC,19.8913
CCCC(C)(C)CCCC(C)C,19.0358
CC(C)CCC(C)CCC(C)C,18.2149
CC(C)C(C)CC(C)C(C)(C)C,19.4237
CCCC(C)(CCC)C(C)(C)C,20.9458
CC(C)(C)CC(C)(C)C(C)(C)C,20.7176
CC(C)CC(C)CC(C)(C)C,20.1257
CC(C)CCCC(C)C(C)C,20.3089
CC(C)CC(C)(C)CC(C)C,20.7743
CCC(C)CC(C)CC(C)C,24.0595
CCC(C)CC(C)(CC)CC,21.3543
CCCCC(CC)CCCC,19.4753
CCCCC(CCC)CCC,20.1214
CCCCCC(CC)CCC,19.4751
CCC(C)(C)CCC(C)(C)C,21.0807
CCCCCCC(CC)CC,19.4751
CCC(C)(C)CC(C)(C)CC,21.7546
CC(C)CCC(C)CC(C)C,19.8258
CCCC(C)(CC)CC(C)C,21.3741
CCCCC(C)(C)CC(C)C,20.7176
CCCCC(C)CC(C)(C)C,20.0766
CC(CC(C)(C)C)C(C)(C)C,20.919
CC(C)C(C)(C)CC(C)(C)C,21.6132
CCCC(C)(C)CC(C)(C)C,21.0807
CCCCC(C)(C)C(C)(C)C,22.1662
CC(C)CC(C)(C)C(C)(C)C,22.2291
CCCC(C)(CC)CC(C)C,19.8059
CCCCC(C)C(C)(C)C,22.3976
CC(C(C)(C)C)C(C)(C)C,23.4056
CC(C)C(C)CC(C)(C)C,22.5653
CCCCC(C)(C)C(C)C,23.1584
CC(C)CCCC(C)(C)C,21.921
CCC(C)CCC(C)(C)C,21.8973
CCCC(C)CC(C)(C)C,21.948
CCC(C)(C)CC(C)(C)C,23.0474
CCCC(C)C(C)C(C)C,22.7624
CCCC(C)(C)CC(C)C,22.6255
CCC(C)(C)C(C)(C)CC,25.1182
CCCC(C)(C)C(C)CC,23.1361
CCCC(C)(CC)C(C)C,23.9353
CCC(C)C(C)(CC)CC,23.9119
CCC(CC)C(C)(C)CC,23.1139
CCCC(CCC)CCC,22.0004
CCCCC(CC)CCC,22.2021
CCC(CC)C(C)C(C)C,22.7407
CCCCCC(CC)CC,22.0787
CCC(CC(C)C)C(C)C,22.1453
CCC(C)C(CC)C(C)C,22.7407
CCCC(CC)C(C)(C)C,22.3764
CCC(C)(CC)C(C)(C)C,25.2912
CCC(C)C(C)C(C)CC,22.7407
CCC(CC)(CC)C(C)C,24.7519
CCCC(C)C(C)(C)CC,23.1361
CCC(C)(C)CCC(C)C,22.6326
CC(C)CC(C)CC(C)C,21.5741
CCC(C)C(C)CC(C)C,22.1453
CC(C)CCC(C)C(C)C,22.1743
CCC(C)CC(C)C(C)C,22.1453
CCC(CC)CC(C)(C)C,21.8768
CC(C)C(C)(C)C(C)(C)C,24.9501
CC(C)(C)CCC(C)(C)C,21.9
CCC(C)CC(C)(C)CC,23.2
CCCC(C)(C)C(C)(C)C,25.1
CCC(C)(CC)C(C)C,26.3255
CCC(C)C(C)C(C)C,24.9895
CCCC(C)(C)C(C)C,25.4344
CCC(C)C(C)(C)CC,25.4368
CCCC(C)C(C)(C)C,24.926
CCCC(CC)CCC,24.494
CC[C@H](C)[C@H](C)C(C)C,24.975
CCC(C)CC(C)(C)C,23.71
CC(C)CC(C)C(C)C,24.3164
CC[C@@H](C)[C@H](C)C(C)C,24.975
CC(C)C(C)C(C)(C)C,26.0
CC(C)(C)CC(C)(C)C,24.9
CCC(CC)C(C)(C)C,25.7
CC(C)C(C)(C)C(C)C,27.2
CCC(C)(C)CC(C)C,24.6
CCC(CC)(CC)CC,26.7498
CCCCC(CC)CC,23.9
CCC(C(C)C)C(C)C,25.3
CC(C)CCC(C)(C)C,23.3
CCC(C)(C)C(C)(C)C,27.41
CCC(C)(C)C(C)C,28.2
CCCC(CC)CC,26.1
CCC(CC)C(C)C,27.0
CCC(C)(CC)CC,28.1
CC(C)C(C)C(C)C,27.3
CCC(C)C(C)(C)C,27.3
CC(C)CC(C)(C)C,25.7
CC(C)(C)C(C)(C)C,28.7
CCC(CC)CC,28.9
CC(C)C(C)(C)C,29.5
CCCCCCCCCCCCC\C=C/CCCCCCCC,9.52701
CCCCCCCCCCCCC\C=C\CCCCCCCC,9.53635
CCCCCCCCCCCCCCCCC/C=C/C,11.5351
CCCCCCCCCCCCCCCCC/C=C/C,12.21
CCCCCCCCCC/C=C/CCCCCC,13.3338
CCCCCCCCCCCCC\C=C/CCC,12.9386
CCCCCCCC\C=C/CCCCCCCC,13.2436
CCCCCCCCCCC/C=C/CCCCC,12.9386
CCCCCCCCCCC\C=C/CCCCC,12.9386
CCCCCCCCCCCC\C=C/CCCC,12.9386
CCCCCCCCC\C=C/CCCCCCC,12.9386
CCCCCCCCCCCCCCC\C=C/C,12.9058
CCCCCCCC/C=C/CCCCCCCC,11.4471
CCCCCCCCCCCCCCC/C=C/C,12.9058
CCCCCCCCCC\C=C/CCCCCC,12.2949
CCCCCCCCCCCCC/C=C/CCC,12.9386
CCCCCCCCC=CCCCCCCC,13.5811
CCCCCCCCCCCCCC=CC,13.7786
CCCCCCCCCC=CCCCCC,13.8402
CCCCCCCCCCCCC=CC,14.8043
CCCCCCCC=CCCCCCC,14.9941
CCCCCCCCCCCC/C=C/C,15.67
CCCCCCCCCCCC=CC,15.9489
CCCCCC\C=C\CCCCCC,16.0256
CCCCCC\C=C/CCCCC,17.4203
CCCCCCC/C=C/CCC,18.6111
CCCCC\C=C\CCCCC,18.7741
CCCCCCCCCC=CC,18.6111
CCCCCCCC=CCCC,18.6111
CCCCC/C=C/CCCCC,18.6549
CCCCCCC\C=C/CCC,18.6111
CC1(OC2CC3C4CCC5=CC(=O)CCC5(C)C4(F)C(O)CC3(C)C2(O1)C(=O)CBr)c6ccccc6,18.6111
CCCCCC/C=C/CCCC,18.6111
CCCCC\C=C/CCCCC,18.703
CCCCCCCC\C=C\CC,18.6111
CCCCCCCCC\C=C/C,18.9
CCCCCCCCC/C=C/C,18.9
CCCCCC=CCCCC,20.1059
CCCCCCC=CCCC,20.2541
CCCCCC\C=C/CCC,20.2541
CCCCC\C=C\CCCC,20.2541
CCCCCCCCC=CC,20.2541
CCCCCCC\C=C/CC,20.2541
CCCCC\C=C/CCCC,20.2541
CCCCCCCC\C=C\C,20.2541
CCCCCC\C=C\CCC,20.2541
CCCCCCC/C=C/CC,20.2541
CCCCCCCC\C=C/C,20.2541
CCCCC\C=C\CCC,21.6084
CCCCCC\C=C/CC,21.9313
CCCCCC\C=C\CC,21.4564
CCCCC\C=C/CCC,22.2073
CCCC\C=C\CCCC,22.1312
CCCCCC=CCCC,22.0524
CCCC\C=C\CCCC,21.6521
CCCC\C=C\CCCC,22.0019
CCCCCCC=CCC,22.1245
CCCCCCCC=CC,22.1747
CCCCCCC\C=C/C,21.8
CCCCCCC\C=C/C,21.8
CCCC/C=C/CCC,24.2865
CCCCC\C=C/CC,23.592
CCCC/C=C/CCC,24.0643
CCCCCC=CCC,24.261
CCCC\C=C/CCC,24.9021
CCCCCC\C=C/C,23.7
CCCCC\C=C/CC,24.6311
CCCCCC\C=C/C,23.7
CCCCCC\C=C\C,23.7
CCCCC\C=C/C,26.7364
CCC/C=C/CCC,26.723
CCCC\C=C\CC,26.7354
CCCC\C=C\CC,25.8
CCC/C=C/CCC,25.8
CCC\C=C/CCC,25.9
CCCCC\C=C/C,25.9
CCCCC\C=C\C,25.89
CCCC\C=C/CC,25.9
CCC\C=C\CC,29.6161
CCCC\C=C\C,28.5
CCCC\C=C\C,28.5
CCCC\C=C/C,28.4
CCC\C=C\CC,28.5
CCC\C=C/CC,28.4
CCC\C=C/C,32.958
CC\C=C\CC,33.39
CC\C=C\CC,31.7
CCC\C=C/C,31.6
CCC\C=C\C,31.68
CC\C=C/CC,31.7
CC\C=C/C,35.9061
CC\C=C/C,36.4
CC\C=C\C,36.6
C\C=C/C,42.1
C\C=C\C,41.0
C\C=C/C,42.1
CCCCCCCCCCCCCCCCCCCCCCCCCCCCCCCCCCCCCCC=C,6.468
CCCCCCCCCCCCCCCCCCCCCCCCCCCCCCCCCCC=C,7.159
CCCCCCCCCCCCCCCCCCCCCCCCCCCCC=C,8.47
CCCCCCCCCCCCCCCCCCCCCCCCCCCC=C,6.97248
CCCCCCCCCCCCCCCCCCCCCCCCCCC=C,9.011
CCCCCCCCCCCCCCCCCCCCCCCCCC=C,7.71539
CCCCCCCCCCCCCCCCCCCCCCCCC=C,9.642
CCCCCCCCCCCCCCCCCCCCCCC=C,10.37
CCCCCCCCCCCCCCCCCCCCCC=C,9.81531
CCCCCCCCCCCCCCCCCCCCC=C,11.21
CCCCCCCCCCCCCCCCCCCC=C,10.861
CCCCCCCCCCCCCCCCCCC=C,12.2
CCCCCCCCCCCCCCCCCC=C,12.8
CCCCCCCCCCCCCCCCC=C,13.4
CCCCCCCCCCCCCCCC=C,14.1
CCCCCCCCCCCCCCC=C,14.8
CCCCCCCCCCCCCC=C,15.7
CCCCCCCCCCCCC=C,16.27
CCCCCCCCCCCC=C,17.49
CCCCCCCCCCC=C,18.88
CCCCCCCCCC=C,20.44
CCCCCCCCC=C,22.23
CCCCCCCC=C,24.28
CCCCCCC=C,26.63
CCCCCC=C,29.2
CCCCC=C,32.1
CCCC=C,35.6
CCC=C,40.2
CC=C,46.0
C=C,50.41
CCCCCCCCCCCCCCCCCCC#C,11.8182
CCCCCCCCCCCCCCCCCC#C,12.502
CCCCCCCCCCC#CCCCCCC,13.3017
CCCCCCCCCCCCC#CCCCC,13.7697
CCCCCCCCCCCCCCC#CCC,12.4357
CCCCCCCCCC#CCCCCCCC,13.3017
CCCCCCCCC#CCCCCCCCC,13.8862
CCCCCCCCCCCCCCCCC#C,14.0562
CCCCCCCCCCCC#CCCCCC,13.3017
CCCCCCCCCCCCCC#CCCC,13.3017
CCCCCCCCCCCCCCCC#CC,13.1418
CCCCCCCCCCCCCCCC#C,14.5925
CCCCCCCCCCCCCC#CC,14.8583
CCCCCCCCCCCCCCC#C,15.6651
CCCCCCCCCCCCCC#C,16.3588
CCCCCCCCC=C(C)C#CC=C,16.6561
CCCCCCC#CCCCCCC,16.1125
CCC(C)CCC#CCCC(C)CC,17.0471
CCCCCCCCCCCC#CC,17.5214
CCCCCCCCCCCCC#C,17.1603
CCC(C)CCCC#CCC(C)CC,17.0471
CC(C)(C)C#CC(C)(C)C(C)(C)C,19.7707
CCCCCCCCCCCC#C,19.0309
CCCCC#CCC#CCCCC,21.9256
C#CCCCCCCCCCC#C,20.8122
CC(C)CCC#CCCC(C)C,20.6807
CCCCCCCCCC#CC,20.1386
CCCCCCCCCCC#C,20.8652
CCCCCCCCC#CCC,21.8075
CCCCCC#CC(C)(C)CC,20.8312
CCCCCC#CCCCCC,20.37
CC(C)(C)C#CC#CC(C)(C)C,24.7027
CC(C)(CCC(C)(C)C#C)C#C,24.1237
CCCCC#CC#CCCCC,22.7397
CCC#CCCCCC#CCC,21.7316
CCCCCCCCCC#C,22.1388
CCCCCCCCC#CC,22.3771
CCCCC#CC(C)(C)CC,23.223
CCCCCC#CCCCC,22.377
CCCCCCCC#CC=C,22.3336
C#CCCCCCCCC#C,25.5592
CCCCC#CC#CC(C)=C,25.3565
C=CCC(CC=C)(C=C)C#C,25.4819
C#CC#CC#CC#CC#CC#C,32.6372
CC(C)CC#CCC(C)C,24.0292
CCCCC#CCCCC,24.5441
CCCC#CCCC(C)C,24.6735
CCCCC#CC(C)(C)C,24.1035
CCCCCCC#CCC,24.556
CC#CC(C)(C)C(C)(C)C,25.5076
CC(C)(C)C#CC(C)(C)C,25.5261
CCC#CC(C)(CC)CC,25.9755
CCCCCC#CCCC,24.1505
CCCCCCCCC#C,23.7
CCCCC#CCC(C)=C,23.8272
CCCCCCC#CC=C,25.0861
CCCCCC\C=C/C#C,24.9554
CCCCCCC#CC,26.4422
CCCCCC#CCC,31.3476
CCC#CC(C)(C)CC,27.8401
CCCCC#CCCC,26.0623
CC(C)CC#CC(C)C,27.5267
CC(C)C#CC(C)(C)C,27.8472
CCCCC#CC(C)C,27.2971
CCC#CCCC(C)C,27.0498
CCCCCCCC#C,26.1
CC#CCCCC#CC,32.933
C#CCCCCCC#C,31.5034
CC=C(C)C#CC(C)=C,26.6307
CC(C=C)=CC#CC=C,31.6683
CCCCC#CCC,29.9915
CCCCCC#CC,30.1616
CCC#CC(C)(C)C,31.0491
CCC(C)(CC)C#C,30.9447
CCCC#CCCC,30.8773
CCCCCCC#C,28.8
CCCCC#CC=C,30.5054
CC#CCCC#CC,35.911
CC(C)(C)C#CC#C,36.3335
CCCCC#CC#C,31.2586
C#CCCCCC#C,34.4376
CCC#CC#CCC,33.2745
C=CC=CC#CC=C,35.2209
COC(=O)CN1C(=S)SC(=C\c2ccc(cc2)N(C)C)/C1=O,54.9742
CCC(C)CC#C,32.7653
CCC(C)C#CC,31.6533
CC(C)CCC#C,32.8339
CCCC#CCC,34.6511
CCC#CC(C)C,31.2951
CCCCC#CC,33.6551
CC#CC(C)(C)C,34.1795
CC#CCC(C)C,32.9991
CCC(C)(C)C#C,32.8451
CCCCCC#C,32.1
CCC=C(C)C#C,31.684
CCCC#CC=C,33.9994
CC=C(C)C#CC,32.1785
CC#CCCC#C,34.8461
C#CCCCC#C,36.8403
CC(C)(C#C)C#C,40.3124
CC(=C)C#CC=C,33.7634
C=CCC#CC#C,42.1656
CC#CC(C)C,35.5903
CCC(C)C#C,36.5064
CC(C)CC#C,34.3579
CC(C)(C)C#C,36.75
CCCCC#C,36.2
CCCC#CC,35.3
CCC#CCC,35.3
CCC#CC=C,38.0934
C/C=C(/C)C#C,37.7093
C=CCCC#C,37.6386
CC=CC#CC,40.5696
CC/C=C/C#C,39.6052
CCC#CC#C,41.5411
C=CC#CC=C,41.6924
C#CCCC#C,42.5046
CC#CC#CC,46.4727
CC#CCC#C,43.4789
C=C/C=C/C#C,42.7745
C#CC#CC#C,58.6501
CCC#CC,40.3
CCCC#C,41.7
CC(C)C#C,42.0
C/C=C/C#C,44.5141
C/C=C/C#C,44.5753
C\C=C/C#C,44.4444
C=CCC#C,44.0
CC(=C)C#C,43.8
CC#CC=C,44.0
CC#CC#C,47.6155
CCC#C,46.0
CC#CC,48.7
C=CC#C,48.6
C#CC#C,54.4848
CC#C,56.3
C#C,61.38
CCCCCCCCCCCCCCCCCCCCCC(C)CCCCCCCCCCCCCCCCCCCCC,3.44337
CCCCCCCCCCCCCCCCCCCCCCCCCCCCCCCCCC(C)C,4.87935
CCCCCCCCCCCCCCCCCCCCCCCCCCCCCCCCC(C)CC,4.87935
CCCCCCCCCCCCCCCCCCCCCCCCCCCCCCCC(C)CCC,4.87935
CCCCCCCCCCCCCCCCCCCCCCCCCCCCCCC(C)CCCC,4.87935
CCCCCCCCCCCCCCCCCCCCCCCCCCCCCCCCC(C)C,5.10938
CCCCCCCCCCCCCCCCCCCCCCCCCCCCCCC(C)CCC,5.10938
CCCCCCCCCCCCCCCCCCCCCCCCCCCCCCCC(C)CC,5.10938
CCCCCCCCCCCCCCCCCCCCCCCCCCCCCC(C)CCCC,5.10938
CCCCCCCCCCCCCCCCCCCCCCCCCCCCCCCC(C)C,5.3525
CCCCCCCCCCCCCCCCCCCCCCCCCCCCC(C)CCCC,5.3525
CCCCCCCCCCCCC(C)CCCCCCCCCCCC,7.91681
CCCCCCCCCCCCCCCCCCCCCC(C)C,8.7816
CCCCCCCCCCCCCCCCCCC(C)CCCC,11.623
CCCCCCCCCCCCCCCCCCC(C)CC,12.3482
CCCCCCCCCCCCCCCC(C)CCCC,11.758
CCCCCCCCCCCCCCCCCC(C)CC,15.0794
CCCCCCCCCCC(C)CCCCCCCCC,10.5386
CCCCCCCCCCCCCCCCCC(C)C,13.8083
CCCCCCCCCCCCCCC(C)CCCC,12.8759
CCCCCCCCCCCCCCCCC(C)CC,12.769
CCCCCCCCCCC(C)CCCCCCC,11.8092
CCCCCCCCCCCC(C)CCCCCC,11.8092
CCCCCCCCCCCCCCCCC(C)C,13.4224
CCCCCCCCCC(C)CCCCCCCC,11.8092
CCCCCCCCCCCCC(C)CCCCC,11.8092
CCCCCCCCCCCCCCC(C)CCC,11.8094
CCCCCCCCCCCCCCCC(C)CC,14.5521
CCCCCCCCC(C)CCCCCCCC,11.6892
CCCCCCCCCCCCCCCC(C)C,12.4299
CCCCCCCCCCCCCCC(C)CC,14.5231
CCCCCCCCCCCCC(C)CCCC,12.3295
CCCCCCCCCCCCCCC(C)C,14.3078
CCCCCCCCCC(C)CCCCCC,13.0915
CCCCCCCCCCCCCC(C)CC,15.4566
CCCCCCCCCCCCC(C)CCC,12.6403
CCCCCCCCCCCC(C)CCC,14.3224
CCCCCCCCCC(C)CCCCC,13.4274
CCCCCCCCCCCCC(C)CC,15.536
CCCCCCCCCCCCCC(C)C,14.2372
CCCCCCCC(C)CCCCCCC,13.1074
CCCCCCCCC(C)CCCCCC,13.4448
CCCCCCCCCCC(C)CCCC,13.4371
CCCCCCCCCCCCC(C)C,14.4244
CCCCCCCC(C)CCCCCC,14.4135
CCCCCCCCC(C)CCCCC,14.4135
CCCCCCCCCC(C)CCCC,15.8258
CCCCCCCCCCC(C)CCC,14.3704
CCCCCCCCCCCC(C)CC,16.5702
CCCCCCC(C)CCCCCC,16.0422
CCCCCCCC(C)CCCCC,14.8678
CCCCCCCCCC(C)CCC,15.9598
CCCCCCCCC(C)CCCC,16.7319
CCCCCCCCCCCC(C)C,16.04
CCCCCCCCCCC(C)CC,16.06
Cc1ccc(O)c(NC(=O)c2ccc(cc2)c3ccccc3)c1,16.5515
CCCCCCCCC(C)CCC,23.3381
CCCCCCCC(C)CCCC,16.5784
CCCCCCCCCC(C)CC,17.19
CCCCCCCCCCC(C)C,17.17
CCCCCCC(C)CCCC,20.2053
CCCCCCCC(C)CCC,17.9242
CCCCCCCC[C@@H](C)CC,17.9242
CCCCCCCCC(C)CC,18.47
CCCCCCCCCC(C)C,18.42
CCCCCC(C)CCCC,19.9182
CCCCCCC(C)CCC,21.0985
CCCCCCCCC(C)C,19.82
CCCCCCCC(C)CC,19.89
CCCCCC[C@@H](C)CC,21.3689
CCCCCC[C@@H](C)CC,21.3689
CCCCCCC(C)CC,21.3689
CCCCCCC(C)CC,21.6
CCCCCCCC(C)C,21.2
CCCCCC(C)CCC,21.6
CCCCC(C)CCCC,21.6
CCCC[C@H](C)CCC,22.9575
CCCCC(C)CCC,23.4
CCCCCC(C)CC,23.4
CCCCCCC(C)C,23.1
CCCC[C@@H](C)CC,25.1192
CCCCCC(C)C,25.0
CCCC(C)CCC,25.4
CCCCC(C)CC,25.5
CCCC(C)CC,28.6929
CCCC(C)CC,28.1
CCCCC(C)C,27.4
CCC(C)CC,31.2
CCCC(C)C,30.4
CCC(C)C,33.8
CC(C)C,36.4
CCCCCCCCCCCCCCCCC=C(C)C,11.5666
CCCCCCCCCCCCCCCCCC(C)=C,11.4711
CCCCCCCCCCCCCCCC(C)=CC,12.1872
CCCCCCCCCCCCCCC=C(C)C,12.5953
CCCCCCCCC(C)=CCCCCCCC,12.5953
CCCCCCCCCCCCCC(C)=C,13.8302
CCCCCCCCCCCC(C)C=C,15.2111
CCCCCCCCCCCC(C)=C,16.1488
CCCCCC/C(C)=C/CCCCC,16.3168
CCCCCCCCCCC=C(C)C,16.3168
CCCCCCCCCC(C)=C,18.3345
CCCCCC(C)=CCCCC,18.8309
CCCCCC=CCC(C)C,20.3917
CCCCCC[C@@H](C)CC=C,20.0202
CCCCCC(C)=CCCC,20.5131
CCCCCCC(C)CC=C,20.0205
CCCCCCC(C)CC=C,20.008
CCCCCC=CC(C)C,22.292
CCCC/C(C)=C/CCC,21.9466
CCCCCCC=C(C)C,22.9018
CCCCCCCC(C)=C,21.9
CC(C)CCCCCC=C,21.9
CCCCC(C)C=CC,24.4589
CCCCCC=C(C)C,25.6669
CCCCC=CC(C)C,24.4589
CC=CCCCC(C)C,24.459
CCCCCC(C)=CC,24.0408
CCCC=C(C)CCC,23.6614
CC/C=C/CCC(C)C,24.7674
CCCC=CCC(C)C,24.4589
CCCCCCC(C)=C,23.8
CC(C)CCCCC=C,23.8
CCCC\C(C)=C\C,26.4909
CCCCC(C)C=C,24.9821
CCC\C=C\C(C)C,26.9527
CC/C=C/CC(C)C,26.958
CC=CCCC(C)C,26.9577
CCC/C=C(C)/CC,26.6522
CCC\C(C)=C/CC,26.4734
CCCC(C)\C=C\C,26.9604
CCC(C)CCC=C,26.4378
CCC=CCC(C)C,26.9872
CCCCC=C(C)C,26.3783
CCC(CC)\C=C/C,26.9651
CCCCCC(C)=C,26.0
CCC[C@@H](C)CC=C,26.04
CC(C)CCCC=C,26.0
CC(=C)CC(C)(C)C,26.958
CC/C=C/C(C)C,29.8602
CCC\C(C)=C/C,31.2483
CCC(C)\C=C/C,29.8861
C\C=C/CC(C)C,29.9071
CC\C=C(C)/CC,31.2925
CC\C=C/C(C)C,29.878
CCC(C)\C=C\C,29.8612
CCC\C(C)=C\C,28.9193
CC/C=C(C)/CC,30.1827
CCCC=C(C)C,30.6245
CCC\C(C)=C\C,31.8427
C/C=C/CC(C)C,29.8609
CCCCC(C)=C,28.7
CC(C)CCC=C,28.7
CCC(C)CC=C,30.4
CCCC(C)C=C,29.5
C/C=C/C(C)C,32.2
CC[C@H](C)C=C,30.8408
CC\C(C)=C\C,32.1369
CCCC(C)=C,31.9
CCC=C(C)C,31.6
CCC(C)C=C,32.9
CC(C)CC=C,32.2
CC\C(C)=C\C,31.9
C\C=C/C(C)C,32.2
C/C=C/C(C)C,32.2
CC\C(C)=C/C,32.902
CC(C)C=C,35.3
CC=C(C)C,34.2
CCC(C)=C,34.47
CC(C)=C,40.0
