smiles,SG
C,0.3
CC,0.3564
CCC,0.5077
CCCC,0.5844
CCCCC,0.631
CCCCCC,0.664
CCCCCCC,0.6882
CCCCCCCC,0.7068
CCCCCCCCC,0.7217
CCCCCCCCCC,0.7342
CCCCCCCCCCC,0.7443
CCCCCCCCCCCC,0.7526
CCCCCCCCCCCCC,0.7601
CCCCCCCCCCCCCC,0.7667
CCCCCCCCCCCCCCC,0.7721
CCCCCCCCCCCCCCCC,0.7773
CCCCCCCCCCCCCCCCC,0.7817
CCCCCCCCCCCCCCCCCC,0.7856
CCCCCCCCCCCCCCCCCCC,0.7892
CCCCCCCCCCCCCCCCCCCC,0.7924
CCCCCCCCCCCCCCCCCCCCC,0.79535
CCCCCCCCCCCCCCCCCCCCCC,0.79811
CCCCCCCCCCCCCCCCCCCCCCC,0.80063
CCCCCCCCCCCCCCCCCCCCCCCC,0.80267
CCCCCCCCCCCCCCCCCCCCCCCCC,0.80483
CCCCCCCCCCCCCCCCCCCCCCCCCC,0.80687
CCCCCCCCCCCCCCCCCCCCCCCCCCC,0.80855
CCCCCCCCCCCCCCCCCCCCCCCCCCCC,0.81035
CCCCCCCCCCCCCCCCCCCCCCCCCCCCC,0.81202
CCCCCCCCCCCCCCCCCCCCCCCCCCCCCC,0.81322
CCCCCCCCCCCCCCCCCCCCCCCCCCCCCCC,0.814137
CCCCCCCCCCCCCCCCCCCCCCCCCCCCCCCC,0.812499
CCCCCCCCCCCCCCCCCCCCCCCCCCCCCCCCC,0.813926
CCCCCCCCCCCCCCCCCCCCCCCCCCCCCCCCCC,0.817058
CCCCCCCCCCCCCCCCCCCCCCCCCCCCCCCCCCC,0.817364
CCCCCCCCCCCCCCCCCCCCCCCCCCCCCCCCCCCC,0.813767
CCCCCCCCCCCCCCCCCCCCCCCCCCCCCCCCCCCCC,0.815917
CCCCCCCCCCCCCCCCCCCCCCCCCCCCCCCCCCCCCC,0.817435
CCCCCCCCCCCCCCCCCCCCCCCCCCCCCCCCCCCCCCC,0.811589
CCCCCCCCCCCCCCCCCCCCCCCCCCCCCCCCCCCCCCCC,0.81871
CCCCCCCCCCCCCCCCCCCCCCCCCCCCCCCCCCCCCCCCC,0.81248
CCCCCCCCCCCCCCCCCCCCCCCCCCCCCCCCCCCCCCCCCC,0.833529
CCCCCCCCCCCCCCCCCCCCCCCCCCCCCCCCCCCCCCCCCCC,0.825097
CCCCCCCCCCCCCCCCCCCCCCCCCCCCCCCCCCCCCCCCCCCC,0.825351
CCCCCCCCCCCCCCCCCCCCCCCCCCCCCCCCCCCCCCCCCCCCCCCCCC,0.845051
CCCCCCCCCCCCCCCCCCCCCCCCCCCCCCCCCCCCCCCCCCCCCCCCCCCCCCCCCCCC,0.805443
CCCCCCCCCCCCCCCCCCCCCCCCCCCCCCCCCCCCCCCCCCCCCCCCCCCCCCCCCCCCCCCC,0.826747
CCCCCCCCCCCCCCCCCC(CCCCCCCCCCCCCCCC)CCCCCCCCCCCCCCCC,0.830329
CC(CCC(CCCCC(CCC(C)CC(C)(C)C)CCC(C)CC(C)(C)C)CCC(C)CC(C)(C)C)CC(C)(C)C,0.823857
CCCCCCCCCCCCCC(CCCCCCCCCCCC)CCCCCCCCCCCC,0.822466
CCCCCCCCCCCCC(CCCCCCCCCCCC)CCCCCCCCCCCC,0.82228
CCCCCCCCCCCCC(CCCCCCCCCCC)CCCCCCCCCCCC,0.818034
CCCCCCCCCCCCCCCC(CCCC)CCCCCCCCCCCCCCC,0.824003
CCCCCCCCCCCCCCCCCC(CCCCCCCC)CCCCCCCC,0.819785
CCCCCCCCCCCCCC(CCCCCCCCCC)CCCCCCCCCC,0.819605
CCCCCCCCCCCC(CCCCCCCCCCC)CCCCCCCCCCC,0.818345
CCCCCCCCCCCCCCCC(CC)CCCCCCCCCCCCCCC,0.82112
CCCCCCCCCCCCCCCC(CCCCCCCC)CCCCCCCC,0.816171
CCCCCCCCC(CCC)C(CCC)C(CCC)C(CCC)CCCCCCCC,0.824485
CCCCCCCCCCCC(CCCCCCCCCC)CCCCCCCCCC,0.815955
CCCCCCCCCCC(CCCCCCCCCC)CCCCCCCCCC,0.816804
CCCCCCCCCCCCCC(CCCCCCCC)CCCCCCCC,0.814523
CCCCCCCCCCC(CCCCCCCCC)CCCCCCCCCC,0.811345
CC(C)CCCC(C)CCCC(C)CCCCC(C)CCCC(C)CCCC(C)C,0.806471
CCCCCCCCCCC(CCCCCCCCC)CCCCCCCCC,0.810374
CCCCCCCCCCC(CCCCCCCC)CCCCCCCCC,0.808715
CCCCCCCCCCCCCCCC(CCCCCC)CCCCCC,0.814032
CCCCCCCCCCCC(CCCCCCCC)CCCCCCCC,0.811109
CC(CCC(CCC(C)CC(C)(C)C)CCC(C)CC(C)(C)C)CC(C)(C)C,0.8078
CCCCCCCCCC(CCCCCCCCC)CCCCCCCCC,0.813225
CCCCCCCCCCC(CCCCCCCC)CCCCCCCC,0.812944
CCCCCCCCCCC(CCCCCCC)CCCCCCCCC,0.806948
CCCCCCCCCCCCCCCCCC(CCCC)CCCC,0.82041
CCCCCCCCCCCCCCCCCCCCCC(CC)CC,0.811057
CCCCCCCCCCCC(CCCC)CCCCCCCCCC,0.807764
CCCCCC(CC)CCC(CCCCC)CCC(CC)CCCCC,0.812195
CCCCCCCCCCCCCC(CCCC)CCCCCCCC,0.808377
CCCCCCCCC(C)CCC(C)CCC(C)CCCCCCCC,0.807851
CCCCCCCCCCCCCC(CCCCCC)CCCCCC,0.807345
CCCCCC(CCC)CCC(CCC)CCC(CCC)CCCCC,0.81119
CCCCCCCCCCCCCCCC(CCCC)CCCCCC,0.808212
CCCCCCCCCCCCCC(CC(CC)CC)CC(CC)CC,0.814201
CCCCCC(CCCCC(CCCCC)CCC(C)C)CCC(C)C,0.805221
CCCCCCCCCCC(CCCCC)CCCCCCCCCC,0.807466
CCCCCCCCCCC(CCCCCCCCCC)CC(C)(C)C,0.806371
CCCCCCCCCCC(CCCCCC)CCCCCCCCC,0.80569
CCCCCCCCC(CCCCCCCC)CCCCCCCC,0.806068
CCCCCCCCCCC(CCCCC)CCCCCCCCC,0.802646
CCCCCCCCC(CCCCCCC)CCCCCCCC,0.802744
CCCCCCCCCCCCCCCCC(CCC)CCCC,0.804998
CCCCCCCCCCCC(CCCCCC)CCCCCC,0.80264
CCCC(C)CCCC(C)CCCCC(C)CCCC(C)CCC,0.808795
CCCCCCCCCCCCCCCC(CCCC)CCCC,0.798669
CCCCCCC(CCCC)CC(C)(CCCC)CCCCCC,0.909781
CCCCCCC(CCC(C)C)C(CCCCCC)CCC(C)C,0.921852
CCCCCCCCCCCCCCCC(C)CC(C)CC(C)C,0.802213
CCCCCCCCC(CCCCCC)CCCCCCCC,0.801208
CCCCCCCCCCCCCCC(C)CC(C)CC(C)C,0.799664
CCCCCCCC(CCCCCCC)CCCCCCC,0.80223
CCCCCCCCCCCCCCCC(CCC)CCC,0.793404
CCCCCCCC(CCCCCC)CCCCCCC,0.796345
CCCCCCCCC(CCCCCC)CCCCCC,0.794149
CCCCCCCCCCCCCC(CCC)CCC,0.796853
CCCCCC(CC)CC(CC)CC(CC)CCCC,0.802357
CCC(C)CCCC(C)CCCC(C)CCCC(C)C,0.794254
CC(C)CCCC(C)CCCCC(C)CCCC(C)C,0.790089
CCCCCCC(C)C(C)C(C)C(C)CCCCCC,0.814751
CCCCCCCCCCCC(CCCC)CCCC,0.794655
CCCCCCCCCCCCCCCC(CC)CC,0.797357
CC(C)(C)CCCCCCCCCCCCC(C)(C)C,0.908377
CCCCCCCCCCC(CCCC)CCCC,0.792537
CC(C)CCCC(C)CCCC(C)CCCC(C)C,0.786052
CCCCC(C)CCCC(C)CCCC(C)CCC,0.806193
CCC(C)(C)CCCC(C)CCCC(C)(C)CC,0.792562
CCCCCCCC(CCC)CCCCCCC,0.794585
CC(CCCCC(C)CC(C)(C)C)CC(C)(C)C,0.8464
CC(C)(C)C(C(C(C)(C)C)C(C)(C)C)C(C)(C)C,0.85735
CCCCCCC(CCCCC)CCCCC,0.803283
CCCCCCC(CCCC)CCCCCC,0.78144
CCCCCCCCCCC(CCC)CCC,0.788004
CCCCCCC(CCC)CCCCCC,0.779807
CC(C)CCCC(C)C(C)CCCC(C)C,0.8409
CCCCCC(CCCCC)CCCCC,0.779918
CCC(CC)(CC)CCC(CC)(CC)CC,0.827387
CCC(C)(C)CCCCCCC(C)(C)CC,0.828899
CC(CCCC(C)(C)C)CCCC(C)(C)C,0.844094
CCCCC(CCCC)(CCCC)C(C)C,0.80136
CCCCCCCCCCCC(CC)CC,0.782377
CCC(C)CCCCC(C)CCCC(C)C,0.854892
CC(C)(C)C(C)(C)CCC(C)(C)C(C)(C)C,0.814275
CC(CC(C)(C)C)CC(C)(C)CC(C)(C)C,0.789409
CC(C)CCCCC(C)CCCC(C)C,0.821512
CCC(C)CCCC(C)CCCC(C)C,0.777957
CCC(C)C(C)(C)CC(C)(C)C(C)CC,0.813881
CC(C)CC(C)(C)CC(C)(C)CC(C)C,0.788988
CCC(C)(C)C(C)(C)CC(C)CC(C)C,0.806484
CCCCCCC(CCC)CCCCC,0.775366
CCCCC(C)(C)CC(C)(C)CCCC,0.792132
CCCC(C)(CC)CC(C)(CC)CCC,0.810606
CCC(C)(C)C(C)(C)CC(C)(C)C(C)C,0.830483
CC(C)(C)CCCCCCC(C)(C)C,0.802357
CC(C)C(C)(C)CC(C)(C)C(C)(C)C,0.794956
CCC(CC(C)C)C(CC)CC(C)C,0.78065
CCC(CC)(CC)C(CC)(CC)CC,0.862663
CCCCCCC(CCC)CCCC,0.778408
CC(C)CC(C)(C)C(C)(C)CC(C)C,0.793948
CCCCCCCC(CCC)CCC,0.771192
CC(C)CCC(CC(C)C)CC(C)C,0.801494
CCCC(C)(CC)C(C)(CC)CCC,0.801699
CC(C)(C)C(C)(C)C(C)(C)C(C)(C)C,0.792799
CCCCCCCCCC(CC)CC,0.733637
CCCCC(CCCC)CCCC,0.76462
CCCC(C)(C)CC(C)(C)CCC,0.785188
CCC(C)(CC)CC(C)(CC)CC,0.808391
CCCCC(C)CC(C)CC(C)C,0.760072
CCC(C)CCC(C)CC(C)CC,0.795162
CCCCCCC(CCC)CCC,0.767576
CCCCC(C)(CC)CC(C)CC,0.780022
CCC(CC)CC(C)CC(C)(C)C,0.782668
CC(C)CCCC(C)CCC(C)C,0.758399
CCCCC(C)(CC)CC(C)CC,0.780022
CC(C)(C)C(C(C)(C)C)C(C)(C)C,0.782111
CC(CCC(C)(C)C)CC(C)(C)C,0.780704
CC(CC(C)(C)C)CC(C)(C)C,0.749182
CCCCCC(C)CC(C)(C)C,0.77496
CC(C(C)C(C)(C)C)C(C)(C)C,0.76597
CCC(C)(C)CCCC(C)(C)C,0.768535
CC(C)(C)CCCCC(C)(C)C,0.746864
CCC(C)C(C)CC(C)C(C)C,0.787712
CCC(C)CC(C)(CC)C(C)C,0.786001
CC(C)C(C)CCC(C)C(C)C,0.766941
CC(C)CCC(C)(C)CC(C)C,0.756374
CC(C)CC(C)CCC(C)(C)C,0.780884
CCCC(C)CC(C)CC(C)C,0.752999
CC(C)CC(C)C(C)CC(C)C,0.770902
CC(C)CC(C)(C)CC(C)(C)C,0.765539
CCCCCC(CC)CCCC,0.759232
CC(C)CCC(C(C)C)C(C)C,0.764653
CCCCC(CCC)CCCC,0.758022
CCCC(C)(CC)CC(C)CC,0.773566
CCCC(CC(C)C)CC(C)C,0.773556
CCCCCCCC(CC)CC,0.792169
CCC(C)(C)CCC(C)(C)CC,0.765055
CCCC(C)(C)CCCC(C)C,0.785019
CC(C)CCC(C)CCC(C)C,0.748087
CC(C)C(C)CC(C)C(C)(C)C,0.767229
CCCC(C)(CCC)C(C)(C)C,0.769355
CC(C)(C)CC(C)(C)C(C)(C)C,0.741739
CC(C)CC(C)CC(C)(C)C,0.737608
CC(C)CCCC(C)C(C)C,0.760895
CC(C)CC(C)(C)CC(C)C,0.745518
CCC(C)CC(C)CC(C)C,0.744709
CCC(C)CC(C)(CC)CC,0.766854
CCCCC(CC)CCCC,0.750682
CCCCC(CCC)CCC,0.748697
CCCCCC(CC)CCC,0.767976
CCC(C)(C)CCC(C)(C)C,0.753612
CCCCCCC(CC)CC,0.795705
CCC(C)(C)CC(C)(C)CC,0.771533
CC(C)CCC(C)CC(C)C,0.738487
CCCC(C)(CC)CC(C)C,0.738356
CCCCC(C)(C)CC(C)C,0.746351
CCCCC(C)CC(C)(C)C,0.742184
CC(CC(C)(C)C)C(C)(C)C,0.756017
CC(C)C(C)(C)CC(C)(C)C,0.769203
CCCC(C)(C)CC(C)(C)C,0.756831
CCCCC(C)(C)C(C)(C)C,0.772444
CC(C)CC(C)(C)C(C)(C)C,0.76696
CCCC(C)(CC)CC(C)C,0.738745
CCCCC(C)C(C)(C)C,0.74551
CC(C(C)(C)C)C(C)(C)C,0.771159
CC(C)C(C)CC(C)(C)C,0.739605
CCCCC(C)(C)C(C)C,0.752958
CC(C)CCCC(C)(C)C,0.725785
CCC(C)CCC(C)(C)C,0.741626
CCCC(C)CC(C)(C)C,0.735077
CCC(C)(C)CC(C)(C)C,0.749112
CCCC(C)C(C)C(C)C,0.752592
CCCC(C)(C)CC(C)C,0.739021
CCC(C)(C)C(C)(C)CC,0.786521
CCCC(C)(C)C(C)CC,0.74364
CCCC(C)(CC)C(C)C,0.737877
CCC(C)C(C)(CC)CC,0.737519
CCC(CC)C(C)(C)CC,0.737428
CCCC(CCC)CCC,0.739745
CCCCC(CC)CCC,0.742228
CCC(CC)C(C)C(C)C,0.740889
CCCCCC(CC)CC,0.762141
CCC(CC(C)C)C(C)C,0.739955
CCC(C)C(CC)C(C)C,0.740889
CCCC(CC)C(C)(C)C,0.73874
CCC(C)(CC)C(C)(C)C,0.786029
CCC(C)C(C)C(C)CC,0.740889
CCC(CC)(CC)C(C)C,0.736079
CCCC(C)C(C)(C)CC,0.74364
CCC(C)(C)CCC(C)C,0.744185
CC(C)CC(C)CC(C)C,0.727178
CCC(C)C(C)CC(C)C,0.742405
CC(C)CCC(C)C(C)C,0.739026
CCC(C)CC(C)C(C)C,0.749423
CCC(CC)CC(C)(C)C,0.736793
CC(C)C(C)(C)C(C)(C)C,0.784203
CC(C)(C)CCC(C)(C)C,0.723
CCC(C)CC(C)(C)CC,0.7469
CCCC(C)(C)C(C)(C)C,0.7684
CCC(C)(CC)C(C)C,0.740417
CCC(C)C(C)C(C)C,0.742422
CCCC(C)(C)C(C)C,0.7389
CCC(C)C(C)(C)CC,0.748687
CCCC(C)C(C)(C)C,0.7336
CCCC(CC)CCC,0.729838
CC[C@H](C)[C@H](C)C(C)C,0.723076
CCC(C)CC(C)(C)C,0.7196
CC(C)CC(C)C(C)C,0.726123
CC[C@@H](C)[C@H](C)C(C)C,0.723076
CC(C)C(C)C(C)(C)C,0.743
CC(C)(C)CC(C)(C)C,0.7236
CCC(CC)C(C)(C)C,0.73886
CC(C)C(C)(C)C(C)C,0.7587
CCC(C)(C)CC(C)C,0.71967
CCC(CC)(CC)CC,0.7575
CCCCC(CC)CC,0.73082
CCC(C(C)C)C(C)C,0.74198
CC(C)CCC(C)(C)C,0.7182
CCC(C)(C)C(C)(C)C,0.7606
CCC(C)(C)C(C)C,0.7303
CCCC(CC)CC,0.7178
CCC(CC)C(C)C,0.7236
CCC(C)(CC)CC,0.7315
CC(C)C(C)C(C)C,0.7233
CCC(C)C(C)(C)C,0.7202
CC(C)CC(C)(C)C,0.6962
CC(C)(C)C(C)(C)C,0.72564
CCC(CC)CC,0.7028
CC(C)C(C)(C)C,0.6946
CCCCCCCCCCCCC\C=C/CCCCCCCC,0.950608
CCCCCCCCCCCCC\C=C\CCCCCCCC,0.951141
CCCCCCCCCCCCCCCCC/C=C/C,0.900365
CCCCCCCCCCCCCCCCC/C=C/C,0.809093
CCCCCCCCCC/C=C/CCCCCC,0.791082
CCCCCCCCCCCCC\C=C/CCC,0.79414
CCCCCCCC\C=C/CCCCCCCC,0.798587
CCCCCCCCCCC/C=C/CCCCC,0.796014
CCCCCCCCCCC\C=C/CCCCC,0.793758
CCCCCCCCCCCC\C=C/CCCC,0.793125
CCCCCCCCC\C=C/CCCCCCC,0.79567
CCCCCCCCCCCCCCC\C=C/C,0.795411
CCCCCCCC/C=C/CCCCCCCC,0.793495
CCCCCCCCCCCCCCC/C=C/C,0.796862
CCCCCCCCCC\C=C/CCCCCC,0.794492
CCCCCCCCCCCCC/C=C/CCC,0.794951
CCCCCCCCC=CCCCCCCC,0.805622
CCCCCCCCCCCCCC=CC,0.786601
CCCCCCCCCC=CCCCCC,0.785357
CCCCCCCCCCCCC=CC,0.782465
CCCCCCCC=CCCCCCC,0.779956
CCCCCCCCCCCC/C=C/C,0.786467
CCCCCCCCCCCC=CC,0.777539
CCCCCC\C=C\CCCCCC,0.776552
CCCCCC\C=C/CCCCC,0.769625
CCCCCCC/C=C/CCC,0.801297
CCCCC\C=C\CCCCC,0.80367
CCCCCCCCCC=CC,0.764464
CCCCCCCC=CCCC,0.761995
CCCCC/C=C/CCCCC,0.763721
CCCCCCC\C=C/CCC,0.801297
CC1(OC2CC3C4CCC5=CC(=O)CCC5(C)C4(F)C(O)CC3(C)C2(O1)C(=O)CBr)c6ccccc6,0.801297
CCCCCC/C=C/CCCC,0.801297
CCCCC\C=C/CCCCC,0.799976
CCCCCCCC\C=C\CC,0.762899
CCCCCCCCC\C=C/C,0.753322
CCCCCCCCC/C=C/C,0.76528
CCCCCC=CCCCC,0.756756
CCCCCCC=CCCC,0.753973
CCCCCC\C=C/CCC,0.784348
CCCCC\C=C\CCCC,0.784348
CCCCCCCCC=CC,0.762725
CCCCCCC\C=C/CC,0.784348
CCCCC\C=C/CCCC,0.784348
CCCCCCCC\C=C\C,0.783728
CCCCCC\C=C\CCC,0.784348
CCCCCCC/C=C/CC,0.784348
CCCCCCCC\C=C/C,0.783728
CCCCC\C=C\CCC,0.745949
CCCCCC\C=C/CC,0.748292
CCCCCC\C=C\CC,0.745333
CCCCC\C=C/CCC,0.749993
CCCC\C=C\CCCC,0.740676
CCCCCC=CCCC,0.743889
CCCC\C=C\CCCC,0.746505
CCCC\C=C\CCCC,0.749601
CCCCCCC=CCC,0.748731
CCCCCCCC=CC,0.754463
CCCCCCC\C=C/C,0.73894
CCCCCCC\C=C/C,0.745206
CCCC/C=C/CCC,0.7342
CCCCC\C=C/CC,0.736708
CCCC/C=C/CCC,0.736423
CCCCCC=CCC,0.733824
CCCC\C=C/CCC,0.738835
CCCCCC\C=C/C,0.735801
CCCCC\C=C/CC,0.738251
CCCCCC\C=C/C,0.735801
CCCCCC\C=C\C,0.731548
CCCCC\C=C/C,0.72491
CCC/C=C/CCC,0.722179
CCCC\C=C\CC,0.722864
CCCC\C=C\CC,0.71801
CCC/C=C/CCC,0.71682
CCC\C=C/CCC,0.72554
CCCCC\C=C/C,0.72866
CCCCC\C=C\C,0.7243
CCCC\C=C/CC,0.72567
CCC\C=C\CC,0.705262
CCCC\C=C\C,0.70575
CCCC\C=C\C,0.70575
CCCC\C=C/C,0.71051
CCC\C=C\CC,0.70264
CCC\C=C/CC,0.70596
CCC\C=C/C,0.686349
CC\C=C\CC,0.683821
CC\C=C\CC,0.6821
CCC\C=C/C,0.692
CCC\C=C\C,0.6827
CC\C=C/CC,0.6847
CC\C=C/C,0.655498
CC\C=C/C,0.6608
CC\C=C\C,0.6533
C\C=C/C,0.6271
C\C=C\C,0.61
C\C=C/C,0.6271
CCCCCCCCCCCCCCCCCCCCCCCCCCCCCCCCCCCCCCC=C,0.827594
CCCCCCCCCCCCCCCCCCCCCCCCCCCCCCCCCCC=C,0.824778
CCCCCCCCCCCCCCCCCCCCCCCCCCCCC=C,0.809817
CCCCCCCCCCCCCCCCCCCCCCCCCCCC=C,1.88755
CCCCCCCCCCCCCCCCCCCCCCCCCCC=C,0.815996
CCCCCCCCCCCCCCCCCCCCCCCCCC=C,0.972353
CCCCCCCCCCCCCCCCCCCCCCCCC=C,0.812778
CCCCCCCCCCCCCCCCCCCCCCC=C,0.809205
CCCCCCCCCCCCCCCCCCCCCC=C,0.933025
CCCCCCCCCCCCCCCCCCCCC=C,0.8045
CCCCCCCCCCCCCCCCCCCC=C,0.950425
CCCCCCCCCCCCCCCCCCC=C,0.79655
CCCCCCCCCCCCCCCCCC=C,0.79392
CCCCCCCCCCCCCCCCC=C,0.79073
CCCCCCCCCCCCCCCC=C,0.78993
CCCCCCCCCCCCCCC=C,0.785
CCCCCCCCCCCCCC=C,0.7803
CCCCCCCCCCCCC=C,0.7752
CCCCCCCCCCCC=C,0.7692
CCCCCCCCCCC=C,0.7623
CCCCCCCCCC=C,0.7544
CCCCCCCCC=C,0.745
CCCCCCCC=C,0.7334
CCCCCCC=C,0.7193
CCCCCC=C,0.7015
CCCCC=C,0.678
CCCC=C,0.6457
CCC=C,0.6013
CC=C,0.522
C=C,0.3564
CCCCCCCCCCCCCCCCCCC#C,0.831415
CCCCCCCCCCCCCCCCCC#C,0.889416
CCCCCCCCCCC#CCCCCCC,0.807272
CCCCCCCCCCCCC#CCCCC,0.806493
CCCCCCCCCCCCCCC#CCC,0.807613
CCCCCCCCCC#CCCCCCCC,0.81333
CCCCCCCCC#CCCCCCCCC,0.81142
CCCCCCCCCCCCCCCCC#C,0.80756
CCCCCCCCCCCC#CCCCCC,0.816422
CCCCCCCCCCCCCC#CCCC,0.815298
CCCCCCCCCCCCCCCC#CC,0.819762
CCCCCCCCCCCCCCCC#C,0.902228
CCCCCCCCCCCCCC#CC,0.806796
CCCCCCCCCCCCCCC#C,0.800218
CCCCCCCCCCCCCC#C,0.83487
CCCCCCCCC=C(C)C#CC=C,0.822116
CCCCCCC#CCCCCCC,0.805967
CCC(C)CCC#CCCC(C)CC,0.79703
CCCCCCCCCCCC#CC,0.800535
CCCCCCCCCCCCC#C,0.834174
CCC(C)CCCC#CCC(C)CC,0.797037
CC(C)(C)C#CC(C)(C)C(C)(C)C,0.776515
CCCCCCCCCCCC#C,0.788115
CCCCC#CCC#CCCCC,0.830159
C#CCCCCCCCCCC#C,0.835326
CC(C)CCC#CCCC(C)C,0.785252
CCCCCCCCCC#CC,0.792258
CCCCCCCCCCC#C,0.784081
CCCCCCCCC#CCC,0.793777
CCCCCC#CC(C)(C)CC,0.77699
CCCCCC#CCCCCC,0.786004
CC(C)(C)C#CC#CC(C)(C)C,0.827156
CC(C)(CCC(C)(C)C#C)C#C,0.829962
CCCCC#CC#CCCCC,0.84104
CCC#CCCCCC#CCC,0.836803
CCCCCCCCCC#C,0.776049
CCCCCCCCC#CC,0.794231
CCCCC#CC(C)(C)CC,0.769799
CCCCCC#CCCCC,0.783949
CCCCCCCC#CC=C,0.800445
C#CCCCCCCCC#C,0.823148
CCCCC#CC#CC(C)=C,0.775012
C=CCC(CC=C)(C=C)C#C,0.822965
C#CC#CC#CC#CC#CC#C,1.01156
CC(C)CC#CCC(C)C,0.766062
CCCCC#CCCCC,0.773518
CCCC#CCCC(C)C,0.772163
CCCCC#CC(C)(C)C,0.753291
CCCCCCC#CCC,0.770707
CC#CC(C)(C)C(C)(C)C,0.797588
CC(C)(C)C#CC(C)(C)C,0.714725
CCC#CC(C)(CC)CC,0.775514
CCCCCC#CCCC,0.773979
CCCCCCCCC#C,0.765145
CCCCC#CCC(C)=C,0.788637
CCCCCCC#CC=C,0.792035
CCCCCC\C=C/C#C,0.783195
CCCCCCC#CC,0.772919
CCCCCC#CCC,0.766578
CCC#CC(C)(C)CC,0.76527
CCCCC#CCCC,0.765548
CC(C)CC#CC(C)C,0.789469
CC(C)C#CC(C)(C)C,0.720861
CCCCC#CC(C)C,0.74809
CCC#CCCC(C)C,0.764081
CCCCCCCC#C,0.755794
CC#CCCCC#CC,0.837892
C#CCCCCCC#C,0.81984
CC=C(C)C#CC(C)=C,0.802729
CC(C=C)=CC#CC=C,0.843574
CCCCC#CCC,0.756873
CCCCCC#CC,0.763685
CCC#CC(C)(C)C,0.727482
CCC(C)(CC)C#C,0.745749
CCCC#CCCC,0.754771
CCCCCCC#C,0.75109
CCCCC#CC=C,0.779849
CC#CCCC#CC,0.840945
CC(C)(C)C#CC#C,0.755454
CCCCC#CC#C,0.820567
C#CCCCCC#C,0.818002
CCC#CC#CCC,0.815333
C=CC=CC#CC=C,0.81292
COC(=O)CN1C(=S)SC(=C\c2ccc(cc2)N(C)C)/C1=O,0.86225
CCC(C)CC#C,0.703896
CCC(C)C#CC,0.743026
CC(C)CCC#C,0.731756
CCCC#CCC,0.745581
CCC#CC(C)C,0.732179
CCCCC#CC,0.75202
CC#CC(C)(C)C,0.723377
CC#CCC(C)C,0.741712
CCC(C)(C)C#C,0.731897
CCCCCC#C,0.73754
CCC=C(C)C#C,0.770178
CCCC#CC=C,0.764383
CC=C(C)C#CC,0.736047
CC#CCCC#C,0.80591
C#CCCCC#C,0.809251
CC(C)(C#C)C#C,0.757421
CC(=C)C#CC=C,0.765865
C=CCC#CC#C,0.74972
CC#CC(C)C,0.720052
CCC(C)C#C,0.708529
CC(C)CC#C,0.709406
CC(C)(C)C#C,0.666274
CCCCC#C,0.72063
CCCC#CC,0.728629
CCC#CCC,0.720028
CCC#CC=C,0.755719
C/C=C(/C)C#C,0.744826
C=CCCC#C,0.761021
CC=CC#CC,0.767906
CC/C=C/C#C,0.747576
CCC#CC#C,0.787103
C=CC#CC=C,0.776931
C#CCCC#C,0.797016
CC#CC#CC,0.757679
CC#CCC#C,0.812929
C=C/C=C/C#C,0.776319
C#CC#CC#C,0.682982
CCC#CC,0.71595
CCCC#C,0.6954
CC(C)C#C,0.66977
C/C=C/C#C,0.735082
C/C=C/C#C,0.725766
C\C=C/C#C,0.694292
C=CCC#C,0.726207
CC(=C)C#C,0.700755
CC#CC=C,0.735691
CC#CC#C,0.743878
CCC#C,0.65
CC#CC,0.6965
C=CC#C,0.65
C#CC#C,0.702712
CC#C,0.63
C#C,0.615
CCCCCCCCCCCCCCCC(C)CCCCCCCCCCCCCCC,0.826128
CCCCCCCCCCCCC(C)CCCCCCCCCCCC,0.809816
CCCCCCCCCCCCCCCCCCCCCC(C)C,0.802036
CCCCCCCCCCCCCCCCCCC(C)CCCC,0.801483
CCCCCCCCCCCCCCCCCCC(C)CC,0.79721
CCCCCCCCCCCCCCCC(C)CCCC,0.796702
CCCCCCCCCCCCCCCCCC(C)CC,0.797285
CCCCCCCCCCC(C)CCCCCCCCC,0.795075
CCCCCCCCCCCCCCCCCC(C)C,0.788898
CCCCCCCCCCCCCCC(C)CCCC,0.793098
CCCCCCCCCCCCCCCCC(C)CC,0.790847
CCCCCCCCCCC(C)CCCCCCC,0.789248
CCCCCCCCCCCC(C)CCCCCC,0.790427
CCCCCCCCCCCCCCCCC(C)C,0.782643
CCCCCCCCCC(C)CCCCCCCC,0.788851
CCCCCCCCCCCCC(C)CCCCC,0.789188
CCCCCCCCCCCCCCC(C)CCC,0.789458
CCCCCCCCCCCCCCCC(C)CC,0.790757
CCCCCCCCC(C)CCCCCCCC,0.790362
CCCCCCCCCCCCCCCC(C)C,0.783631
CCCCCCCCCCCCCCC(C)CC,0.784686
CCCCCCCCCCCCC(C)CCCC,0.78608
CCCCCCCCCCCCCCC(C)C,0.779246
CCCCCCCCCC(C)CCCCCC,0.784578
CCCCCCCCCCCCCC(C)CC,0.781789
CCCCCCCCCCCCC(C)CCC,0.781462
CCCCCCCCCCCC(C)CCC,0.778706
CCCCCCCCCC(C)CCCCC,0.779366
CCCCCCCCCCCCC(C)CC,0.778674
CCCCCCCCCCCCCC(C)C,0.774774
CCCCCCCC(C)CCCCCCC,0.777958
CCCCCCCCC(C)CCCCCC,0.778288
CCCCCCCCCCC(C)CCCC,0.778801
CCCCCCCCCCCCC(C)C,0.769145
CCCCCCCC(C)CCCCCC,0.773297
CCCCCCCCC(C)CCCCC,0.772499
CCCCCCCCCC(C)CCCC,0.773718
CCCCCCCCCCC(C)CCC,0.774864
CCCCCCCCCCCC(C)CC,0.773415
CCCCCCC(C)CCCCCC,0.767251
CCCCCCCC(C)CCCCC,0.768415
CCCCCCCCCC(C)CCC,0.76923
CCCCCCCCC(C)CCCC,0.767333
CCCCCCCCCCCC(C)C,0.75854
CCCCCCCCCCC(C)CC,0.763197
Cc1ccc(O)c(NC(=O)c2ccc(cc2)c3ccccc3)c1,0.760587
CCCCCCCCC(C)CCC,0.761557
CCCCCCCC(C)CCCC,0.762038
CCCCCCCCCC(C)CC,0.756866
CCCCCCCCCCC(C)C,0.751328
CCCCCCC(C)CCCC,0.756696
CCCCCCCC(C)CCC,0.754449
CCCCCCCC[C@@H](C)CC,0.78709
CCCCCCCCC(C)CC,0.749299
CCCCCCCCCC(C)C,0.743751
CCCCCC(C)CCCC,0.744907
CCCCCCC(C)CCC,0.745853
CCCCCCCCC(C)C,0.734659
CCCCCCCC(C)CC,0.740561
CCCCCC[C@@H](C)CC,0.737903
CCCCCC[C@@H](C)CC,0.737903
CCCCCCC(C)CC,0.737907
CCCCCCC(C)CC,0.73754
CCCCCCCC(C)C,0.73058
CCCCCC(C)CCC,0.73646
CCCCC(C)CCCC,0.7367
CCCC[C@H](C)CCC,0.720498
CCCCC(C)CCC,0.72301
CCCCCC(C)CC,0.72304
CCCCCCC(C)C,0.7163
CCCC[C@@H](C)CC,0.710326
CCCCCC(C)C,0.7021
CCCC(C)CCC,0.709
CCCCC(C)CC,0.7101
CCCC(C)CC,0.691749
CCCC(C)CC,0.6917
CCCCC(C)C,0.683
CCC(C)CC,0.6689
CCCC(C)C,0.6579
CCC(C)C,0.6247
CC(C)C,0.5631
CCCCCCCCCCCCCCCCC=C(C)C,0.802063
CCCCCCCCCCCCCCCCCC(C)=C,0.799432
CCCCCCCCCCCCCCCC(C)=CC,0.803507
CCCCCCCCCCCCCCC=C(C)C,0.798346
CCCCCCCCC(C)=CCCCCCCC,0.795104
CCCCCCCCCCCCCC(C)=C,0.787181
CCCCCCCCCCCC(C)C=C,0.777801
CCCCCCCCCCCC(C)=C,0.778746
CCCCCC/C(C)=C/CCCCC,0.776888
CCCCCCCCCCC=C(C)C,0.776185
CCCCCCCCCC(C)=C,0.765883
CCCCCC(C)=CCCCC,0.772339
CCCCCC=CCC(C)C,0.746756
CCCCCC[C@@H](C)CC=C,0.754247
CCCCCC(C)=CCCC,0.761918
CCCCCCC(C)CC=C,0.805798
CCCCCCC(C)CC=C,0.759662
CCCCCC=CC(C)C,0.738097
CCCC/C(C)=C/CCC,0.766734
CCCCCCC=C(C)C,0.752738
CCCCCCCC(C)=C,0.743063
CC(C)CCCCCC=C,0.813676
CCCCC(C)C=CC,0.736971
CCCCCC=C(C)C,0.745963
CCCCC=CC(C)C,0.726403
CC=CCCCC(C)C,0.734015
CCCCCC(C)=CC,0.749253
CCCC=C(C)CCC,0.750057
CC/C=C/CCC(C)C,0.73208
CCCC=CCC(C)C,0.743498
CCCCCCC(C)=C,0.732043
CC(C)CCCCC=C,0.767194
CCCC\C(C)=C\C,0.73374
CCCCC(C)C=C,0.716294
CCC\C=C\C(C)C,0.710351
CC/C=C/CC(C)C,0.712952
CC=CCCC(C)C,0.719622
CCC/C=C(C)/CC,0.732386
CCC\C(C)=C/CC,0.728518
CCCC(C)\C=C\C,0.722458
CCC(C)CCC=C,0.720917
CCC=CCC(C)C,0.716989
CCCCC=C(C)C,0.72868
CCC(CC)\C=C/C,0.719633
CCCCCC(C)=C,0.72483
CCC[C@@H](C)CC=C,0.715171
CC(C)CCCC=C,0.709685
CC(=C)CC(C)(C)C,0.727347
CC/C=C/C(C)C,0.694251
CCC\C(C)=C/C,0.71952
CCC(C)\C=C/C,0.703847
C\C=C/CC(C)C,0.705245
CC\C=C(C)/CC,0.717537
CC\C=C/C(C)C,0.698941
CCC(C)\C=C\C,0.703071
CCC\C(C)=C\C,0.726891
CC/C=C(C)/CC,0.71447
CCCC=C(C)C,0.713177
CCC\C(C)=C\C,0.718359
C/C=C/CC(C)C,0.700757
CCCCC(C)=C,0.70743
CC(C)CCC=C,0.689416
CCC(C)CC=C,0.703
CCCC(C)C=C,0.69592
C/C=C/C(C)C,0.6736
CC[C@H](C)C=C,0.672425
CC\C(C)=C\C,0.701621
CCCC(C)=C,0.68476
CCC=C(C)C,0.6912
CCC(C)C=C,0.67217
CC(C)CC=C,0.66857
CC\C(C)=C\C,0.7023
C\C=C/C(C)C,0.6741
C/C=C/C(C)C,0.6736
CC\C(C)=C/C,0.698
CC(C)C=C,0.6325
CC=C(C)C,0.6676
CCC(C)=C,0.6557
CC(C)=C,0.6004
