smiles,TC
C,-82.586
CC,32.17
CCC,96.68
CCCC,151.97
CCCCC,196.55
CCCCCC,234.45
CCCCCCC,267.05
CCCCCCCC,295.55
CCCCCCCCC,321.45
CCCCCCCCCC,344.55
CCCCCCCCCCC,365.85
CCCCCCCCCCCC,384.85
CCCCCCCCCCCCC,401.85
CCCCCCCCCCCCCC,419.85
CCCCCCCCCCCCCCC,434.85
CCCCCCCCCCCCCCCC,449.85
CCCCCCCCCCCCCCCCC,462.85
CCCCCCCCCCCCCCCCCC,473.85
CCCCCCCCCCCCCCCCCCC,484.85
CCCCCCCCCCCCCCCCCCCC,494.85
CCCCCCCCCCCCCCCCCCCCC,504.85
CCCCCCCCCCCCCCCCCCCCCC,513.85
CCCCCCCCCCCCCCCCCCCCCCC,522.85
CCCCCCCCCCCCCCCCCCCCCCCC,530.85
CCCCCCCCCCCCCCCCCCCCCCCCC,538.85
CCCCCCCCCCCCCCCCCCCCCCCCCC,545.85
CCCCCCCCCCCCCCCCCCCCCCCCCCC,552.85
CCCCCCCCCCCCCCCCCCCCCCCCCCCC,558.85
CCCCCCCCCCCCCCCCCCCCCCCCCCCCC,564.85
CCCCCCCCCCCCCCCCCCCCCCCCCCCCCC,570.85
CCCCCCCCCCCCCCCCCCCCCCCCCCCCCCC,581.561
CCCCCCCCCCCCCCCCCCCCCCCCCCCCCCCC,581.85
CCCCCCCCCCCCCCCCCCCCCCCCCCCCCCCCC,594.05
CCCCCCCCCCCCCCCCCCCCCCCCCCCCCCCCCC,599.75
CCCCCCCCCCCCCCCCCCCCCCCCCCCCCCCCCCC,605.15
CCCCCCCCCCCCCCCCCCCCCCCCCCCCCCCCCCCC,600.85
CCCCCCCCCCCCCCCCCCCCCCCCCCCCCCCCCCCCC,615.65
CCCCCCCCCCCCCCCCCCCCCCCCCCCCCCCCCCCCCC,620.55
CCCCCCCCCCCCCCCCCCCCCCCCCCCCCCCCCCCCCCC,625.35
CCCCCCCCCCCCCCCCCCCCCCCCCCCCCCCCCCCCCCCC,630.85
CCCCCCCCCCCCCCCCCCCCCCCCCCCCCCCCCCCCCCCCC,634.55
CCCCCCCCCCCCCCCCCCCCCCCCCCCCCCCCCCCCCCCCCC,638.95
CCCCCCCCCCCCCCCCCCCCCCCCCCCCCCCCCCCCCCCCCCC,643.15
CCCCCCCCCCCCCCCCCCCCCCCCCCCCCCCCCCCCCCCCCCCC,645.85
CCCCCCCCCCCCCCCCCCCCCCCCCCCCCCCCCCCCCCCCCCCCC,651.35
CCCCCCCCCCCCCCCCCCCCCCCCCCCCCCCCCCCCCCCCCCCCCC,655.25
CCCCCCCCCCCCCCCCCCCCCCCCCCCCCCCCCCCCCCCCCCCCCCC,659.05
CCCCCCCCCCCCCCCCCCCCCCCCCCCCCCCCCCCCCCCCCCCCCCCC,662.75
CCCCCCCCCCCCCCCCCCCCCCCCCCCCCCCCCCCCCCCCCCCCCCCCC,666.35
CCCCCCCCCCCCCCCCCCCCCCCCCCCCCCCCCCCCCCCCCCCCCCCCCC,669.95
CCCCCCCCCCCCCCCCCCCCCCCCCCCCCCCCCCCCCCCCCCCCCCCCCCC,673.35
CCCCCCCCCCCCCCCCCCCCCCCCCCCCCCCCCCCCCCCCCCCCCCCCCCCC,676.75
CCCCCCCCCCCCCCCCCCCCCCCCCCCCCCCCCCCCCCCCCCCCCCCCCCCCCC,683.25
CCCCCCCCCCCCCCCCCCCCCCCCCCCCCCCCCCCCCCCCCCCCCCCCCCCCCCCC,689.35
CCCCCCCCCCCCCCCCCCCCCCCCCCCCCCCCCCCCCCCCCCCCCCCCCCCCCCCCC,692.35
CCCCCCCCCCCCCCCCCCCCCCCCCCCCCCCCCCCCCCCCCCCCCCCCCCCCCCCCCC,695.35
CCCCCCCCCCCCCCCCCCCCCCCCCCCCCCCCCCCCCCCCCCCCCCCCCCCCCCCCCCCC,700.85
CCCCCCCCCCCCCCCCCCCCCCCCCCCCCCCCCCCCCCCCCCCCCCCCCCCCCCCCCCCCCC,706.45
CCCCCCCCCCCCCCCCCCCCCCCCCCCCCCCCCCCCCCCCCCCCCCCCCCCCCCCCCCCCCCCC,711.65
CCCCCCCCCCCCCCCCCCCCCCCCCCCCCCCCCCCCCCCCCCCCCCCCCCCCCCCCCCCCCCCCCC,716.75
CCCCCCCCCCCCCCCCCCCCCCCCCCCCCCCCCCCCCCCCCCCCCCCCCCCCCCCCCCCCCCCCCCC,719.15
CCCCCCCCCCCCCCCCCCCCCCCCCCCCCCCCCCCCCCCCCCCCCCCCCCCCCCCCCCCCCCCCCCCC,721.55
CCCCCCCCCCCCCCCCCCCCCCCCCCCCCCCCCCCCCCCCCCCCCCCCCCCCCCCCCCCCCCCCCCCCCC,726.21
CCCCCCCCCCCCCCCCCCCCCCCCCCCCCCCCCCCCCCCCCCCCCCCCCCCCCCCCCCCCCCCCCCCCCCCC,730.75
CCCCCCCCCCCCCCCCCCCCCCCCCCCCCCCCCCCCCCCCCCCCCCCCCCCCCCCCCCCCCCCCCCCCCCCCCC,735.05
CCCCCCCCCCCCCCCCCCCCCCCCCCCCCCCCCCCCCCCCCCCCCCCCCCCCCCCCCCCCCCCCCCCCCCCCCCCC,739.25
CCCCCCCCCCCCCCCCCCCCCCCCCCCCCCCCCCCCCCCCCCCCCCCCCCCCCCCCCCCCCCCCCCCCCCCCCCC,751.05
CCCCCCCCCCCCCCCCCCCCCCCCCCCCCCCCCCCCCCCCCCCCCCCCCCCCCCCCCCCCCCCCCCCCCCCCCCCCCCCCCCCCCCCCCCCCCC,771.75
CCCCCCCCCCCCCCCCCC(CCCCCCCCCCCCCCCC)CCCCCCCCCCCCCCCC,679.85
CC(CCC(CCCCC(CCC(C)CC(C)(C)C)CCC(C)CC(C)(C)C)CCC(C)CC(C)(C)C)CC(C)(C)C,560.85
CCCCCCCCCCCCCC(CCCCCCCCCCCC)CCCCCCCCCCCC,579.85
CCCCCCCCCCCCC(CCCCCCCCCCCC)CCCCCCCCCCCC,598.85
CCCCCCCCCCCCC(CCCCCCCCCCC)CCCCCCCCCCCC,579.85
CCCCCCCCCCCCCCCC(CCCC)CCCCCCCCCCCCCCC,587.85
CCCCCCCCCCCCCCCCCC(CCCCCCCC)CCCCCCCC,580.85
CCCCCCCCCCCCCC(CCCCCCCCCC)CCCCCCCCCC,579.85
CCCCCCCCCCCC(CCCCCCCCCCC)CCCCCCCCCCC,581.85
CCCCCCCCCCCCCCCC(CC)CCCCCCCCCCCCCCC,575.85
CCCCCCCCCCCCCCCC(CCCCCCCC)CCCCCCCC,559.85
CCCCCCCCC(CCCCCC)CC(C)(CCCCCC)CCCCCCCC,558.85
CCCCCCCCC(CCC)C(CCC)C(CCC)C(CCC)CCCCCCCC,562.85
CCCCCCCCCCCC(CCCCCCCCCC)CCCCCCCCCC,557.85
CCCCCCCCCCC(CCCCCCCCCC)CCCCCCCCCC,574.85
CCCCCCCCCCCCCC(CCCCCCCC)CCCCCCCC,538.85
CCCCCCCCCCC(CCCCCCCCC)CCCCCCCCCC,557.85
CC(C)CCCC(C)CCCC(C)CCCCC(C)CCCC(C)CCCC(C)C,548.85
CCCCCCCCCCC(CCCCCCCCC)CCCCCCCCC,550.85
CCCCCCCCCCC(CCCCCCCC)CCCCCCCCC,543.85
CCCCCCCCCCCCCCCC(CCCCCC)CCCCCC,546.85
CCCCCCCCCCCC(CCCCCCCC)CCCCCCCC,543.85
CC(CCC(CCC(C)CC(C)(C)C)CCC(C)CC(C)(C)C)CC(C)(C)C,504.85
CCCCCCCCCC(CCCCCCCCC)CCCCCCCCC,543.85
CCCCCCCCCCC(CCCCCCCC)CCCCCCCC,536.85
CCCCCCCCCCC(CCCCCCC)CCCCCCCCC,536.85
CCCCCCCCCCCCCCCCCC(CCCC)CCCC,527.85
CCCCCCCCCCCCCCCCCCCCCC(CC)CC,529.85
CCCCCCCCCCCC(CCCC)CCCCCCCCCC,530.85
CCCCCC(CC)CCC(CCCCC)CCC(CC)CCCCC,539.85
CCCCCCCCCCCCCC(CCCC)CCCCCCCC,529.85
CCCCCCCCC(C)CCC(C)CCC(C)CCCCCCCC,514.85
CCCCCCCCCCCCCC(CCCCCC)CCCCCC,528.85
CCCCCC(CCC)CCC(CCC)CCC(CCC)CCCCC,503.85
CCCCCCCCCCCCCCCC(CCCC)CCCCCC,529.85
CCCCCCCCCCCCCC(CC(CC)CC)CC(CC)CC,514.85
CCCCCC(CCCCC(CCCCC)CCC(C)C)CCC(C)C,507.85
CCCCCCCCCCC(CCCCC)CCCCCCCCCC,517.85
CCCCCCCCCCC(CCCCCCCCCC)CC(C)(C)C,506.034
CCCCCCCCCCC(CCCCCC)CCCCCCCCC,529.85
CCCCCCCCC(CCCCCCCC)CCCCCCCC,516.85
CCCCCCCCCCC(CCCCC)CCCCCCCCC,521.85
CCCCCCCCC(CCCCCCC)CCCCCCCC,513.85
CCCCCCCCCCCCCCCCC(CCC)CCCC,513.85
CCCCCCCCCCCC(CCCCCC)CCCCCC,513.85
CCCC(C)CCCC(C)CCCCC(C)CCCC(C)CCC,490.85
CCCCCCCCCCCCCCCC(CCCC)CCCC,513.85
CCCCCCC(CCCC)CC(C)(CCCC)CCCCCC,570.85
CCCCCCC(CCC(C)C)C(CCCCCC)CCC(C)C,495.85
CCCCCCCCCCCCCCCC(C)CC(C)CC(C)C,498.85
CCCCCCCCC(CCCCCC)CCCCCCCC,514.85
CCCCCCCCCCCCCCC(C)CC(C)CC(C)C,489.85
CCCCCCCC(CCCCCCC)CCCCCCC,518.85
CCCCCCCCCCCCCCCC(CCC)CCC,518.85
CCCCCCCC(CCCCCC)CCCCCCC,505.85
CCCCCCCCC(CCCCCC)CCCCCC,505.85
CCCCCCCCCCCCCC(CCC)CCC,492.85
CCCCCC(CC)CC(CC)CC(CC)CCCC,459.85
CCC(C)CCCC(C)CCCC(C)CCCC(C)C,463.85
CC(C)CCCC(C)CCCCC(C)CCCC(C)C,451.85
CCCCCCC(C)C(C)C(C)C(C)CCCCCC,484.85
CCCCCCCCCCCC(CCCC)CCCC,492.85
CCCCCCCCCCCCCCCC(CC)CC,497.85
CC(C)(C)CCCCCCCCCCCCC(C)(C)C,466.85
CCCCCCCCCCC(CCCC)CCCC,479.85
CC(C)CCCC(C)CCCC(C)CCCC(C)C,458.85
CCCCC(C)CCCC(C)CCCC(C)CCC,448.85
CCC(C)(C)CCCC(C)CCCC(C)(C)CC,467.85
CCCCCCCC(CCC)CCCCCCC,465.85
CC(CCCCC(C)CC(C)(C)C)CC(C)(C)C,449.85
CC(C)(C)C(C(C(C)(C)C)C(C)(C)C)C(C)(C)C,498.85
CCCCCCC(CCCCC)CCCCC,443.85
CCCCCCC(CCCC)CCCCCC,443.85
CCCCCCCCCCC(CCC)CCC,443.85
CCCCCCC(CCC)CCCCCC,431.85
CC(C)CCCC(C)C(C)CCCC(C)C,416.85
CCCCCC(CCCCC)CCCCC,420.85
CCC(CC)(CC)CCC(CC)(CC)CC,472.85
CCC(C)(C)CCCCCCC(C)(C)CC,439.85
CC(CCCC(C)(C)C)CCCC(C)(C)C,420.85
CCCCC(CCCC)(CCCC)C(C)C,462.25
CCCCCCCCCCCC(CC)CC,431.85
CCC(C)CCCCC(C)CCCC(C)C,418.85
CC(C)(C)C(C)(C)CCC(C)(C)C(C)(C)C,465.85
CC(CC(C)(C)C)CC(C)(C)CC(C)(C)C,418.85
CC(C)CCCCC(C)CCCC(C)C,409.85
CCC(C)CCCC(C)CCCC(C)C,404.85
CCC(C)C(C)(C)CC(C)(C)C(C)CC,446.85
CC(C)CC(C)(C)CC(C)(C)CC(C)C,413.85
CCC(C)(C)C(C)(C)CC(C)CC(C)C,436.85
CCCCCCC(CCC)CCCCC,410.95
CCCCC(C)(C)CC(C)(C)CCCC,423.85
CCCC(C)(CC)CC(C)(CC)CCC,440.85
CCC(C)(C)C(C)(C)CC(C)(C)C(C)C,454.85
CC(C)(C)CCCCCCC(C)(C)C,390.85
CC(C)C(C)(C)CC(C)(C)C(C)(C)C,431.85
CCC(CC(C)C)C(CC)CC(C)C,387.45
CCC(CC)(CC)C(CC)(CC)CC,466.85
CCCCCCC(CCC)CCCC,404.85
CC(C)CC(C)(C)C(C)(C)CC(C)C,435.85
CCCCCCCC(CCC)CCC,404.85
CC(C)CCC(CC(C)C)CC(C)C,380.85
CCCC(C)(CC)C(C)(CC)CCC,447.85
CC(C)(C)C(C)(C)C(C)(C)C(C)(C)C,460.85
CCCCCCCCCC(CC)CC,418.25
CCCCC(CCCC)CCCC,388.85
CCCC(C)(C)CC(C)(C)CCC,391.85
CCC(C)(CC)CC(C)(CC)CC,410.85
CCCCC(C)CC(C)CC(C)C,371.15
CCC(C)CCC(C)CC(C)CC,376.85
CCCCCCC(CCC)CCC,382.95
CCCCC(C)(CC)CC(C)CC,389.55
CCC(CC)CC(C)CC(C)(C)C,378.75
CC(C)CCCC(C)CCC(C)C,387.85
CCCCC(C)(CC)CC(C)CC,389.55
CC(C)(C)C(C(C)(C)C)C(C)(C)C,394.85
CC(CCC(C)(C)C)CC(C)(C)C,369.85
CC(CC(C)(C)C)CC(C)(C)C,352.45
CCCCCC(C)CC(C)(C)C,359.85
CC(C(C)C(C)(C)C)C(C)(C)C,384.85
CCC(C)(C)CCCC(C)(C)C,356.45
CC(C)(C)CCCCC(C)(C)C,357.75
CCC(C)C(C)CC(C)C(C)C,388.15
CCC(C)CC(C)(CC)C(C)C,383.65
CC(C)C(C)CCC(C)C(C)C,364.85
CC(C)CCC(C)(C)CC(C)C,354.45
CC(C)CC(C)CCC(C)(C)C,353.75
CCCC(C)CC(C)CC(C)C,355.85
CC(C)CC(C)C(C)CC(C)C,359.55
CC(C)CC(C)(C)CC(C)(C)C,363.15
CCCCCC(CC)CCCC,376.85
CC(C)CCC(C(C)C)C(C)C,366.75
CCCCC(CCC)CCCC,372.85
CCCC(C)(CC)CC(C)CC,365.55
CCCC(CC(C)C)CC(C)C,357.85
CCCCCCCC(CC)CC,369.85
CCC(C)(C)CCC(C)(C)CC,373.85
CCCC(C)(C)CCCC(C)C,366.25
CC(C)CCC(C)CCC(C)C,357.75
CC(C)C(C)CC(C)C(C)(C)C,371.65
CCCC(C)(CCC)C(C)(C)C,376.45
CC(C)(C)CC(C)(C)C(C)(C)C,379.85
CC(C)CC(C)CC(C)(C)C,334.35
CC(C)CCCC(C)C(C)C,347.05
CC(C)CC(C)(C)CC(C)C,341.05
CCC(C)CC(C)CC(C)C,340.25
CCC(C)CC(C)(CC)CC,362.85
CCCCC(CC)CCCC,347.15
CCCCC(CCC)CCC,356.55
CCCCCC(CC)CCC,358.85
CCC(C)(C)CCC(C)(C)C,344.85
CCCCCCC(CC)CC,358.85
CCC(C)(C)CC(C)(C)CC,355.85
CC(C)CCC(C)CC(C)C,340.45
CCCC(C)(CC)CC(C)C,344.85
CCCCC(C)(C)CC(C)C,347.85
CCCCC(C)CC(C)(C)C,342.65
CC(CC(C)(C)C)C(C)(C)C,346.95
CC(C)C(C)(C)CC(C)(C)C,355.15
CCCC(C)(C)CC(C)(C)C,344.85
CCCCC(C)(C)C(C)(C)C,366.35
CC(C)CC(C)(C)C(C)(C)C,360.15
CCCC(C)(CC)CC(C)C,340.85
CCCCC(C)C(C)(C)C,344.85
CC(C(C)(C)C)C(C)(C)C,354.15
CC(C)C(C)CC(C)(C)C,326.25
CCCCC(C)(C)C(C)C,342.15
CC(C)CCCC(C)(C)C,319.95
CCC(C)CCC(C)(C)C,329.85
CCCC(C)CC(C)(C)C,325.05
CCC(C)(C)CC(C)(C)C,330.05
CCCC(C)C(C)C(C)C,336.25
CCCC(C)(C)CC(C)C,325.45
CCC(C)(C)C(C)(C)CC,368.75
CCCC(C)(C)C(C)CC,348.85
CCCC(C)(CC)C(C)C,333.85
CCC(C)C(C)(CC)CC,341.85
CCC(CC)C(C)(C)CC,341.85
CCCC(CCC)CCC,335.65
CCCCC(CC)CCC,333.85
CCC(CC)C(C)C(C)C,341.85
CCCCCC(CC)CC,343.95
CCC(CC(C)C)C(C)C,328.85
CCC(C)C(CC)C(C)C,341.85
CCCC(CC)C(C)(C)C,335.85
CCC(C)(CC)C(C)(C)C,352.85
CCC(C)C(C)C(C)CC,341.85
CCC(CC)(CC)C(C)C,337.85
CCCC(C)C(C)(C)CC,348.85
CCC(C)(C)CCC(C)C,329.05
CC(C)CC(C)CC(C)C,317.25
CCC(C)C(C)CC(C)C,328.85
CC(C)CCC(C)C(C)C,331.15
CCC(C)CC(C)C(C)C,328.85
CCC(CC)CC(C)(C)C,324.35
CC(C)C(C)(C)C(C)(C)C,365.45
CC(C)(C)CCC(C)(C)C,308.25
CCC(C)CC(C)(C)CC,336.35
CCCC(C)(C)C(C)(C)C,349.85
CCC(C)(CC)C(C)C,300.65
CCC(C)C(C)C(C)C,322.95
CCCC(C)(C)C(C)C,318.95
CCC(C)C(C)(C)CC,318.95
CCCC(C)C(C)(C)C,314.85
CCCC(CC)CCC,321.55
CC[C@H](C)[C@H](C)C(C)C,317.05
CCC(C)CC(C)(C)C,300.55
CC(C)CC(C)C(C)C,307.15
CC[C@@H](C)[C@H](C)C(C)C,317.05
CC(C)C(C)C(C)(C)C,319.45
CC(C)(C)CC(C)(C)C,301.45
CCC(CC)C(C)(C)C,316.85
CC(C)C(C)(C)C(C)C,334.35
CCC(C)(C)CC(C)C,307.85
CCC(CC)(CC)CC,336.9
CCCCC(CC)CC,316.85
CCC(C(C)C)C(C)C,317.85
CC(C)CCC(C)(C)C,296.65
CCC(C)(C)C(C)(C)C,334.35
CCC(C)(C)C(C)C,300.35
CCCC(CC)CC,292.35
CCC(CC)C(C)C,293.95
CCC(C)(CC)CC,303.35
CC(C)C(C)C(C)C,293.25
CCC(C)C(C)(C)C,290.35
CC(C)CC(C)(C)C,270.65
CC(C)(C)C(C)(C)C,294.85
CCC(CC)CC,267.45
CC(C)C(C)(C)C,257.95
CCCCCCCCCCCCC\C=C/CCCCCCCC,505.25
CCCCCCCCCCCCC\C=C\CCCCCCCC,506.05
CCCCCCCCCCCCCCCCC/C=C/C,502.85
CCCCCCCCCCCCCCCCC/C=C/C,468.65
CCCCCCCCCC/C=C/CCCCCC,473.85
CCCCCCCCCCCCC\C=C/CCC,477.85
CCCCCCCC\C=C/CCCCCCCC,466.85
CCCCCCCCCCC/C=C/CCCCC,477.85
CCCCCCCCCCC\C=C/CCCCC,477.85
CCCCCCCCCCCC\C=C/CCCC,477.85
CCCCCCCCC\C=C/CCCCCCC,477.85
CCCCCCCCCCCCCCC\C=C/C,475.85
CCCCCCCC/C=C/CCCCCCCC,484.85
CCCCCCCCCCCCCCC/C=C/C,475.85
CCCCCCCCCC\C=C/CCCCCC,464.85
CCCCCCCCCCCCC/C=C/CCC,477.85
CCCCCCCCC=CCCCCCCC,455.85
CCCCCCCCCCCCCC=CC,443.85
CCCCCCCCCC=CCCCCC,443.85
CCCCCCCCCCCCC=CC,431.85
CCCCCCCC=CCCCCCC,431.85
CCCCCCCCCCCC/C=C/C,428.45
CCCCCCCCCCCC=CC,415.85
CCCCCC\C=C\CCCCCC,411.85
CCCCCC\C=C/CCCCC,398.85
CCCCCCC/C=C/CCC,387.85
CCCCC\C=C\CCCCC,383.85
CCCCCCCCCC=CC,387.85
CCCCCCCC=CCCC,387.85
CCCCC/C=C/CCCCC,387.85
CCCCCCC\C=C/CCC,387.85
CC1(OC2CC3C4CCC5=CC(=O)CCC5(C)C4(F)C(O)CC3(C)C2(O1)C(=O)CBr)c6ccccc6,387.85
CCCCCC/C=C/CCCC,387.85
CCCCC\C=C/CCCCC,382.85
CCCCCCCC\C=C\CC,387.85
CCCCCCCCC\C=C/C,389.85
CCCCCCCCC/C=C/C,389.85
CCCCCC=CCCCC,365.65
CCCCCCC=CCCC,361.55
CCCCCC\C=C/CCC,363.85
CCCCC\C=C\CCCC,363.85
CCCCCCCCC=CC,360.85
CCCCCCC\C=C/CC,363.85
CCCCC\C=C/CCCC,363.85
CCCCCCCC\C=C\C,360.85
CCCCCC\C=C\CCC,363.85
CCCCCCC/C=C/CC,363.85
CCCCCCCC\C=C/C,360.85
CCCCC\C=C\CCC,346.05
CCCCCC\C=C/CC,346.75
CCCCCC\C=C\CC,346.95
CCCCC\C=C/CCC,345.85
CCCC\C=C\CCCC,345.15
CCCCCC=CCCC,345.75
CCCC\C=C\CCCC,346.75
CCCC\C=C\CCCC,345.55
CCCCCCC=CCC,349.45
CCCCCCCC=CC,340.85
CCCCCCC\C=C/C,347.85
CCCCCCC\C=C/C,345.85
CCCC/C=C/CCC,322.35
CCCCC\C=C/CC,323.65
CCCC/C=C/CCC,323.05
CCCCCC=CCC,322.85
CCCC\C=C/CCC,322.55
CCCCCC\C=C/C,324.95
CCCCC\C=C/CC,323.35
CCCCCC\C=C/C,324.95
CCCCCC\C=C\C,323.95
CCCCC\C=C/C,300.15
CCC/C=C/CCC,295.15
CCCC\C=C\CC,295.45
CCCC\C=C\CC,300.85
CCC/C=C/CCC,299.85
CCC\C=C/CCC,294.85
CCCCC\C=C/C,298.85
CCCCC\C=C\C,298.45
CCCC\C=C/CC,295.85
CCC\C=C\CC,268.15
CCCC\C=C\C,269.95
CCCC\C=C\C,269.95
CCCC\C=C/C,270.55
CCC\C=C\CC,266.85
CCC\C=C/CC,271.85
CCC\C=C/C,237.65
CC\C=C\CC,229.1
CC\C=C\CC,235.85
CCC\C=C/C,238.25
CCC\C=C\C,236.65
CC\C=C/CC,235.85
CC\C=C/C,200.65
CC\C=C/C,201.85
CC\C=C\C,201.05
C\C=C/C,162.35
C\C=C\C,155.45
C\C=C/C,162.35
CCCCCCCCCCCCCCCCCCCCCCCCCCCCCCCCCCCCCCC=C,641.65
CCCCCCCCCCCCCCCCCCCCCCCCCCCCCCCCCCC=C,620.85
CCCCCCCCCCCCCCCCCCCCCCCCCCCCC=C,583.85
CCCCCCCCCCCCCCCCCCCCCCCCCCCC=C,558.85
CCCCCCCCCCCCCCCCCCCCCCCCCCC=C,569.05
CCCCCCCCCCCCCCCCCCCCCCCCCC=C,544.85
CCCCCCCCCCCCCCCCCCCCCCCCC=C,554.15
CCCCCCCCCCCCCCCCCCCCCCC=C,537.25
CCCCCCCCCCCCCCCCCCCCCC=C,536.85
CCCCCCCCCCCCCCCCCCCCC=C,518.45
CCCCCCCCCCCCCCCCCCCC=C,512.85
CCCCCCCCCCCCCCCCCCC=C,497.85
CCCCCCCCCCCCCCCCCC=C,486.85
CCCCCCCCCCCCCCCCC=C,474.85
CCCCCCCCCCCCCCCC=C,462.85
CCCCCCCCCCCCCCC=C,448.85
CCCCCCCCCCCCCC=C,434.85
CCCCCCCCCCCCC=C,417.85
CCCCCCCCCCCC=C,401.65
CCCCCCCCCCC=C,383.95
CCCCCCCCCC=C,364.65
CCCCCCCCC=C,343.45
CCCCCCCC=C,319.95
CCCCCCC=C,293.75
CCCCCC=C,264.25
CCCCC=C,230.85
CCCC=C,191.65
CCC=C,146.35
CC=C,91.7
C=C,9.19
CCCCCCCCCCCCCCCCCCC#C,506.85
CCCCCCCCCCCCCCCCCC#C,493.85
CCCCCCCCCCC#CCCCCCC,483.85
CCCCCCCCCCCCC#CCCCC,496.85
CCCCCCCCCCCCCCC#CCC,502.85
CCCCCCCCCC#CCCCCCCC,483.85
CCCCCCCCC#CCCCCCCCC,491.85
CCCCCCCCCCCCCCCCC#C,512.85
CCCCCCCCCCCC#CCCCCC,483.85
CCCCCCCCCCCCCC#CCCC,483.85
CCCCCCCCCCCCCCCC#CC,521.85
CCCCCCCCCCCCCCCC#C,489.85
CCCCCCCCCCCCCC#CC,489.85
CCCCCCCCCCCCCCC#C,476.85
CCCCCCCCCCCCCC#C,480.85
CCCCCCCCC=C(C)C#CC=C,434.85
CCCCCCC#CCCCCCC,442.85
CCC(C)CCC#CCCC(C)CC,454.85
CCCCCCCCCCCC#CC,427.85
CCCCCCCCCCCCC#C,426.65
CCC(C)CCCC#CCC(C)CC,454.85
CC(C)(C)C#CC(C)(C)C(C)(C)C,369.85
CCCCCCCCCCCC#C,443.85
CCCCC#CCC#CCCCC,426.85
C#CCCCCCCCCCC#C,440.85
CC(C)CCC#CCCC(C)C,402.85
CCCCCCCCCC#CC,420.85
CCCCCCCCCCC#C,426.85
CCCCCCCCC#CCC,411.85
CCCCCC#CC(C)(C)CC,392.85
CCCCCC#CCCCCC,390.75
CC(C)(C)C#CC#CC(C)(C)C,404.85
CC(C)(CCC(C)(C)C#C)C#C,365.85
CCCCC#CC#CCCCC,438.85
CCC#CCCCCC#CCC,427.85
CCCCCCCCCC#C,398.75
CCCCCCCCC#CC,394.95
CCCCC#CC(C)(C)CC,378.85
CCCCCC#CCCCC,382.05
CCCCCCCC#CC=C,406.85
C#CCCCCCCCC#C,377.85
CCCCC#CC#CC(C)=C,427.85
C=CCC(CC=C)(C=C)C#C,345.85
C#CC#CC#CC#CC#CC#C,546.85
CC(C)CC#CCC(C)C,349.15
CCCCC#CCCCC,367.75
CCCC#CCCC(C)C,360.85
CCCCC#CC(C)(C)C,335.85
CCCCCCC#CCC,364.75
CC#CC(C)(C)C(C)(C)C,336.85
CC(C)(C)C#CC(C)(C)C,299.85
CCC#CC(C)(CC)CC,355.85
CCCCCC#CCCC,371.85
CCCCCCCCC#C,346.7
CCCCC#CCC(C)=C,348.85
CCCCCCC#CC=C,390.85
CCCCCC\C=C/C#C,379.85
CCCCCCC#CC,356.35
CCCCCC#CCC,349.55
CCC#CC(C)(C)CC,330.85
CCCCC#CCCC,347.25
CC(C)CC#CC(C)C,323.75
CC(C)C#CC(C)(C)C,299.95
CCCCC#CC(C)C,335.15
CCC#CCCC(C)C,342.85
CCCCCCCC#C,324.9
CC#CCCCC#CC,459.65
C#CCCCCCC#C,382.05
CC=C(C)C#CC(C)=C,319.85
CC(C=C)=CC#CC=C,347.85
CCCCC#CCC,372.55
CCCCCC#CC,354.65
CCC#CC(C)(C)C,294.85
CCC(C)(CC)C#C,313.85
CCCC#CCCC,369.55
CCCCCCC#C,300.85
CCCCC#CC=C,319.85
CC#CCCC#CC,420.85
CC(C)(C)C#CC#C,300.85
CCCCC#CC#C,330.85
C#CCCCCC#C,356.95
CCC#CC#CCC,369.85
C=CC=CC#CC=C,322.85
COC(=O)CN1C(=S)SC(=C\c2ccc(cc2)N(C)C)/C1=O,403.85
CCC(C)CC#C,283.85
CCC(C)C#CC,294.85
CC(C)CCC#C,282.65
CCCC#CCC,348.65
CCC#CC(C)C,287.85
CCCCC#CC,330.55
CC#CC(C)(C)C,279.85
CC#CCC(C)C,319.05
CCC(C)(C)C#C,273.85
CCCCCC#C,273.85
CCC=C(C)C#C,272.85
CCCC#CC=C,296.15
CC=C(C)C#CC,280.85
CC#CCCC#C,301.85
C#CCCCC#C,335.25
CC(C)(C#C)C#C,279.85
CC(=C)C#CC=C,283.85
C=CCC#CC#C,309.85
CC#CC(C)C,267.15
CCC(C)C#C,250.85
CC(C)CC#C,248.75
CC(C)(C)C#C,215.35
CCCCC#C,243.05
CCCC#CC,275.85
CCC#CCC,270.85
CCC#CC=C,270.25
C/C=C(/C)C#C,275.85
C=CCCC#C,250.75
CC=CC#CC,274.35
CC/C=C/C#C,254.15
CCC#CC#C,276.85
C=CC#CC=C,278.35
C#CCCC#C,313.65
CC#CC#CC,345.85
CC#CCC#C,327.25
C=C/C=C/C#C,277.85
C#CC#CC#C,258.85
CCC#CC,245.85
CCCC#C,208.05
CC(C)C#C,190.05
C/C=C/C#C,234.85
C/C=C/C#C,243.85
C\C=C/C#C,231.85
C=CCC#C,229.85
CC(=C)C#C,218.85
CC#CC=C,246.85
CC#CC#C,235.85
CCC#C,166.85
CC#CC,200.05
C=CC#C,180.85
C#CC#C,186.85
CC#C,129.25
C#C,35.15
CCCCCCCCCCCCCCCCCCCCCCCCCCCCCCCCCC(C)C,592.85
CCCCCCCCCCCCCCCCCCCCCCCCCCCCCCCCC(C)CC,592.85
CCCCCCCCCCCCCCCCCCCCCCCCCCCCCCCC(C)CCC,592.85
CCCCCCCCCCCCCCCCCCCCCCCCCCCCCCC(C)CCCC,592.85
CCCCCCCCCCCCCCCCCCCCCCCCCCCCCCCCC(C)C,587.85
CCCCCCCCCCCCCCCCCCCCCCCCCCCCCCC(C)CCC,587.85
CCCCCCCCCCCCCCCCCCCCCCCCCCCCCCCC(C)CC,587.85
CCCCCCCCCCCCCCCCCCCCCCCCCCCCCC(C)CCCC,587.85
CCCCCCCCCCCCCCCCCCCCCCCCCCCCCCCC(C)C,581.85
CCCCCCCCCCCCCCCCCCCCCCCCCCCCC(C)CCCC,581.85
CCCCCCCCCCCCCCCC(C)CCCCCCCCCCCCCCC,569.85
CCCCCCCCCCCCC(C)CCCCCCCCCCCC,529.85
CCCCCCCCCCCCCCCCCCCCCC(C)C,513.85
CCCCCCCCCCCCCCCCCCC(C)CCCC,513.95
CCCCCCCCCCCCCCCCCCC(C)CC,499.25
CCCCCCCCCCCCCCCC(C)CCCC,492.25
CCCCCCCCCCCCCCCCCC(C)CC,474.55
CCCCCCCCCCC(C)CCCCCCCCC,505.85
CCCCCCCCCCCCCCCCCC(C)C,481.75
CCCCCCCCCCCCCCC(C)CCCC,484.35
CCCCCCCCCCCCCCCCC(C)CC,492.85
CCCCCCCCCCC(C)CCCCCCC,479.85
CCCCCCCCCCCC(C)CCCCCC,479.85
CCCCCCCCCCCCCCCCC(C)C,473.55
CCCCCCCCCC(C)CCCCCCCC,479.85
CCCCCCCCCCCCC(C)CCCCC,479.85
CCCCCCCCCCCCCCC(C)CCC,474.15
CCCCCCCCCCCCCCCC(C)CC,475.15
CCCCCCCCC(C)CCCCCCCC,470.85
CCCCCCCCCCCCCCCC(C)C,462.45
CCCCCCCCCCCCCCC(C)CC,464.85
CCCCCCCCCCCCC(C)CCCC,462.15
CCCCCCCCCCCCCCC(C)C,452.45
CCCCCCCCCC(C)CCCCCC,443.85
CCCCCCCCCCCCCC(C)CC,451.15
CCCCCCCCCCCCC(C)CCC,451.65
CCCCCCCCCCCC(C)CCC,440.35
CCCCCCCCCC(C)CCCCC,431.85
CCCCCCCCCCCCC(C)CC,452.45
CCCCCCCCCCCCCC(C)C,441.75
CCCCCCCC(C)CCCCCCC,431.85
CCCCCCCCC(C)CCCCCC,443.85
CCCCCCCCCCC(C)CCCC,436.35
CCCCCCCCCCCCC(C)C,436.75
CCCCCCCC(C)CCCCCC,426.05
CCCCCCCCC(C)CCCCC,426.05
CCCCCCCCCC(C)CCCC,424.15
CCCCCCCCCCC(C)CCC,425.55
CCCCCCCCCCCC(C)CC,428.55
CCCCCCC(C)CCCCCC,404.85
CCCCCCCC(C)CCCCC,392.85
CCCCCCCCCC(C)CCC,411.95
CCCCCCCCC(C)CCCC,409.95
CCCCCCCCCCCC(C)C,410.95
CCCCCCCCCCC(C)CC,411.55
Cc1ccc(O)c(NC(=O)c2ccc(cc2)c3ccccc3)c1,388.85
CCCCCCCCC(C)CCC,391.85
CCCCCCCC(C)CCCC,391.15
CCCCCCCCCC(C)CC,395.85
CCCCCCCCCCC(C)C,394.85
CCCCCCC(C)CCCC,372.85
CCCCCCCC(C)CCC,373.55
CCCCCCCC[C@@H](C)CC,373.85
CCCCCCCCC(C)CC,379.15
CCCCCCCCCC(C)C,377.55
CCCCCC(C)CCCC,355.35
CCCCCCC(C)CCC,355.55
CCCCCCCCC(C)C,358.65
CCCCCCCC(C)CC,360.95
CCCCCC[C@@H](C)CC,337.85
CCCCCC[C@@H](C)CC,337.85
CCCCCCC(C)CC,337.85
CCCCCCC(C)CC,339.85
CCCCCCCC(C)C,336.85
CCCCCC(C)CCC,336.85
CCCCC(C)CCCC,336.85
CCCC[C@H](C)CCC,309.85
CCCCC(C)CCC,314.5
CCCCCC(C)CC,317.0
CCCCCCC(C)C,309.72
CCCC[C@@H](C)CC,288.05
CCCCCC(C)C,286.55
CCCC(C)CCC,288.55
CCCCC(C)CC,290.45
CCCC(C)CC,261.95
CCCC(C)CC,262.05
CCCCC(C)C,257.25
CCC(C)CC,231.45
CCCC(C)C,224.55
CCC(C)C,187.25
CC(C)C,134.65
CCCCCCCCCCCCCCCCC=C(C)C,502.85
CCCCCCCCCCCCCCCCCC(C)=C,498.85
CCCCCCCCCCCCCCCC(C)=CC,488.85
CCCCCCCCCCCCCCC=C(C)C,457.85
CCCCCCCCC(C)=CCCCCCCC,457.85
CCCCCCCCCCCCCC(C)=C,439.85
CCCCCCCCCCCC(C)C=C,418.85
CCCCCCCCCCCC(C)=C,414.85
CCCCCC/C(C)=C/CCCCC,406.85
CCCCCCCCCCC=C(C)C,406.85
CCCCCCCCCC(C)=C,373.85
CCCCCC(C)=CCCCC,374.85
CCCCCC=CCC(C)C,356.95
CCCCCC[C@@H](C)CC=C,347.85
CCCCCC(C)=CCCC,362.85
CCCCCCC(C)CC=C,347.85
CCCCCCC(C)CC=C,347.85
CCCCCC=CC(C)C,332.35
CCCC/C(C)=C/CCC,335.75
CCCCCCC=C(C)C,337.85
CCCCCCCC(C)=C,342.85
CC(C)CCCCCC=C,345.85
CCCCC(C)C=CC,308.65
CCCCCC=C(C)C,317.85
CCCCC=CC(C)C,308.35
CC=CCCCC(C)C,315.65
CCCCCC(C)=CC,317.85
CCCC=C(C)CCC,308.65
CC/C=C/CCC(C)C,310.85
CCCC=CCC(C)C,319.85
CCCCCCC(C)=C,319.85
CC(C)CCCCC=C,305.85
CCCC\C(C)=C\C,297.85
CCCCC(C)C=C,280.15
CCC\C=C\C(C)C,283.15
CC/C=C/CC(C)C,284.45
CC=CCCC(C)C,289.85
CCC/C=C(C)/CC,300.85
CCC\C(C)=C/CC,297.85
CCCC(C)\C=C\C,284.05
CCC(C)CCC=C,282.55
CCC=CCC(C)C,281.65
CCCCC=C(C)C,295.75
CCC(CC)\C=C/C,284.25
CCCCCC(C)=C,293.85
CCC[C@@H](C)CC=C,284.15
CC(C)CCCC=C,284.85
CC(=C)CC(C)(C)C,289.85
CC/C=C/C(C)C,253.55
CCC\C(C)=C/C,271.85
CCC(C)\C=C/C,254.25
C\C=C/CC(C)C,259.65
CC\C=C(C)/CC,271.85
CC\C=C/C(C)C,254.35
CCC(C)\C=C\C,256.15
CCC\C(C)=C\C,265.85
CC/C=C(C)/CC,267.85
CCCC=C(C)C,263.85
CCC\C(C)=C\C,270.85
C/C=C/CC(C)C,256.85
CCCCC(C)=C,264.85
CC(C)CCC=C,254.85
CCC(C)CC=C,260.85
CCCC(C)C=C,254.85
C/C=C/C(C)C,227.85
CC[C@H](C)C=C,216.85
CC\C(C)=C\C,237.85
CCCC(C)=C,231.85
CCC=C(C)C,240.85
CCC(C)C=C,221.85
CC(C)CC=C,222.85
CC\C(C)=C\C,243.85
C\C=C/C(C)C,225.85
C/C=C/C(C)C,227.85
CC\C(C)=C/C,241.85
CC(C)C=C,179.55
CC=C(C)C,196.85
CCC(C)=C,191.85
CC(C)=C,144.75
