,smiles,Mw,PC,RKTZRA,SG,TB,TC,ZC
0,C,16.0428,45.99,0.28927,0.3,-161.49,-82.586,0.286
1,CC,30.0696,48.72,0.28097,0.3564,-88.6,32.17,0.279
2,CCC,44.0965,42.48,0.27657,0.5077,-42.04,96.68,0.276
3,CCCC,58.1234,37.96,0.27292,0.5844,-0.5,151.97,0.274
4,CCCCC,72.1503,33.7,0.26833,0.631,36.07,196.55,0.27
5,CCCCCC,86.1772,30.25,0.26411,0.664,68.73,234.45,0.266
6,CCCCCCC,100.204,27.4,0.26078,0.6882,98.43,267.05,0.261
7,CCCCCCCC,114.231,24.9,0.25697,0.7068,125.68,295.55,0.256
8,CCCCCCCCC,128.258,22.9,0.25451,0.7217,150.82,321.45,0.255
9,CCCCCCCCCC,142.285,21.1,0.2518,0.7342,174.155,344.55,0.254
10,CCCCCCCCCCC,156.312,19.5,0.24879,0.7443,195.928,365.85,0.252
11,CCCCCCCCCCCC,170.338,18.2,0.24668,0.7526,216.323,384.85,0.251
12,CCCCCCCCCCCCC,184.365,16.8,0.24324,0.7601,235.466,401.85,0.247
13,CCCCCCCCCCCCCC,198.392,15.7,0.24006,0.7667,253.577,419.85,0.244
14,CCCCCCCCCCCCCCC,212.419,14.8,0.23836,0.7721,270.685,434.85,0.244
15,CCCCCCCCCCCCCCCC,226.446,14.0,0.23659,0.7773,286.864,449.85,0.243
16,CCCCCCCCCCCCCCCCC,240.473,13.4,0.23642,0.7817,302.15,462.85,0.244
17,CCCCCCCCCCCCCCCCCC,254.5,12.7,0.23473,0.7856,316.71,473.85,0.243
18,CCCCCCCCCCCCCCCCCCC,268.527,12.1,0.23337,0.7892,329.9,484.85,0.242
19,CCCCCCCCCCCCCCCCCCCC,282.553,11.6,0.23278,0.7924,343.78,494.85,0.243
20,CCCCCCCCCCCCCCCCCCCCC,296.58,11.1,0.23153,0.79535,356.5,504.85,0.242
21,CCCCCCCCCCCCCCCCCCCCCC,310.607,10.6,0.22993,0.79811,368.6,513.85,0.24
22,CCCCCCCCCCCCCCCCCCCCCCC,324.634,10.2,0.22928,0.80063,380.2,522.85,0.24
23,CCCCCCCCCCCCCCCCCCCCCCCC,338.661,9.8,0.22836,0.80267,391.3,530.85,0.239
24,CCCCCCCCCCCCCCCCCCCCCCCCC,352.688,9.5,0.22811,0.80483,401.9,538.85,0.24
25,CCCCCCCCCCCCCCCCCCCCCCCCCC,366.715,9.1,0.22672,0.80687,412.2,545.85,0.238
26,CCCCCCCCCCCCCCCCCCCCCCCCCCC,380.742,8.83,0.22649,0.80855,422.1,552.85,0.239
27,CCCCCCCCCCCCCCCCCCCCCCCCCCCC,394.769,8.5,0.2256,0.81035,431.6,558.85,0.237
28,CCCCCCCCCCCCCCCCCCCCCCCCCCCCC,408.795,8.26,0.22524,0.81202,440.8,564.85,0.238
29,CCCCCCCCCCCCCCCCCCCCCCCCCCCCCC,422.822,8.0,0.22423,0.81322,449.7,570.85,0.237
30,CCCCCCCCCCCCCCCCCCCCCCCCCCCCCCC,436.849,6.86782,0.208094,0.814137,461.798,581.561,0.208094
31,CCCCCCCCCCCCCCCCCCCCCCCCCCCCCCCC,450.876,7.5,0.22291,0.812499,465.7,581.85,0.236
32,CCCCCCCCCCCCCCCCCCCCCCCCCCCCCCCCC,464.903,6.34515,0.21169,0.813926,479.348,594.05,0.21169
33,CCCCCCCCCCCCCCCCCCCCCCCCCCCCCCCCCC,478.93,6.14704,0.204521,0.817058,484.441,599.75,0.204521
34,CCCCCCCCCCCCCCCCCCCCCCCCCCCCCCCCCCC,492.957,5.963,0.20429,0.817364,491.447,605.15,0.20429
35,CCCCCCCCCCCCCCCCCCCCCCCCCCCCCCCCCCCC,506.984,6.8,0.22287,0.813767,497.0,600.85,0.237
36,CCCCCCCCCCCCCCCCCCCCCCCCCCCCCCCCCCCCC,521.01,5.64651,0.20315,0.815917,516.455,615.65,0.20315
37,CCCCCCCCCCCCCCCCCCCCCCCCCCCCCCCCCCCCCC,535.037,5.49194,0.202473,0.817435,522.527,620.55,0.202473
38,CCCCCCCCCCCCCCCCCCCCCCCCCCCCCCCCCCCCCCC,549.064,5.32707,0.192559,0.811589,,625.35,0.192559
39,CCCCCCCCCCCCCCCCCCCCCCCCCCCCCCCCCCCCCCCC,563.091,5.19891,0.199448,0.81871,530.827,630.85,0.199448
40,CCCCCCCCCCCCCCCCCCCCCCCCCCCCCCCCCCCCCCCCC,577.118,5.06232,0.191675,0.81248,,634.55,0.191675
41,CCCCCCCCCCCCCCCCCCCCCCCCCCCCCCCCCCCCCCCCCC,591.145,4.94011,0.19913,0.833529,543.342,638.95,0.19913
42,CCCCCCCCCCCCCCCCCCCCCCCCCCCCCCCCCCCCCCCCCCC,605.172,4.82624,0.196561,0.825097,544.202,643.15,0.196561
43,CCCCCCCCCCCCCCCCCCCCCCCCCCCCCCCCCCCCCCCCCCCC,619.199,4.81644,0.203789,0.825351,552.864,645.85,0.203789
44,CCCCCCCCCCCCCCCCCCCCCCCCCCCCCCCCCCCCCCCCCCCCC,633.225,3.28938,,,578.454,651.35,
45,CCCCCCCCCCCCCCCCCCCCCCCCCCCCCCCCCCCCCCCCCCCCCC,647.252,4.51678,,,566.366,655.25,
46,CCCCCCCCCCCCCCCCCCCCCCCCCCCCCCCCCCCCCCCCCCCCCCC,661.279,,,,,659.05,
47,CCCCCCCCCCCCCCCCCCCCCCCCCCCCCCCCCCCCCCCCCCCCCCCC,675.306,4.33644,,,576.972,662.75,
48,CCCCCCCCCCCCCCCCCCCCCCCCCCCCCCCCCCCCCCCCCCCCCCCCC,689.333,,,,,666.35,
49,CCCCCCCCCCCCCCCCCCCCCCCCCCCCCCCCCCCCCCCCCCCCCCCCCC,703.36,4.17354,0.192831,0.845051,587.04,669.95,0.192831
50,CCCCCCCCCCCCCCCCCCCCCCCCCCCCCCCCCCCCCCCCCCCCCCCCCCC,717.387,4.09843,,,,673.35,
51,CCCCCCCCCCCCCCCCCCCCCCCCCCCCCCCCCCCCCCCCCCCCCCCCCCCC,731.414,4.02588,0.152098,,596.693,676.75,0.152098
52,CCCCCCCCCCCCCCCCCCCCCCCCCCCCCCCCCCCCCCCCCCCCCCCCCCCCCC,759.467,3.8916,,,605.811,683.25,
53,CCCCCCCCCCCCCCCCCCCCCCCCCCCCCCCCCCCCCCCCCCCCCCCCCCCCCCCC,787.521,3.76907,,,613.511,689.35,
54,CCCCCCCCCCCCCCCCCCCCCCCCCCCCCCCCCCCCCCCCCCCCCCCCCCCCCCCCC,801.548,3.71241,,,,692.35,
55,CCCCCCCCCCCCCCCCCCCCCCCCCCCCCCCCCCCCCCCCCCCCCCCCCCCCCCCCCC,815.575,3.65732,,,622.458,695.35,
56,CCCCCCCCCCCCCCCCCCCCCCCCCCCCCCCCCCCCCCCCCCCCCCCCCCCCCCCCCCCC,843.629,3.55624,0.202807,0.805443,628.931,700.85,0.202807
57,CCCCCCCCCCCCCCCCCCCCCCCCCCCCCCCCCCCCCCCCCCCCCCCCCCCCCCCCCCCCCC,871.682,3.4605,,,637.705,706.45,
58,CCCCCCCCCCCCCCCCCCCCCCCCCCCCCCCCCCCCCCCCCCCCCCCCCCCCCCCCCCCCCCCC,899.736,3.3737,0.192657,0.826747,644.914,711.65,0.192657
59,CCCCCCCCCCCCCCCCCCCCCCCCCCCCCCCCCCCCCCCCCCCCCCCCCCCCCCCCCCCCCCCCCC,927.79,3.29363,,,651.851,716.75,
60,CCCCCCCCCCCCCCCCCCCCCCCCCCCCCCCCCCCCCCCCCCCCCCCCCCCCCCCCCCCCCCCCCCC,941.817,3.25615,,,,719.15,
61,CCCCCCCCCCCCCCCCCCCCCCCCCCCCCCCCCCCCCCCCCCCCCCCCCCCCCCCCCCCCCCCCCCCC,955.844,3.2195,,,657.204,721.55,
62,CCCCCCCCCCCCCCCCCCCCCCCCCCCCCCCCCCCCCCCCCCCCCCCCCCCCCCCCCCCCCCCCCCCCCC,983.897,3.15106,,,664.734,726.21,
63,CCCCCCCCCCCCCCCCCCCCCCCCCCCCCCCCCCCCCCCCCCCCCCCCCCCCCCCCCCCCCCCCCCCCCCCC,1011.95,3.08723,,,669.617,730.75,
64,CCCCCCCCCCCCCCCCCCCCCCCCCCCCCCCCCCCCCCCCCCCCCCCCCCCCCCCCCCCCCCCCCCCCCCCCCC,1040.01,3.02803,,,675.369,735.05,
65,CCCCCCCCCCCCCCCCCCCCCCCCCCCCCCCCCCCCCCCCCCCCCCCCCCCCCCCCCCCCCCCCCCCCCCCCCCCC,1068.06,2.97285,,,681.328,739.25,
66,CCCCCCCCCCCCCCCCCCCCCCCCCCCCCCCCCCCCCCCCCCCCCCCCCCCCCCCCCCCCCCCCCCCCCCCCCCC,1152.22,2.82863,,,,751.05,
67,CCCCCCCCCCCCCCCCCCCCCCCCCCCCCCCCCCCCCCCCCCCCCCCCCCCCCCCCCCCCCCCCCCCCCCCCCCCCCCCCCCCCCCCCCCCCCC,1320.54,2.61093,0.154642,,,771.75,0.154642
