smiles,temp,density,state
C#CC#C,50,13.4821705,1
CC#CC,50,73.8227316,1
CC#CC#C,250,540.449333,1
C=CCC#C,75,14.5089757,1
C\C=C/C#C,75,17.7843013,1
C/C=C/C#C,75,21.6940815,1
C/C=C/C#C,75,127.4147,1
CCCC#C,75,18.6213213,1
CCC#CC,100,13.1123202,1
CC(C)C#C,75,13.3101608,1
C#CC#CC#C,25,603.0631,1
C#CC#CC#C,50,590.276978,1
C#CC#CC#C,75,577.028301,1
C#CC#CC#C,100,563.249554,1
CC#CCC#C,125,13.6835739,1
CC#CC#CC,150,99.1869961,1
CCC#CC#C,125,23.877137,1
C#CCCC#C,125,15.2323212,1
C/C=C(/C)C#C,100,39.3973543,1
C=CCCC#C,100,31.3285091,1
CC/C=C/C#C,100,40.6582471,1
C#CCCCCCC#C,400,291.002497,1
CC(C)C#CC(C)(C)C,75,616.994172,1
CC(C)C#CC(C)(C)C,100,598.333162,1
CCCCCC#CCC,100,617.875489,1
CCCCCC#CCC,125,601.283762,1
CCCCCC#CCC,150,583.816854,1
CCCCC#CCC(C)=C,500,252.341936,1
CCC#CC(C)(CC)CC,200,17.48911,1
CCCC#CCCC(C)C,200,406.981883,1
CC(C)CC#CCC(C)C,200,19.0979584,1
CC(C)CC#CCC(C)C,500,240.035716,1
CCCCC#CC(C)(C)C,200,14.9774332,1
CC(C)(C)C#CC(C)(C)C,150,37.8412941,1
CC(C)(C)C#CC(C)(C)C,175,13.7339353,1
CC#CC(C)(C)C(C)(C)C,200,22.9870374,1
CCCCC#CC#CC(C)=C,225,609.398634,1
CCCCCCCC#CC=C,425,277.087706,1
C#CCCCC#C,150,18.9657975,1
CC#CCCC#C,150,17.6667126,1
CCCC#CC=C,125,75.4012129,1
CCC(C)C#CC,125,170.163149,1
CC(C)CCC#C,125,20.4907759,1
CC#CC(C)(C)C,125,13.8566484,1
CCC(C)(C)C#C,100,592.730499,1
CCC(C)CC#C,125,18.7223683,1
COC(=O)CN1C(=S)SC(=C\c2ccc(cc2)N(C)C)/C1=O,50,612.614869,1
COC(=O)CN1C(=S)SC(=C\c2ccc(cc2)N(C)C)/C1=O,75,600.293564,1
COC(=O)CN1C(=S)SC(=C\c2ccc(cc2)N(C)C)/C1=O,100,587.548846,1
COC(=O)CN1C(=S)SC(=C\c2ccc(cc2)N(C)C)/C1=O,125,574.322409,1
COC(=O)CN1C(=S)SC(=C\c2ccc(cc2)N(C)C)/C1=O,150,560.541735,1
COC(=O)CN1C(=S)SC(=C\c2ccc(cc2)N(C)C)/C1=O,175,546.1148,1
CC(C=C)=CC#CC=C,375,275.574236,1
CC(C)(C)C#CC#CC(C)(C)C,200,618.889798,1
CCCCCC#CCCCCC,125,28.9088469,1
CCCCC#CCC#CCCCC,125,38.0531452,1
C#CCCCCCCCCCC#C,125,35.1741783,1
CCCCCCCCCCCC#C,125,34.2209195,1
CC(C)(C)C#CC(C)(C)C(C)(C)C,125,20.6350678,1
CCCCCCCCCCCC#CC,250,605.681785,1
CCCCCCCCCCCCCC#C,500,280.891016,1
CCCCCCCCCCCCCCC#C,125,18.0727092,1
CCCCCCCCCCCCCCCC#C,125,22.3244644,1
CCCCCCCCCCCCCC#CCCC,125,23.1359606,1
CCCCCCCCCCCCCC#CCCC,150,13.265277,1
CCCCCCCCCCCC#CCCCCC,125,23.1441529,1
CCCCCCCCCCCC#CCCCCC,150,13.2733251,1
CCCCCCCCCCCC#CCCCCC,250,600.713884,1
CCCCCCCCCCCCCCC#CCC,250,609.377924,1
CCCCCCCCC#CCCCCCCCC,225,617.889345,1
CCCCCCCCC#CCCCCCCCC,250,599.868769,1
CCCCCCCCCC#CCCCCCCC,225,619.380059,1
CCCCCCCCCC#CCCCCCCC,250,600.78785,1
CCCCCCCCCCC#CCCCCCC,225,616.703784,1
CCCCCCCCCCC#CCCCCCC,250,598.221768,1
CCCCCCCCCCCCC#CCCCC,250,604.916431,1
CCCCCCCCCCCCCCCC#CC,250,619.648762,1
CCCCCCCCCCCCCCCC#CC,275,13.1837245,1
CCCCCCCCCCCCCCCCC#C,225,609.53929,1
CCCCCCCCCCCCCCCCC#C,250,592.605206,1
CCCCCCCCCCCCCCCCCC#C,275,16.0951909,1
CCCCCCCCCCCCCCCCCCC#C,250,607.126377,1
CCCCCCCCCCCCCCCCCCC#C,275,23.4021339,1
CCCCCCCC(C)CCCCCC,225,617.135524,1
CCCCCCCC(C)CCCCCC,250,594.279197,1
CCCCCCCCCCCCC(C)C,250,618.061555,1
CCCCCCCCCCC(C)CCC,250,604.953387,1
CCCCCCCC(C)CCCCCCC,250,619.157405,1
CCCCCCCC(C)CCCCCCC,275,593.755546,1
CCCCCCCCCCCC(C)CCC,175,607.738368,1
CCCCCCCCCCCC(C)CCC,200,588.369339,1
CCCCCCCCCCCC(C)CCC,225,17.6271515,1
CCCCCCCCC(C)CCCCCC,200,600.347495,1
CCCCCCCCC(C)CCCCCC,225,17.0440703,1
CCCCCCCCCCC(C)CCCC,175,611.485591,1
CCCCCCCCCCC(C)CCCC,200,591.460843,1
CCCCCCCCCCC(C)CCCC,225,16.2101785,1
CCCCCCCCCCCCC(C)CC,175,604.973829,1
CCCCCCCCCCCCC(C)CC,200,586.569002,1
CCCCCCCCCCCCC(C)CC,225,19.3571725,1
CCCCCCCCCCCCCC(C)C,100,25.806694,1
CCCCCCCCCCCCCC(C)C,125,13.433769,1
CCCCCCCCCC(C)CCCCC,100,25.8119199,1
CCCCCCCCCC(C)CCCCC,125,13.4367907,1
CCCCCCCCCCCCCC(C)CC,100,26.9335444,1
CCCCCCCCCCCCCC(C)CC,125,14.0695326,1
CCCCCCCCCC(C)CCCCCC,100,26.9514803,1
CCCCCCCCCC(C)CCCCCC,125,14.0582707,1
CCCCCCCCCCCCC(C)CCC,100,26.9336902,1
CCCCCCCCCCCCC(C)CCC,125,14.0549548,1
CCCCCCCCCCCCC(C)CCC,250,610.683165,1
CCCCCCCCCCCCC(C)CCC,275,587.965463,1
CCCCCCCCCCCCCCC(C)C,175,618.291778,1
CCCCCCCCCCCCCCC(C)C,200,601.585642,1
CCCCCCCCCCCCCCC(C)C,225,584.154191,1
CCCCCCCCCCCCCCC(C)C,250,565.863355,1
CCCCCCCCCCCCCCC(C)C,275,546.533793,1
CCCCCCCCCCCCCCC(C)CC,150,615.717419,1
CCCCCCCCCCCCCCC(C)CC,175,601.198361,1
CCCCCCCCCCCCCCC(C)CC,200,586.130639,1
CCCCCCCCCCCCCCC(C)CC,225,570.427674,1
CCCCCCCCCCCCCCC(C)CC,250,553.978402,1
CCCCCCCCCCCCCCC(C)CC,275,536.636499,1
CCCCCCCCCCCCCCC(C)CC,300,518.202693,1
CCCCCCCCC(C)CCCCCCCC,300,610.09336,1
CCCCCCCCCCCCCCCC(C)C,275,598.094239,1
CCCCCCCCCCCCCCCC(C)C,300,574.88026,1
CCCCCCCCCCCCC(C)CCCC,250,617.663946,1
CCCCCCCCCCCCC(C)CCCC,275,595.776111,1
CCCCCCCCCCCCC(C)CCCC,300,572.583034,1
CCCCCCCCCCCCCCCC(C)CC,175,615.040289,1
CCCCCCCCCCCCCCCC(C)CC,200,598.441612,1
CCCCCCCCCCCCCCCC(C)CC,225,581.092094,1
CCCCCCCCCCCCCCCC(C)CC,250,562.849075,1
CCCCCCCCCCCCCCCC(C)CC,275,143.127154,1
CCCCCCCCCCCCCCCCC(C)C,200,617.346774,1
CCCCCCCCCCCCCCCCC(C)C,225,598.811894,1
CCCCCCCCCCCCCCCCC(C)C,250,579.337418,1
CCCCCCCCCCCCCCCCC(C)C,275,90.3128979,1
CCCCCCCCCC(C)CCCCCCCC,250,605.663359,1
CCCCCCCCCC(C)CCCCCCCC,275,121.893826,1
CCCCCCCCCCCCCCC(C)CCC,250,601.669595,1
CCCCCCCCCCCCCCC(C)CCC,275,66.4353756,1
CCCCCCCCCCCCC(C)CCCCC,250,605.719178,1
CCCCCCCCCCCCC(C)CCCCC,275,121.898753,1
CCCCCCCC(C)CC,175,617.730697,1
CCCCCCCCC(C)C,175,612.397265,1
CCCCCC(C)CCCC,175,598.252724,1
CCCCCCC(C)CCC,150,602.035479,1
CCCCCCC(C)CCC,175,581.603247,1
CCCCCCCCC(C)CC,200,608.118069,1
CCCCCCCCCC(C)C,200,603.070332,1
CCCCCCC(C)CCCC,125,618.719543,1
CCCCCCC(C)CCCC,150,600.847865,1
CCCCCCC(C)CCCC,175,582.063082,1
CCCCCCC(C)CCCC,200,562.170014,1
CCCCCCCC(C)CCC,200,603.353974,1
CCCCCCCCCC(C)CC,200,619.631997,1
CCCCCCCCCC(C)CC,225,596.689251,1
CCCCCCCC(C)CCCC,225,599.191997,1
Cc1ccc(O)c(NC(=O)c2ccc(cc2)c3ccccc3)c1,200,612.084664,1
Cc1ccc(O)c(NC(=O)c2ccc(cc2)c3ccccc3)c1,225,588.509116,1
CCCCCCCCC(C)CCC,25,564.19014,1
CCCCCCCCC(C)CCC,50,554.071331,1
CCCCCCCCC(C)CCC,75,543.605521,1
CCCCCCCCC(C)CCC,100,532.747214,1
CCCCCCCCC(C)CCC,125,521.440393,1
CCCCCCCCC(C)CCC,150,509.614817,1
CCCCCCCCC(C)CCC,175,497.180474,1
CCCCCCCCC(C)CCC,200,484.018942,1
CCCCCCCCC(C)CCC,225,469.969245,1
CCCCCCCCCCCC(C)C,225,603.94911,1
CCCCCCCCCCC(C)CC,225,607.753533,1
CCCCCCCC(C)CCCCC,225,600.379727,1
CCCCCCC(C)CCCCCC,175,618.597451,1
CCCCCCC(C)CCCCCC,200,598.636588,1
CCCCCCC(C)CCCCCC,225,577.585535,1
CCCCCCC(C)CCCCCC,250,555.186577,1
CCCCCCCCC(C)CCCC,200,605.854672,1
CCCCCCCCC(C)CCCC,225,585.220005,1
CCCCCCCCCC(C)CCC,200,617.737321,1
CCCCCCCCCC(C)CCC,225,596.269995,1
CCCCCCCCC(C)CCCCC,250,607.283289,1
CCCCCCCCCC(C)CCCC,200,610.495037,1
CCCCCCCCCC(C)CCCC,225,590.783655,1
CCCCCCCCCC(C)CCCC,250,569.944606,1
CCCCCCCCCCCC(C)CC,175,611.740149,1
CCCCCCCCCCCC(C)CC,200,594.278444,1
CCCCCCCCCCCC(C)CC,225,575.954263,1
CCCCCCCCCCCC(C)CC,250,556.588653,1
CCCC(C)CCC,100,26.9514803,1
CCCC(C)CCC,125,14.0582707,1
CCCCCC(C)C,100,66.1599974,1
CCCCC(C)CC,100,72.827342,1
CCCC[C@@H](C)CC,100,26.9514803,1
CCCC[C@@H](C)CC,125,14.0582707,1
CCCCC(C)CCC,100,26.9514803,1
CCCCC(C)CCC,125,14.0582707,1
CCCCCC(C)CC,125,17.608132,1
CCCCCCC(C)C,125,17.5152214,1
CCCC[C@H](C)CCC,100,26.9514803,1
CCCC[C@H](C)CCC,125,14.0582707,1
CCCCCCCC(C)C,100,26.9514803,1
CCCCCCCC(C)C,125,14.0582707,1
CCCCCCC(C)CC,250,569.944606,1
CCCCCCCCCCCC(C)CCCCCC,275,616.406795,1
CCCCCCCCCCCC(C)CCCCCC,300,593.882722,1
CCCCCCCCCCCC(C)CCCCCC,325,569.952373,1
CCCCCCCCCCC(C)CCCCCCC,275,614.682821,1
CCCCCCCCCCC(C)CCCCCCC,300,592.246452,1
CCCCCCCCCCC(C)CCCCCCC,325,568.408236,1
CCCCCCCCCCCCCCCCCC(C)C,125,609.416214,1
CCCCCCCCCCCCCCCCCC(C)C,150,596.783288,1
CCCCCCCCCCCCCCCCCC(C)C,175,583.734729,1
CCCCCCCCCCCCCCCCCC(C)C,200,570.214176,1
CCCCCCCCCCCCCCCCCC(C)C,225,556.151783,1
CCCCCCCCCCCCCCCCCC(C)C,250,541.459293,1
CCCCCCCCCCCCCCCCCC(C)C,275,526.022554,1
CCCCCCCCCCCCCCCCCC(C)C,300,509.689638,1
CCCCCCCCCCCCCCCCCC(C)C,325,492.250981,1
CCCCCCCCCCCCCCCCCC(C)C,500,244.259581,1
CCCCCCCCCCCCCCC(C)CCCC,175,612.850501,1
CCCCCCCCCCCCCCC(C)CCCC,200,598.007912,1
CCCCCCCCCCCCCCC(C)CCCC,225,582.59661,1
CCCCCCCCCCCCCCC(C)CCCC,250,566.524866,1
CCCCCCCCCCCCCCC(C)CCCC,275,549.67438,1
CCCCCCCCCCCCCCC(C)CCCC,300,531.888268,1
CCCCCCCCCCCCCCC(C)CCCC,325,512.951093,1
CCCCCCCCCCCCCCCCC(C)CC,200,619.007827,1
CCCCCCCCCCCCCCCCC(C)CC,225,603.127815,1
CCCCCCCCCCCCCCCCC(C)CC,250,586.601083,1
CCCCCCCCCCCCCCCCC(C)CC,275,569.315959,1
CCCCCCCCCCCCCCCCC(C)CC,300,551.125855,1
CCCCCCCCCCCCCCCCC(C)CC,325,531.832056,1
CCCCCCCCCCCCCCCCCC(C)CC,25,534.714801,1
CCCCCCCCCCCCCCCCCC(C)CC,50,526.710305,1
CCCCCCCCCCCCCCCCCC(C)CC,75,518.489308,1
CCCCCCCCCCCCCCCCCC(C)CC,100,510.029435,1
CCCCCCCCCCCCCCCCCC(C)CC,125,501.304311,1
CCCCCCCCCCCCCCCCCC(C)CC,150,492.282496,1
CCCCCCCCCCCCCCCCCC(C)CC,175,482.926031,1
CCCCCCCCCCCCCCCCCC(C)CC,200,473.188405,1
CCCCCCCCCCCCCCCCCC(C)CC,225,463.01163,1
CCCCCCCCCCCCCCCCCC(C)CC,250,452.321916,1
CCCCCCCCCCCCCCCCCC(C)CC,275,441.022999,1
CCCCCCCCCCCCCCCCCC(C)CC,300,428.985415,1
CCCCCCCCCCCCCCCCCC(C)CC,325,416.028203,1
CCCCCCCCCCCCCCCC(C)CCCC,275,618.705117,1
CCCCCCCCCCCCCCCC(C)CCCC,300,597.904258,1
CCCCCCCCCCCCCCCC(C)CCCC,325,575.874847,1
CCCCCCCCCCC(C)CCCCCCCCC,250,35.2665919,1
CCCCCCCCCCC(C)CCCCCCCCC,275,13.2676845,1
CCCCCCCCCCCCCCCCCCC(C)CC,175,618.499108,1
CCCCCCCCCCCCCCCCCCC(C)CC,200,601.820037,1
CCCCCCCCCCCCCCCCCCC(C)CC,225,584.40186,1
CCCCCCCCCCCCCCCCCCC(C)CC,250,39.953052,1
CCCCCCCCCCCCCCCCCCC(C)CC,275,14.7698906,1
CCCCCCCCCCCCCCCCCCCCCC(C)C,300,602.138806,1
CCCCCCCCCCCCCCCCCCCCCC(C)C,325,580.389594,1
CCCCCCCCCCCCCCCCCCCCCC(C)C,350,557.380155,1
CCCCCCCCCCCCCCCCCCCCCC(C)C,375,532.781484,1
CCCCCCCCCCCCCCCCCCC(C)CCCC,75,615.906661,1
CCCCCCCCCCCCCCCCCCC(C)CCCC,100,605.090839,1
CCCCCCCCCCCCCCCCCCC(C)CCCC,125,594.000463,1
CCCCCCCCCCCCCCCCCCC(C)CCCC,150,582.606316,1
CCCCCCCCCCCCCCCCCCC(C)CCCC,175,570.873816,1
CCCCCCCCCCCCCCCCCCC(C)CCCC,200,558.761547,1
CCCCCCCCCCCCCCCCCCC(C)CCCC,225,546.219231,1
CCCCCCCCCCCCCCCCCCC(C)CCCC,250,533.184873,1
CCCCCCCCCCCCCCCCCCC(C)CCCC,275,519.580592,1
CCCCCCCCCCCCCCCCCCC(C)CCCC,300,505.306372,1
CCCCCCCCCCCCCCCCCCC(C)CCCC,325,490.230263,1
CCCCCCCCCCCCCCCCCCC(C)CCCC,350,474.172267,1
CCCCCCCCCCCCCCCCCCC(C)CCCC,375,456.876107,1
CCCCCCCCCCCCC(C)CCCCCCCCCCCC,325,601.066787,1
CCCCCCCCCCCCC(C)CCCCCCCCCCCC,350,578.251249,1
CCCCCCCCCCCCC(C)CCCCCCCCCCCC,375,554.048743,1
CCCCCCCCCCCCC(C)CCCCCCCCCCCC,400,528.074679,1
CC/C=C/C(C)C,75,608.261505,1
CCC\C(C)=C\C,25,618.791352,1
CCC\C(C)=C\C,50,599.842607,1
CCC\C(C)=C\C,75,579.911517,1
CC\C=C/C(C)C,75,615.314763,1
CCCC=C(C)C,75,616.239567,1
CC/C=C/CC(C)C,100,616.880202,1
CC=CCCC(C)C,100,17.6348234,1
CCC\C(C)=C/CC,100,19.891086,1
CC/C=C/CCC(C)C,125,617.341705,1
CCCCC=CC(C)C,125,611.600346,1
CC(C)=C,25,14.3969997,1
CC(C)C=C,50,17.1965889,1
CC\C(C)=C/C,100,16.8311961,1
C/C=C/C(C)C,75,18.7298448,1
C/C=C/C(C)C,75,18.7298448,1
CCCCCC(C)=CCCC,125,15.3201472,1
CCCCCCC(C)CC=C,125,13.8959871,1
CCCCCC=CCC(C)C,125,18.2521369,1
CCCCCCCCCC(C)=C,200,618.362784,1
CCCCCCCCCCC=C(C)C,225,613.403151,1
CCCCCC/C(C)=C/CCCCC,225,614.227983,1
CCCCCCCCCCCC(C)C=C,250,612.474027,1
CCCCCCCCC(C)=CCCCCCCC,300,603.019014,1
CCCCCCCCCCCCCCC=C(C)C,250,608.757101,1
CCCCCCCCCCCCCCC=C(C)C,275,587.071986,1
CCCCCCCCCCCCCCC=C(C)C,300,564.047136,1
CCCCCCCCCCCCCCCC(C)=CC,300,616.437697,1
CCCCCCCCCCCCCCCC(C)=CC,325,591.762036,1
CCCCCCCCCCCCCCCCC=C(C)C,300,616.723746,1
CCCCCCCCCCCCCCCCC=C(C)C,325,594.042514,1
CCCCCCCCCCCCCCCCCC(C)=C,300,611.304989,1
CCCCCCCCCCCCCCCCCC(C)=C,325,588.464764,1
CCCC,25,82.9108655,1
CCCC,50,29.5457516,1
CCCC,75,23.2165644,1
CCCC,100,20.3237272,1
CCCC,125,18.473289,1
CCCC,150,17.1329486,1
CCCC,175,16.0757234,1
CCCC,200,15.1188556,1
CCCC,225,14.2822132,1
CCCC,250,13.5411693,1
CCCCC,50,617.473499,1
CCCCC,75,39.0163675,1
CCCCC,100,24.6949386,1
CCCCC,125,20.589439,1
CCCCCCCC,125,613.34205,1
CCCCCCCCC,150,609.165945,1
CCCCCCCCCCCC,275,43.1145218,1
CCCCCCCCCCCC,300,30.8616644,1
CCCCCCCCCCCC,325,26.297945,1
CCCCCCCCCCCC,350,23.7669715,1
CCCCCCCCCCCC,375,22.1112523,1
CCCCCCCCCCCC,400,21.0371546,1
CCCCCCCCCCCC,425,19.9880492,1
CCCCCCCCCCCC,450,18.9874959,1
CCCCCCCCCCCC,475,17.9944297,1
CCCCCCCCCCCC,500,16.9210396,1
CCCCCCCCCCCCC,200,613.053497,1
CCCCCCCCCCCCC,225,598.992639,1
CCCCCCCCCCCCC,250,584.541475,1
CCCCCCCCCCCCC,275,89.0337449,1
CCCCCCCCCCCCC,300,29.2167902,1
CCCCCCCCCCCCC,325,21.9814253,1
CCCCCCCCCCCCC,350,18.9380039,1
CCCCCCCCCCCCC,375,17.0974191,1
CCCCCCCCCCCCC,400,15.7545921,1
CCCCCCCCCCCCC,425,14.5164153,1
CCCCCCCCCCCCCC,225,607.491013,1
CCCCCCCCCCCCCC,250,592.836231,1
CCCCCCCCCCCCCC,275,577.739561,1
CCCCCCCCCCCCCC,300,54.3538619,1
CCCCCCCCCCCCCC,325,26.7808607,1
CCCCCCCCCCCCCC,350,21.028739,1
CCCCCCCCCCCCCC,375,18.2957283,1
CCCCCCCCCCCCCC,400,16.4851825,1
CCCCCCCCCCCCCC,425,15.0464777,1
CCCCCCCCCCCCCC,450,13.4272902,1
CCCCCCCCCCCCCCC,225,613.129417,1
CCCCCCCCCCCCCCC,250,598.366913,1
CCCCCCCCCCCCCCC,275,583.163153,1
CCCCCCCCCCCCCCC,300,567.457193,1
CCCCCCCCCCCCCCC,325,39.1797007,1
CCCCCCCCCCCCCCC,350,24.3895206,1
CCCCCCCCCCCCCCCC,275,617.287916,1
CCCCCCCCCCCCCCCCC,250,612.591096,1
CCCCCCCCCCCCCCCCC,275,591.23743,1
CCCCCCCCCCCCCCCCC,300,568.604119,1
CCCCCCCCCCCCCCCCCC,250,619.238404,1
CCCCCCCCCCCCCCCCCC,275,598.434715,1
CCCCCCCCCCCCCCCCCC,300,576.469034,1
CCCCCCCCCCCCCCCCCCC,275,605.455063,1
CCCCCCCCCCCCCCCCCCC,300,584.113554,1
CCCCCCCCCCCCCCCCCCC,325,561.468092,1
CCCCCCCCCCCCCCCCCCCC,275,611.291582,1
CCCCCCCCCCCCCCCCCCCC,300,590.521538,1
CCCCCCCCCCCCCCCCCCCCC,275,617.354719,1
CCCCCCCCCCCCCCCCCCCCC,300,597.062616,1
CCCCCCCCCCCCCCCCCCCCC,325,575.676133,1
CCCCCCCCCCCCCCCCCCCCC,350,552.936504,1
CCCCCCCCCCCCCCCCCCCCCCC,125,469.891641,1
CCCCCCCCCCCCCCCCCCCCCCC,150,20.4375081,1
CCCCCCCCCCCCCCCCCCCCCCC,175,14.7773718,1
CCCCCCCCCCCCCCCCCCCCCCCC,125,474.400169,1
CCCCCCCCCCCCCCCCCCCCCCCC,150,21.0954464,1
CCCCCCCCCCCCCCCCCCCCCCCC,175,15.2631404,1
CCCCCCCCCCCCCCCCCCCCCCCC,200,13.0404403,1
CCCCCCCCCCCCCCCCCCCCCCCCC,200,24.735736,1
CCCCCCCCCCCCCCCCCCCCCCCCC,225,16.1184851,1
CCCCCCCCCCCCCCCCCCCCCCCCC,250,13.2978416,1
CCCCCCCCCCCCCCCCCCCCCCCCCC,200,25.4604944,1
CCCCCCCCCCCCCCCCCCCCCCCCCCCC,325,611.51954,1
CCCCCCCCCCCCCCCCCCCCCCCCCCCC,350,595.821626,1
CCCCCCCCCCCCCCCCCCCCCCCCCCCC,375,579.611663,1
CCCCCCCCCCCCCCCCCCCCCCCCCCCC,400,562.812602,1
CCCCCCCCCCCCCCCCCCCCCCCCCCCC,425,545.326891,1
CCCCCCCCCCCCCCCCCCCCCCCCCCCC,450,527.028049,1
CCCCCCCCCCCCCCCCCCCCCCCCCCCC,475,178.058033,1
CCCCCCCCCCCCCCCCCCCCCCCCCCCC,500,38.3479828,1
CCCCCCCCCCCCCCCCCCCCCCCCCCCCC,325,614.02659,1
CCCCCCCCCCCCCCCCCCCCCCCCCCCCC,350,598.312674,1
CCCCCCCCCCCCCCCCCCCCCCCCCCCCC,375,582.089262,1
CCCCCCCCCCCCCCCCCCCCCCCCCCCCC,400,565.280086,1
CCCCCCCCCCCCCCCCCCCCCCCCCCCCC,425,547.788701,1
CCCCCCCCCCCCCCCCCCCCCCCCCCCCC,450,529.490246,1
CCCCCCCCCCCCCCCCCCCCCCCCCCCCC,475,510.218344,1
CCCCCCCCCCCCCCCCCCCCCCCCCCCCC,500,51.2624768,1
CCCCCCCCCCCCCCCCCCCCCCCCCCCCCC,325,614.953079,1
CCCCCCCCCCCCCCCCCCCCCCCCCCCCCC,350,595.756081,1
CCCCCCCCCCCCCCCCCCCCCCCCCCCCCC,375,575.614236,1
CCCCCCCCCCCCCCCCCCCCCCCCCCCCCC,400,554.323243,1
CCCCCCCCCCCCCCCCCCCCCCCCCCCCCC,425,531.596272,1
CCCCCCCCCCCCCCCCCCCCCCCCCCCCCCCC,325,618.74113,1
CCCCCCCCCCCCCCCCCCCCCCCCCCCCCCCC,350,600.037998,1
CCCCCCCCCCCCCCCCCCCCCCCCCCCCCCCC,375,580.468044,1
CCCCCCCCCCCCCCCCCCCCCCCCCCCCCCCC,400,559.854216,1
CCCCCCCCCCCCCCCCCCCCCCCCCCCCCCCC,425,537.952551,1
CCCCCCCCCCCCCCCCCCCCCCCCCCCCCCCC,450,514.41107,1
CCCCCCCCCCCCCCCCCCCCCCCCCCCCCCCCC,300,604.243986,1
CCCCCCCCCCCCCCCCCCCCCCCCCCCCCCCCC,325,587.22269,1
CCCCCCCCCCCCCCCCCCCCCCCCCCCCCCCCC,350,569.560698,1
CCCCCCCCCCCCCCCCCCCCCCCCCCCCCCCCC,375,551.14755,1
CCCCCCCCCCCCCCCCCCCCCCCCCCCCCCCCC,400,531.83852,1
CCCCCCCCCCCCCCCCCCCCCCCCCCCCCCCCC,425,511.437862,1
CCCCCCCCCCCCCCCCCCCCCCCCCCCCCCCCC,450,489.669913,1
CCCCCCCCCCCCCCCCCCCCCCCCCCCCCCCCCCC,275,603.739293,1
CCCCCCCCCCCCCCCCCCCCCCCCCCCCCCCCCCC,300,586.21757,1
CCCCCCCCCCCCCCCCCCCCCCCCCCCCCCCCCCC,325,567.980106,1
CCCCCCCCCCCCCCCCCCCCCCCCCCCCCCCCCCC,350,548.895017,1
CCCCCCCCCCCCCCCCCCCCCCCCCCCCCCCCCCC,375,26.8589318,1
CCCCCCCCCCCCCCCCCCCCCCCCCCCCCCCCCCC,400,16.2691327,1
CCCCCCCCCCCCCCCCCCCCCCCCCCCCCCCCCCCC,375,590.212122,1
CCCCCCCCCCCCCCCCCCCCCCCCCCCCCCCCCCCC,400,570.701766,1
CCCCCCCCCCCCCCCCCCCCCCCCCCCCCCCCCCCC,425,550.107911,1
CCCCCCCCCCCCCCCCCCCCCCCCCCCCCCCCCCCC,450,528.168249,1
CCCCCCCCCCCCCCCCCCCCCCCCCCCCCCCCCCCC,475,504.499321,1
CCCCCCCCCCCCCCCCCCCCCCCCCCCCCCCCCCCCC,350,605.85631,1
CCCCCCCCCCCCCCCCCCCCCCCCCCCCCCCCCCCCC,375,587.111798,1
CCCCCCCCCCCCCCCCCCCCCCCCCCCCCCCCCCCCC,400,567.568108,1
CCCCCCCCCCCCCCCCCCCCCCCCCCCCCCCCCCCCC,425,547.068616,1
CCCCCCCCCCCCCCCCCCCCCCCCCCCCCCCCCCCCC,450,525.400458,1
CCCCCCCCCCCCCCCCCCCCCCCCCCCCCCCCCCCCC,475,502.261995,1
CCCCCCCCCCCCCCCCCCCCCCCCCCCCCCCCCCCCC,500,477.201484,1
CCCCCCCCCCCCCCCCCCCCCCCCCCCCCCCCCCCCCC,350,607.768878,1
CCCCCCCCCCCCCCCCCCCCCCCCCCCCCCCCCCCCCC,375,589.207804,1
CCCCCCCCCCCCCCCCCCCCCCCCCCCCCCCCCCCCCC,400,569.875471,1
CCCCCCCCCCCCCCCCCCCCCCCCCCCCCCCCCCCCCC,425,549.624186,1
CCCCCCCCCCCCCCCCCCCCCCCCCCCCCCCCCCCCCC,450,528.254627,1
CCCCCCCCCCCCCCCCCCCCCCCCCCCCCCCCCCCCCC,475,505.486899,1
CCCCCCCCCCCCCCCCCCCCCCCCCCCCCCCCCCCCCC,500,480.906908,1
CCCCCCCCCCCCCCCCCCCCCCCCCCCCCCCCCCCCCCCC,350,619.475217,1
CCCCCCCCCCCCCCCCCCCCCCCCCCCCCCCCCCCCCCCC,375,600.959999,1
CCCCCCCCCCCCCCCCCCCCCCCCCCCCCCCCCCCCCCCC,400,581.717872,1
CCCCCCCCCCCCCCCCCCCCCCCCCCCCCCCCCCCCCCCCCCCC,350,605.269346,1
CCCCCCCCCCCCCCCCCCCCCCCCCCCCCCCCCCCCCCCCCCCC,375,588.167484,1
CCCCCCCCCCCCCCCCCCCCCCCCCCCCCCCCCCCCCCCCCCCC,400,570.431255,1
CCCCCCCCCCCCCCCCCCCCCCCCCCCCCCCCCCCCCCCCCCCC,425,551.952064,1
CCCCCCCCCCCCCCCCCCCCCCCCCCCCCCCCCCCCCCCCCCCC,450,532.587918,1
CCCCCCCCCCCCCCCCCCCCCCCCCCCCCCCCCCCCCCCCCCCC,475,512.147263,1
CCCCCCCCCCCCCCCCCCCCCCCCCCCCCCCCCCCCCCCCCCCC,500,490.361232,1
CCCCCCCCCCCCCCCCCCCCCCCCCCCCCCCCCCCCCCCCCCCCCCCCCC,400,613.944013,1
CCCCCCCCCCCCCCCCCCCCCCCCCCCCCCCCCCCCCCCCCCCCCCCCCC,425,594.88946,1
CCCCCCCCCCCCCCCCCCCCCCCCCCCCCCCCCCCCCCCCCCCCCCCCCC,450,575.050192,1
CCCCCCCCCCCCCCCCCCCCCCCCCCCCCCCCCCCCCCCCCCCCCCCCCC,475,554.27539,1
CCCCCCCCCCCCCCCCCCCCCCCCCCCCCCCCCCCCCCCCCCCCCCCCCC,500,532.361364,1
CCCCCCCCCCCCCCCCCCCCCCCCCCCCCCCCCCCCCCCCCCCCCCCCCCCCCCCCCCCC,325,615.944665,1
CCCCCCCCCCCCCCCCCCCCCCCCCCCCCCCCCCCCCCCCCCCCCCCCCCCCCCCCCCCC,350,601.536517,1
CCCCCCCCCCCCCCCCCCCCCCCCCCCCCCCCCCCCCCCCCCCCCCCCCCCCCCCCCCCC,375,586.738943,1
CCCCCCCCCCCCCCCCCCCCCCCCCCCCCCCCCCCCCCCCCCCCCCCCCCCCCCCCCCCC,400,571.501872,1
CCCCCCCCCCCCCCCCCCCCCCCCCCCCCCCCCCCCCCCCCCCCCCCCCCCCCCCCCCCC,425,555.764069,1
CCCCCCCCCCCCCCCCCCCCCCCCCCCCCCCCCCCCCCCCCCCCCCCCCCCCCCCCCCCC,450,539.449371,1
CCCCCCCCCCCCCCCCCCCCCCCCCCCCCCCCCCCCCCCCCCCCCCCCCCCCCCCCCCCC,475,522.461107,1
CCCCCCCCCCCCCCCCCCCCCCCCCCCCCCCCCCCCCCCCCCCCCCCCCCCCCCCCCCCC,500,504.673565,1
CCCCCCCCCCCCCCCCCCCCCCCCCCCCCCCCCCCCCCCCCCCCCCCCCCCCCCCCCCCCCCCC,425,612.273539,1
CCCCCCCCCCCCCCCCCCCCCCCCCCCCCCCCCCCCCCCCCCCCCCCCCCCCCCCCCCCCCCCC,450,594.303897,1
CCCCCCCCCCCCCCCCCCCCCCCCCCCCCCCCCCCCCCCCCCCCCCCCCCCCCCCCCCCCCCCC,475,575.646618,1
CCCCCCCCCCCCCCCCCCCCCCCCCCCCCCCCCCCCCCCCCCCCCCCCCCCCCCCCCCCCCCCC,500,556.179189,1
CC(C)CC(C)(C)CC(C)C,150,613.321784,1
CCCCC(C)(C)CC(C)C,150,618.612928,1
CCCC(C)(CC)CC(C)C,125,615.522544,1
CCCC(C)(CC)CC(C)C,150,595.829846,1
CC(C)CCC(C)CC(C)C,150,618.70338,1
CCCC(CC)CCC,125,615.712071,1
CCC(C)C(C)CC(C)C,175,27.7915574,1
CCCC(C)(C)CC(C)C,175,16.054892,1
CCC(CC)(CC)C(C)C,175,19.3759907,1
CC(C)CCC(C)C(C)C,150,612.582636,1
CCC(C)CC(C)C(C)C,150,615.902201,1
CC(C)CCCC(C)(C)C,125,612.155139,1
CCCCC(CC)CCC,350,264.749359,1
CCC(C)CC(C)CC(C)C,125,563.30393,1
CCC(C)CC(C)CC(C)C,150,546.653727,1
CCCCC(CCC)CCC,175,612.859352,1
CCCCC(CC)CCCC,175,614.952102,1
CC(C)CCC(C)CCC(C)C,175,32.4273892,1
CC(C)CCC(C(C)C)C(C)C,150,20.1496831,1
CCCCC(CCC)CCCC,200,600.128637,1
CC(CC(C)(C)C)CC(C)(C)C,175,607.061971,1
CC(C)(C)CC(C)(C)C(C)(C)C,150,611.413274,1
CC(C)(C)CC(C)(C)C(C)(C)C,175,592.809458,1
CCC(C)(C)CCCC(C)(C)C,175,619.332184,1
CC(C)(C)CCCCC(C)(C)C,175,602.589513,1
CC(C)CC(C)(C)C,125,20.3976947,1
CCC(C)(C)CC(C)C,150,77.7956579,1
CCCC(C)C(C)(C)C,25,614.936879,1
CCCC(C)C(C)(C)C,50,599.371452,1
CCCC(C)C(C)(C)C,75,583.154092,1
CCCC(C)C(C)(C)C,100,566.170805,1
CCCC(C)C(C)(C)C,125,548.271417,1
CC(C)CC(C)C(C)C,150,142.669318,1
CC[C@H](C)[C@H](C)C(C)C,175,619.332184,1
CCC(C)(CC)C(C)C,175,619.332184,1
CCCC(C)CC(C)CC(C)C,100,612.497064,1
CCCC(C)CC(C)CC(C)C,125,595.800982,1
CCCC(C)CC(C)CC(C)C,150,578.269683,1
CCCC(C)CC(C)CC(C)C,175,559.731911,1
CC(C)C(C)CC(C)C(C)(C)C,225,128.690866,1
CC(C)C(C)CC(C)C(C)(C)C,250,18.9439032,1
CC(C(C)C(C)(C)C)C(C)(C)C,250,20.7441194,1
CCC(C)C(C)CC(C)C(C)C,250,21.9321242,1
CCC(C)C(C)CC(C)C(C)C,275,13.0537797,1
CCC(C)CC(C)(CC)C(C)C,250,23.4045441,1
CCC(C)CC(C)(CC)C(C)C,275,13.1774284,1
CC(C)C(C)CCC(C)C(C)C,225,609.594311,1
CC(C)C(C)CCC(C)C(C)C,250,20.9448416,1
CC(C)CCC(C)(C)CC(C)C,225,41.1851291,1
CC(C)CCC(C)(C)CC(C)C,250,16.6942146,1
CCC(CC)CC(C)CC(C)(C)C,250,18.0291779,1
CCCC(C)(C)CC(C)(C)CCC,250,34.2298405,1
CCCCCCC(CCC)CCC,250,113.467885,1
CCCCCCC(CCC)CCC,400,14.6346271,1
CCCCC(C)(CC)CC(C)CC,250,31.3670714,1
CCCCC(CCCC)CCCC,225,619.313952,1
CCCCC(CCCC)CCCC,250,597.285392,1
CC(CCC(C)(C)C)CC(C)(C)C,250,16.3737288,1
CC(C)CCCC(C)CCC(C)C,250,27.9080108,1
CCCCC(C)CC(C)CC(C)C,225,600.009875,1
CCCCC(C)CC(C)CC(C)C,250,17.8021231,1
CCC(C)CC(C)(CC)CC(C)C,250,37.8282276,1
CCC(C)CCC(C)CC(C)CC,250,21.3127709,1
CCCCCCCCCC(CC)CC,275,30.5215345,1
CC(C)CCC(CC(C)C)CC(C)C,250,47.0109981,1
CCCCCCC(CCC)CCCC,225,599.60571,1
CCCCCCC(CCC)CCCC,250,575.649369,1
CC(C)C(C)(C)CC(C)(C)C(C)(C)C,450,269.697109,1
CCCCCCCC(CCC)CCC,225,614.328967,1
CC(C)(C)C(C)(C)C(C)(C)C(C)(C)C,250,603.665438,1
CCC(CC(C)C)C(CC)CC(C)C,200,616.684279,1
CCCC(C)(CC)C(C)(CC)CCC,250,619.500414,1
CCCCC(C)(C)CC(C)(C)CCCC,250,614.190283,1
CCCCCCC(CCC)CCCCC,250,612.121196,1
CCCCCCC(CCC)CCCCC,275,20.6907819,1
CCC(C)(C)C(C)(C)CC(C)(C)C(C)C,275,54.4558145,1
CCC(C)CCCC(C)CCCC(C)C,275,604.4653,1
CCC(C)(C)C(C)(C)CC(C)CC(C)C,275,32.3738149,1
CC(CC(C)(C)C)CC(C)(C)CC(C)(C)C,275,604.908288,1
CCCCCCCCCCCC(CC)CC,250,609.048815,1
CCCCCCCCCCCC(CC)CC,275,584.427031,1
CCCCCC(CCCCC)CCCCC,250,612.749095,1
CCCCCCCC(CCCCCCC)CCCCCCC,325,605.163899,1
CCCCCCCC(CCCCCCC)CCCCCCC,350,581.749134,1
CCCCCCCCCCCCCCCC(CCC)CCC,350,614.649499,1
CCCCCCCCCCCCCCC(C)CC(C)CC(C)C,250,608.277912,1
CCCCCCCCCCCCCCC(C)CC(C)CC(C)C,275,25.3630229,1
CCCCCCCCC(CCCCCC)CCCCCCCC,275,28.2285838,1
CCCCCCCCC(CCCCCCC)CCCCCCCC,250,489.731307,1
CCCCCCCCC(CCCCCCC)CCCCCCCC,275,20.1828907,1
CCCCCCCCCCCCCCCC(CCCC)CCCC,225,619.810611,1
CCCCCCCCCCCCCCCC(CCCC)CCCC,250,599.314982,1
CCCCCCCCCCCCCCCC(CCCC)CCCC,275,20.5130392,1
CCCCCCCCCCCC(CCCCCC)CCCCCC,275,62.9375048,1
CCCCCCCCCCCC(CCCCCC)CCCCCC,300,17.3033404,1
CCCCCCCCCCCCCCCCC(CCC)CCCC,275,58.7965663,1
CCCCCCCCCCCCCCCCC(CCC)CCCC,300,16.8633706,1
CCCCCCC(CCC(C)C)C(CCCCCC)CCC(C)C,275,47.2619234,1
CCCCCCC(CCC(C)C)C(CCCCCC)CCC(C)C,300,14.5221902,1
CCCCCCCCCCCCCCCC(C)CC(C)CC(C)C,250,619.005366,1
CCCCCCCCCCCCCCCC(C)CC(C)CC(C)C,275,49.8251919,1
CCCCCCCCCCCCCCCC(C)CC(C)CC(C)C,300,14.8163452,1
CCCCCCC(CCCC)CC(C)(CCCC)CCCCCC,275,69.9914698,1
CCCCCCC(CCCC)CC(C)(CCCC)CCCCCC,300,18.7416999,1
CCCCCCCCCCC(CCCCC)CCCCCCCCC,275,73.999594,1
CCCCCCCCCCC(CCCCC)CCCCCCCCC,300,19.3291952,1
CCCCCCCCC(CCCCCCCC)CCCCCCCC,275,64.8558957,1
CCCCCCCCC(CCCCCCCC)CCCCCCCC,300,17.7822043,1
CCCCCCCCCCCCCCCC(CCCC)CCCCCC,275,75.5548068,1
CCCCCCCCCCCCCCCC(CCCC)CCCCCC,300,19.8878415,1
CCCCCCCCCCCCCC(CCCCCC)CCCCCC,275,47.7702326,1
CCCCCCCCCCCCCC(CCCCCC)CCCCCC,300,15.1667619,1
CCCCCCCCCCC(CCCCCC)CCCCCCCCC,275,80.4919185,1
CCCCCCCCCCC(CCCCCC)CCCCCCCCC,300,20.5806701,1
CCCCCCCCCCC(CCCCCC)CCCCCCCCC,325,13.4926671,1
CCCCCCCCCCC(CCCCC)CCCCCCCCCC,325,596.188503,1
CCCCCCCCCCC(CCCCC)CCCCCCCCCC,350,62.7734756,1
CCCCCCCCCCCCCC(CCCC)CCCCCCCC,350,610.833905,1
CCCCCCCCCCCCCC(CCCC)CCCCCCCC,375,584.646697,1
CCCCCCCCCCCCCCCCCC(CCCC)CCCC,350,616.669095,1
CCCCCCCCCCCCCCCCCC(CCCC)CCCC,375,589.587631,1
CCCCCCCCCCCC(CCCC)CCCCCCCCCC,350,619.091178,1
CCCCCCCCCCCC(CCCC)CCCCCCCCCC,375,592.374527,1
CCCCCCCCCCCCCC(CC(CC)CC)CC(CC)CC,350,614.834205,1
CCCCCCCCCCCCCC(CC(CC)CC)CC(CC)CC,375,586.25172,1
CCCCCCC(CCC)CCCCCC,300,606.944057,1
CCCCCCC(CCCC)CCCCCC,250,610.649004,1
CCCCCCC(CCCCC)CCCCC,250,604.378424,1
CCCCCCC(CCCCC)CCCCC,275,17.8722556,1
CC(C)CCC(C)(C)CC(C)(C)CCC(C)C,250,616.246216,1
CCCCCCCCCCC(CCC)CCC,225,618.98267,1
CCCCCCCCCCC(CCC)CCC,250,599.088954,1
CC(C)(C)C(C(C(C)(C)C)C(C)(C)C)C(C)(C)C,250,606.374929,1
CCC(C)(C)CCCC(C)CCCC(C)(C)CC,250,603.376499,1
CCC(C)(C)CCCC(C)CCCC(C)(C)CC,275,582.700511,1
CCCCCCCC(CCC)CCCCCCC,250,601.224058,1
CCCCCCCC(CCC)CCCCCCC,275,581.041169,1
CCCCC(C)CCCC(C)CCCC(C)CCC,250,601.682866,1
CCCCC(C)CCCC(C)CCCC(C)CCC,275,580.24536,1
CC(C)CCCC(C)CCCC(C)CCCC(C)C,275,601.013825,1
CC(C)CCCC(C)CCCC(C)CCCC(C)C,300,577.375098,1
CC(C)CCCC(C)CCCC(C)CCCC(C)C,475,257.972348,1
CCCCCCCCCCC(CCCC)CCCC,300,610.41527,1
CCCCCCCCCCCC(CCCC)CCCC,325,618.054176,1
CCCCCC(CC)CC(CC)CC(CC)CCCC,275,612.902897,1
CCCCCC(CC)CC(CC)CC(CC)CCCC,300,589.080444,1
CCCCCCCCCCCCCCCC(CC)CC,325,598.41754,1
CCCCCCCCCCCCCC(CCC)CCC,325,614.299158,1
CCC(C)CCCC(C)CCCC(C)CCCC(C)C,250,618.736073,1
CCC(C)CCCC(C)CCCC(C)CCCC(C)C,275,597.176253,1
CCC(C)CCCC(C)CCCC(C)CCCC(C)C,300,574.335526,1
CCCCCCCCCCCCCCCCCCCCCC(CC)CC,225,619.391203,1
CCCCCCCCCCCCCCCCCCCCCC(CC)CC,250,602.943888,1
CCCCCCCCCCCCCCCCCCCCCC(CC)CC,275,585.891497,1
CCCCCCCCCCCCCCCCCCCCCC(CC)CC,300,568.134404,1
CCCCCCCCCCCCCCCCCCCCCC(CC)CC,325,549.543583,1
CCCCCCCCCCCCCCCCCCCCCC(CC)CC,350,529.947025,1
CCCCCCCCCCCCCCCCCCCCCC(CC)CC,375,509.106939,1
CCCCCCCCCCCCCCCCCCCCCC(CC)CC,400,486.678779,1
CCCCCCCCCCC(CCCCCCCC)CCCCCCCC,375,608.683069,1
CCCCCCCCCCC(CCCCCCCC)CCCCCCCC,400,580.034181,1
CCCCCCCCCCC(CCCCCCC)CCCCCCCCC,350,614.360902,1
CCCCCCCCCCC(CCCCCCC)CCCCCCCCC,375,589.672056,1
CCCCCCCCCCC(CCCCCCC)CCCCCCCCC,400,563.439546,1
CCCCCCCCCCC(CCCCCCC)CCCCCCCCC,425,535.21292,1
CCCCCCCCCCCC(CCCCCCCC)CCCCCCCC,350,613.924282,1
CCCCCCCCCCCC(CCCCCCCC)CCCCCCCC,375,589.635105,1
CCCCCCCCCCCC(CCCCCCCC)CCCCCCCC,400,563.859252,1
CCCCCCCCCCCC(CCCCCCCC)CCCCCCCC,425,536.173029,1
CC(CCC(CCC(C)CC(C)(C)C)CCC(C)CC(C)(C)C)CC(C)(C)C,375,597.773477,1
CC(CCC(CCC(C)CC(C)(C)C)CCC(C)CC(C)(C)C)CC(C)(C)C,400,347.198403,1
CCCCCCCCCCCCCCCC(CCCCCC)CCCCCC,375,597.267111,1
CCCCCCCCCCCCCCCC(CCCCCC)CCCCCC,400,571.199461,1
CCCCCCCCCCCCCCCC(CCCCCC)CCCCCC,425,543.228757,1
CCCCCCCCCCC(CCCCCCCC)CCCCCCCCC,350,619.439379,1
CCCCCCCCCCC(CCCCCCCC)CCCCCCCCC,375,594.753307,1
CCCCCCCCCCC(CCCCCCCC)CCCCCCCCC,400,568.564549,1
CCCCCCCCCCC(CCCCCCCC)CCCCCCCCC,425,540.444751,1
CCCCCCCCCCC(CCCCCCCCC)CCCCCCCCC,375,596.021664,1
CCCCCCCCCCC(CCCCCCCCC)CCCCCCCCC,400,569.751824,1
CCCCCCCCCCC(CCCCCCCCC)CCCCCCCCC,425,541.542872,1
CC(C)CCCC(C)CCCC(C)CCCCC(C)CCCC(C)CCCC(C)C,150,607.975223,1
CC(C)CCCC(C)CCCC(C)CCCCC(C)CCCC(C)CCCC(C)C,175,594.916327,1
CC(C)CCCC(C)CCCC(C)CCCCC(C)CCCC(C)CCCC(C)C,200,581.519197,1
CC(C)CCCC(C)CCCC(C)CCCCC(C)CCCC(C)CCCC(C)C,225,567.74337,1
CC(C)CCCC(C)CCCC(C)CCCCC(C)CCCC(C)CCCC(C)C,250,553.540018,1
CC(C)CCCC(C)CCCC(C)CCCCC(C)CCCC(C)CCCC(C)C,275,538.849351,1
CC(C)CCCC(C)CCCC(C)CCCCC(C)CCCC(C)CCCC(C)C,300,523.596876,1
CC(C)CCCC(C)CCCC(C)CCCCC(C)CCCC(C)CCCC(C)C,325,507.687863,1
CC(C)CCCC(C)CCCC(C)CCCCC(C)CCCC(C)CCCC(C)C,350,490.99883,1
CC(C)CCCC(C)CCCC(C)CCCCC(C)CCCC(C)CCCC(C)C,375,473.363833,1
CC(C)CCCC(C)CCCC(C)CCCCC(C)CCCC(C)CCCC(C)C,400,454.551103,1
CCCCCCCCCCC(CCCCCCCCC)CCCCCCCCCC,375,604.275303,1
CCCCCCCCCCC(CCCCCCCCC)CCCCCCCCCC,400,578.206368,1
CCCCCCCCCCC(CCCCCCCCC)CCCCCCCCCC,425,550.329805,1
CCCCCCCCCCCCCC(CCCCCCCC)CCCCCCCC,375,612.087583,1
CCCCCCCCCCCCCC(CCCCCCCC)CCCCCCCC,400,582.239741,1
CCCCCCCCCCCCCC(CCCCCCCC)CCCCCCCC,425,550.030339,1
CCCCCCCCCCC(CCCCCCCCCC)CCCCCCCCCC,425,606.951448,1
CCCCCCCCCCCC(CCCCCCCCCC)CCCCCCCCCC,375,613.246947,1
CCCCCCCCCCCC(CCCCCCCCCC)CCCCCCCCCC,400,586.266958,1
CCCCCCCCCCCC(CCCCCCCCCC)CCCCCCCCCC,425,557.443459,1
CCCCCCCCCCCCCCCC(CCCCCCCC)CCCCCCCC,350,616.145195,1
CCCCCCCCCCCCCCCC(CCCCCCCC)CCCCCCCC,375,592.409473,1
CCCCCCCCCCCCCCCC(CCCCCCCC)CCCCCCCC,400,567.313279,1
CCCCCCCCCCCCCCCC(CCCCCCCC)CCCCCCCC,425,540.491509,1
CCCCCCCCCCCCCCCC(CCCCCCCC)CCCCCCCC,450,511.38904,1
CCCCCCCCCCCCCCCCCC(CCCCCCCC)CCCCCCCC,450,596.603707,1
CCCCCCCCCCCCCC(CCCCCCCCCC)CCCCCCCCCC,425,602.432025,1
CCCCCCCCCCCCCC(CCCCCCCCCC)CCCCCCCCCC,450,571.757265,1
CCCCCCCCCCCCC(CCCCCCCCCCC)CCCCCCCCCCCC,400,601.203257,1
CCCCCCCCCCCCC(CCCCCCCCCCC)CCCCCCCCCCCC,425,574.525597,1
CCCCCCCCCCCCC(CCCCCCCCCCC)CCCCCCCCCCCC,450,545.975029,1
CCCCCCCCCCCCC(CCCCCCCCCCC)CCCCCCCCCCCC,475,514.923609,1
CC(CCC(CCCCC(CCC(C)CC(C)(C)C)CCC(C)CC(C)(C)C)CCC(C)CC(C)(C)C)CC(C)(C)C,425,614.306773,1
CC(CCC(CCCCC(CCC(C)CC(C)(C)C)CCC(C)CC(C)(C)C)CCC(C)CC(C)(C)C)CC(C)(C)C,450,577.509165,1
CC(CCC(CCCCC(CCC(C)CC(C)(C)C)CCC(C)CC(C)(C)C)CCC(C)CC(C)(C)C)CC(C)(C)C,475,537.011224,1
