,smiles,temp,density,state
0,C=C,25,0.00115345786,0
1,CC=C,25,0.00174339481,0
2,CCC=C,25,0.00234653451,0
3,CCCC=C,25,0.634840071,0
4,CCCCC=C,25,0.669333459,0
5,CCCCCC=C,25,0.694981948,0
6,CCCCCCC=C,25,0.712641342,0
7,CCCCCCCCCCCCCCC=C,25,0.778217121,0
8,CCCCCCCCCCCCCCCC=C,25,0.779308718,0
9,CCCCCCCCCCCCCCCCC=C,25,0.781809114,0
10,CCCCCCCCCCCCCCCCCC=C,25,0.785614606,0
11,CCCCCCCCCCCCCCCCCCC=C,25,0.788996006,0
12,CCCCCCCCCCCCCCCCCCCC=C,25,1.01206315,0
13,CCCCCCCCCCCCCCCCCCCCC=C,25,0.787858002,0
14,CCCCCCCCCCCCCCCCCCCCCC=C,25,0.0147223786,0
15,CCCCCCCCCCCCCCCCCCCCCCC=C,25,0.0152607355,0
16,CCCCCCCCCCCCCCCCCCCCCCCCC=C,25,0.0164115646,0
17,CCCCCCCCCCCCCCCCCCCCCCCCCC=C,25,0.0170482598,0
18,CCCCCCCCCCCCCCCCCCCCCCCCCCC=C,25,0.0175591912,0
19,CCCCCCCCCCCCCCCCCCCCCCCCCCCCC=C,25,0.0186994751,0
20,CCCCCCCCCCCCCCCCCCCCCCCCCCCCCCCCCCC=C,25,0.0221172655,0
21,CCCCCCCCCCCCCCCCCCCCCCCCCCCCCCCCCCCCCCC=C,25,0.0243768118,0
22,CCCCCCCC=C,25,0.726240576,0
23,CCCCCCCCC=C,25,0.737939849,0
24,CCCCCCCCCC=C,25,0.747091211,0
25,CCCCCCCCCCC=C,25,0.755147241,0
26,CCCCCCCCCCCC=C,25,0.761904014,0
27,CCCCCCCCCCCCC=C,25,0.775656826,0
28,CCCCCCCCCCCCCC=C,25,0.776622873,0
29,CCCCC\C=C/C,25,0.707951731,0
30,CCCC\C=C\CC,25,0.690998497,0
31,CCC/C=C/CCC,25,0.698368719,0
32,CCCCCC\C=C\C,25,0.0373750326,0
33,CCCCCC\C=C/C,25,0.0373835025,0
34,CCCC\C=C/CCC,25,0.0372593317,0
35,CCCCC\C=C/CC,25,0.740585569,0
36,CCCCC\C=C/CC,25,0.760675616,0
37,CCCC/C=C/CCC,25,0.750412231,0
38,CCCCCC=CCC,25,0.718220969,0
39,CCCC/C=C/CCC,25,0.718729023,0
40,CCCCCC\C=C\C,25,0.72457272,0
41,CCCCCCC\C=C/C,25,0.696969707,0
42,CCCCCCC\C=C/C,25,0.699945836,0
43,CCCCCC\C=C/CC,25,0.701902522,0
44,CCCC\C=C\CCCC,25,0.694166138,0
45,CCCCCCC=CCC,25,0.701186745,0
46,CCCCCCCC=CC,25,0.691343282,0
47,CCCC\C=C\CCCC,25,0.70184417,0
48,CCCCCC\C=C\CC,25,0.702652204,0
49,CCCCC\C=C\CCC,25,0.702134756,0
50,CCCC\C=C\CCCC,25,0.750798778,0
51,CCCCC\C=C/CCC,25,0.739054203,0
52,CCCCCC=CCCC,25,0.734377692,0
53,C\C=C/C,25,0.00234969117,0
54,C\C=C\C,25,0.0441440161,0
55,C\C=C\C,25,0.00235020516,0
56,CC\C=C\C,25,0.64292439,0
57,CC\C=C/C,25,0.654185924,0
58,CC\C=C/C,25,0.634821383,0
59,CCC\C=C/C,25,0.682000068,0
60,CCC\C=C\C,25,0.673417473,0
61,CC\C=C/CC,25,0.725050339,0
62,CC\C=C\CC,25,0.723397249,0
63,CC\C=C\CC,25,0.687110287,0
64,CCC\C=C/C,25,0.665566026,0
65,CCC\C=C\CC,25,0.693754041,0
66,CCC\C=C/CC,25,0.698494606,0
67,CCCC\C=C/C,25,0.703100424,0
68,CCCC\C=C\C,25,0.735428773,0
69,CCCC\C=C\C,25,0.721307894,0
70,CCC\C=C\CC,25,0.717972733,0
71,CCCCC\C=C\C,25,0.746171083,0
72,CCCCC\C=C\C,25,0.748898303,0
73,CCC\C=C/CCC,25,0.746272099,0
74,CCCC\C=C\CC,25,0.744704153,0
75,CCC/C=C/CCC,25,0.743897569,0
76,CCCC\C=C/CC,25,0.746483846,0
77,CCCCCCC\C=C/CC,25,0.776545055,0
78,CCCCCC\C=C/CCC,25,0.776545055,0
79,CCCCCC=CCCCC,25,0.772182526,0
80,CCCCC\C=C/CCCC,25,0.0783781754,0
81,CCCCCCC/C=C/CC,25,0.0783781754,0
82,CCCCC\C=C\CCCC,25,0.0783781754,0
83,CCCCCCC=CCCC,25,0.0781637671,0
84,CCCCCCCC\C=C/C,25,0.682000068,0
85,CCCCCC\C=C\CCC,25,0.682000068,0
86,CCCCCCCC\C=C\C,25,0.718220969,0
87,CCCCCCCC\C=C\C,25,0.718220969,0
88,CCCCCCCCC\C=C/C,25,0.718220969,0
89,CCCCCCCCC/C=C/C,25,0.76308155,0
90,CCCCCC/C=C/CCCC,25,0.00268454465,0
91,CCCCC\C=C/CCCCC,25,0.00268454465,0
92,CCCCCCC/C=C/CCC,25,0.795155227,0
93,CCCCCCCC=CCCC,25,0.728106341,0
94,CCCCCCCCCC=CC,25,0.762546136,0
95,CCCCCCC\C=C/CCC,25,0.795155227,0
96,CC1(OC2CC3C4CCC5=CC(=O)CCC5(C)C4(F)C(O)CC3(C)C2(O1)C(=O)CBr)c6ccccc6,25,0.795155227,0
97,CCCCC/C=C/CCCCC,25,0.761677718,0
98,CCCCCCCC\C=C\CC,25,0.721829259,0
99,CCCCC\C=C\CCCCC,25,0.821615287,0
100,CCCCCC\C=C/CCCCC,25,0.755818395,0
101,CCCCCC\C=C\CCCCCC,25,0.785112354,0
102,CCCCCCCCCCCC=CC,25,0.792407896,0
103,CCCCCCCCCCCC/C=C/C,25,0.783980384,0
104,CCCCCCCC=CCCCCCC,25,0.78775907,0
105,CCCCCCCCCCCCC=CC,25,0.806996884,0
106,CCCCCCCCCCCCCC=CC,25,0.811175017,0
107,CCCCCCCCCC=CCCCCC,25,0.810707363,0
108,CCCCCCCCC=CCCCCCCC,25,0.86160306,0
109,CCCCCCCCCCCCC/C=C/CCC,25,0.812205708,0
110,CCCCCCCC/C=C/CCCCCCCC,25,0.0040814347,0
111,CCCCCCCCC\C=C/CCCCCCC,25,0.816672995,0
112,CCCCCCCCCC\C=C/CCCCCC,25,0.816778564,0
113,CCCCCCCCCCC\C=C/CCCCC,25,0.809130384,0
114,CCCCCCCCCCCC\C=C/CCCC,25,0.808298926,0
115,CCCCCCCCCCCCCCC\C=C/C,25,0.0040814347,0
116,CCCCCCCC\C=C/CCCCCCCC,25,0.708025766,0
117,CCCCCCCCCCC/C=C/CCCCC,25,0.814160064,0
118,CCCCCCCCCC/C=C/CCCCCC,25,0.784966193,0
119,CCCCCCCCCCCCCCCCC/C=C/C,25,0.806598376,0
120,CCCCCCCCCCCCCCCCC/C=C/C,25,0.00453751829,0
121,CCCCCCCCCCCCC\C=C\CCCCCCCC,25,0.00453751829,0
122,CCCCCCCCCCCCC\C=C/CCCCCCCC,25,0.00453751829,0
123,C#C,25,1.07095059,0
124,CC#C,25,1.6614654,0
125,C#CC#C,25,687.344199,2
126,C=CC#C,25,772.130295,2
127,CC#CC,25,770.059927,2
128,CCC#C,25,755.810135,2
129,CC#CC#C,25,729.670967,2
130,CC#CC=C,25,730.676094,2
131,C=CCC#C,25,724.328891,2
132,CC(=C)C#C,25,728.56718,2
133,C\C=C/C#C,25,721.959376,2
134,C/C=C/C#C,25,741.885245,2
135,C/C=C/C#C,25,742.636606,2
136,CCCC#C,25,700.299762,2
137,CCC#CC,25,720.645736,2
138,CC(C)C#C,25,680.181772,2
139,C#CC#CC#C,25,603.0631,1
140,CC#CCC#C,25,745.617097,2
141,C=C/C=C/C#C,25,718.078687,2
142,CC#CC#CC,25,689.957433,2
143,C=CC#CC=C,25,717.056912,2
144,CCC#CC#C,25,714.625583,2
145,C#CCCC#C,25,764.759677,2
146,C/C=C(/C)C#C,25,743.223829,2
147,CCC#CC=C,25,718.29723,2
148,CC=CC#CC,25,714.7862,2
149,C=CCCC#C,25,702.946844,2
150,CC/C=C/C#C,25,693.999082,2
151,CCCCC#C,25,711.559216,2
152,CC(C)(C)C#C,25,664.403841,2
153,CCC#CCC,25,718.036059,2
154,CCCC#CC,25,726.991951,2
155,CC#CC(C)C,25,728.150012,2
156,CC(C)CC#C,25,717.455807,2
157,C#CCCCCCC#C,25,810.525926,2
158,CC=C(C)C#CC(C)=C,25,832.797357,2
159,CC#CCCCC#CC,25,8.52054735,0
160,CCCCCCCC#C,25,8.74607874,0
161,CC(C)CC#CC(C)C,25,8.604685,0
162,CCCCCCC#CC,25,779.353533,2
163,CC(C)C#CC(C)(C)C,25,651.725398,2
164,CCCCC#CC(C)C,25,715.460604,2
165,CCCCCC#CCC,25,663.62867,2
166,CCC#CCCC(C)C,25,744.256466,2
167,CCCCC#CCCC,25,767.883879,2
168,CCC#CC(C)(C)CC,25,739.092493,2
169,CCCCCC\C=C\C#C,25,832.391055,2
170,CCCCC#CCC(C)=C,25,769.80418,2
171,CCCCCCC#CC=C,25,819.555554,2
172,CCCCCC\C=C/C#C,25,819.005991,2
173,CCCCCCCCC#C,25,762.992645,2
174,CCCCCCC#CCC,25,813.45126,2
175,CCC#CC(C)(CC)CC,25,798.152518,2
176,CCCC#CCCC(C)C,25,816.998152,2
177,CC(C)CC#CCC(C)C,25,797.620104,2
178,CCCCC#CC(C)(C)C,25,792.044502,2
179,CCCCCC#CCCC,25,828.33979,2
180,CCCCC#CCCCC,25,818.34707,2
181,CC(C)(C)C#CC(C)(C)C,25,720.318071,2
182,CC#CC(C)(C)C(C)(C)C,25,850.722206,2
183,C#CC#CC#CC#CC#CC#C,25,959.397849,2
184,C=CCC(CC=C)(C=C)C#C,25,813.650622,2
185,CCCCC#CC#CC(C)=C,25,730.119481,2
186,C#CCCCCCCCC#C,25,814.141725,2
187,CCCCCCCC#CC=C,25,836.092813,2
188,CCCCCC#CCCCC,25,770.916803,2
189,CCCCCCCCCC#C,25,768.334781,2
190,CCCCCCCCC#CC,25,794.304825,2
191,CCC(C)C#C,25,693.96188,2
192,CC(C)(C#C)C#C,25,3.99158082,0
193,CC(=C)C#CC=C,25,4.8015855,0
194,C#CCCCC#C,25,817.501018,2
195,CC#CCCC#C,25,742.296846,2
196,CCC=C(C)C#C,25,790.948991,2
197,CC=C(C)C#CC,25,726.857599,2
198,CCCC#CC=C,25,739.53,2
199,CCCCCC#C,25,737.091196,2
200,CCC(C)C#CC,25,735.024912,2
201,CC#CCC(C)C,25,731.637778,2
202,CCCC#CCC,25,750.375814,2
203,CC(C)CCC#C,25,704.18825,2
204,CC#CC(C)(C)C,25,688.749961,2
205,CCCCC#CC,25,745.201792,2
206,CCC(C)(C)C#C,25,715.797969,2
207,CCC(C)CC#C,25,699.515947,2
208,COC(=O)CN1C(=S)SC(=C\c2ccc(cc2)N(C)C)/C1=O,25,624.560448,2
209,C=CC=CC#CC=C,25,725.269536,2
210,CCC#CC#CCC,25,820.290729,2
211,C#CCCCCC#C,25,791.543008,2
212,CC#CCCC#CC,25,832.624922,2
213,CCCCC#CC#C,25,817.637544,2
214,CCCCC#CC=C,25,741.09615,2
215,CCCCCCC#C,25,737.466916,2
216,CCCC#CCCC,25,802.96531,2
217,CCCCC#CCC,25,740.904491,2
218,CCC(C)(CC)C#C,25,775.856099,2
219,CCCCCC#CC,25,807.721486,2
220,CCC#CC(C)(C)C,25,737.365248,2
221,CC(C=C)=CC#CC=C,25,777.667594,2
222,CCCCC#CC(C)(C)CC,25,751.685894,2
223,CC(C)(C)C#CC#CC(C)(C)C,25,736.0662,2
224,CCCCC#CC#CCCCC,25,831.319492,2
225,CC(C)(CCC(C)(C)C#C)C#C,25,783.089435,2
226,CCC#CCCCCC#CCC,25,849.753787,2
227,CC(C)CCC#CCCC(C)C,25,801.454712,2
228,CCCCCCCCCC#CC,25,814.687422,2
229,CCCCCC#CC(C)(C)CC,25,765.887967,2
230,CCCCCCCCCCC#C,25,776.523052,2
231,CCCCCCCCC#CCC,25,766.392523,2
232,CCCCCC#CCCCCC,25,771.939828,2
233,CCCCC#CCC#CCCCC,25,743.012635,2
234,C#CCCCCCCCCCC#C,25,812.259755,2
235,CCCCCCCCCCCC#C,25,784.22487,2
236,CC(C)(C)C#CC(C)(C)C(C)(C)C,25,746.459992,2
237,CCCCCCCCCCCCC#C,25,857.475137,2
238,CCCCCCC#CCCCCCC,25,874.46416,2
239,CCCCCCCCCCCC#CC,25,776.2825,2
240,CCCCCCCCC=C(C)C#CC=C,25,847.083139,2
241,CCCCCCCCCCCCCC#C,25,924.060579,2
242,CCCCCCCCCCCCCC#CC,25,873.036765,2
243,CCCCCCCCCCCCCCC#C,25,741.426229,2
244,CCCCCCCCCCCCCCCC#C,25,799.76592,2
245,CCCCCCCCCCCCCC#CCCC,25,755.989126,2
246,CCCCCCCCCCCC#CCCCCC,25,756.273755,2
247,CCCCCCCCCCCCCCC#CCC,25,756.848219,2
248,CCCCCCCCC#CCCCCCCCC,25,741.545959,2
249,CCCCCCCCCC#CCCCCCCC,25,746.745489,2
250,CCCCCCCCCCC#CCCCCCC,25,743.285261,2
251,CCCCCCCCCCCCC#CCCCC,25,747.520713,2
252,CCCCCCCCCCCCCCCC#CC,25,763.623253,2
253,CCCCCCCCCCCCCCCCC#C,25,726.528682,2
254,CCCCCCCCCCCCCCCCCC#C,25,789.947584,2
255,CCCCCCCCCCCCCCCCCCC#C,25,750.904301,2
256,CCCCCCCC(C)CCCCCC,25,769.843803,2
257,CCCCCCCCCCCCC(C)C,25,797.374168,2
258,CCCCCCCCCCC(C)CCC,25,785.725745,2
259,CCCCCCCC(C)CCCCCCC,25,804.553699,2
260,CCCCCCCCCCCC(C)CCC,25,750.001092,2
261,CCCCCCCCC(C)CCCCCC,25,726.345091,2
262,CCCCCCCCCCC(C)CCCC,25,716.360429,2
263,CCCCCCCCCCCCC(C)CC,25,701.513819,2
264,CCCCCCCCCCCCCC(C)C,25,696.804698,2
265,CCCCCCCCCC(C)CCCCC,25,700.237173,2
266,CCCCCCCCCCCCCC(C)CC,25,680.280857,2
267,CCCCCCCCCC(C)CCCCCC,25,698.944077,2
268,CCCCCCCCCCCCC(C)CCC,25,690.612354,2
269,CCCCCCCCCCCCCCC(C)C,25,707.834173,2
270,CCCCCCCCCCCCCCC(C)CC,25,682.102743,2
271,CCCCCCCCC(C)CCCCCCCC,25,838.110002,2
272,CCCCCCCCCCCCCCCC(C)C,25,783.979732,2
273,CCCCCCCCCCCCC(C)CCCC,25,781.485497,2
274,CCCCCCCCCCCCCCCC(C)CC,25,703.639097,2
275,CCCCCCCCCCCCCCCCC(C)C,25,730.034091,2
276,CCCCCCCCCC(C)CCCCCCCC,25,770.495237,2
277,CCCCCCCCCCCCCCC(C)CCC,25,766.558482,2
278,CCCCCCCCCCCCC(C)CCCCC,25,770.57378,2
279,CCCCCCCC(C)CC,25,738.619545,2
280,CCCCCCCCC(C)C,25,732.896024,2
281,CCCCCC(C)CCCC,25,715.740614,2
282,CCCCCCC(C)CCC,25,691.121402,2
283,CCCCCCCCC(C)CC,25,747.565151,2
284,CCCCCCCCCC(C)C,25,741.759719,2
285,CCCCCCC(C)CCCC,25,683.523311,2
286,CCCCCCCC(C)CCC,25,745.926979,2
287,CCCCCCCC[C@@H](C)CC,25,2.71596716,0
288,CCCCCCCCCC(C)CC,25,754.780229,2
289,CCCCCCCC(C)CCCC,25,763.786843,2
290,Cc1ccc(O)c(NC(=O)c2ccc(cc2)c3ccccc3)c1,25,750.279136,2
291,CCCCCCCCC(C)CCC,25,564.19014,1
292,CCCCCCCCCCCC(C)C,25,756.490122,2
293,CCCCCCCCCCC(C)CC,25,761.314449,2
294,CCCCCCCC(C)CCCCC,25,767.194761,2
295,CCCCCCC(C)CCCCCC,25,723.33456,2
296,CCCCCCCCC(C)CCCC,25,728.399768,2
297,CCCCCCCCCC(C)CCC,25,745.82926,2
298,CCCCCCCCC(C)CCCCC,25,788.510558,2
299,CCCCCCCCCC(C)CCCC,25,728.747865,2
300,CCCCCCCCCCCC(C)CC,25,704.175679,2
301,CC(C)C,25,2.43214074,0
302,CCC(C)C,25,669.841221,2
303,CCC(C)C,25,669.841221,2
304,CCCC(C)C,25,648.295612,2
305,CCC(C)CC,25,660.772986,2
306,CCCCC(C)C,25,676.435504,2
307,CCCC(C)CC,25,693.636966,2
308,CCCC(C)CC,25,1.58578048,0
309,CCCC(C)CCC,25,698.944077,2
310,CCCCCC(C)C,25,695.278956,2
311,CCCCC(C)CC,25,698.320048,2
312,CCCC[C@@H](C)CC,25,698.944077,2
313,CCCCC(C)CCC,25,698.944077,2
314,CCCCCC(C)CC,25,701.325662,2
315,CCCCCCC(C)C,25,699.223529,2
316,CCCC[C@H](C)CCC,25,698.944077,2
317,CCCCCCCC(C)C,25,698.944077,2
318,CCCCCC(C)CCC,25,728.20137,2
319,CCCCC(C)CCCC,25,728.564784,2
320,CCCCCCC(C)CC,25,729.310252,2
321,CCCCCC[C@@H](C)CC,25,2.26089644,0
322,CCCCCCC(C)CC,25,2.26089644,0
323,CCCCCCCCCCCC(C)CCCCCC,25,800.260824,2
324,CCCCCCCCCCC(C)CCCCCCC,25,797.789215,2
325,CCCCCCCCCCCCCCCCCC(C)C,25,656.609468,2
326,CCCCCCCCCCCCCCC(C)CCCC,25,693.229924,2
327,CCCCCCCCCCCCCCCCC(C)CC,25,717.651952,2
328,CCCCCCCCCCCCCCCCCC(C)CC,25,534.714801,1
329,CCCCCCCCCCCCCCCC(C)CCCC,25,789.42446,2
330,CCCCCCCCCCC(C)CCCCCCCCC,25,824.528325,2
331,CCCCCCCCCCCCCCCCCCC(C)CC,25,707.711585,2
332,CCCCCCCCCCCCCCCCCCCCCC(C)C,25,797.423717,2
333,CCCCCCCCCCCCCCCCCCC(C)CCCC,25,636.810953,2
334,CCCCCCCCCCCCC(C)CCCCCCCCCCCC,25,820.843521,2
335,CCC(C)\C=C/C,25,666.156584,2
336,CC/C=C(C)/CC,25,689.692611,2
337,CCC(C)\C=C\C,25,666.247714,2
338,CC/C=C/C(C)C,25,651.240556,2
339,C\C=C/CC(C)C,25,668.691169,2
340,CC\C=C(C)/CC,25,678.744301,2
341,CCC\C(C)=C/C,25,679.333133,2
342,CCC\C(C)=C\C,25,618.791352,1
343,CC\C=C/C(C)C,25,658.882674,2
344,CCCC=C(C)C,25,657.918532,2
345,CCC\C(C)=C\C,25,1.55343057,0
346,C/C=C/CC(C)C,25,1.55343057,0
347,CC(C)CCCC=C,25,1.55343057,0
348,CC(=C)CC(C)(C)C,25,712.572923,2
349,CCC[C@@H](C)CC=C,25,712.868401,2
350,CCCCCC(C)=C,25,716.304025,2
351,CCC/C=C(C)/CC,25,725.238651,2
352,CC/C=C/CC(C)C,25,679.703354,2
353,CCCCC(C)C=C,25,708.547919,2
354,CCCC\C(C)=C\C,25,722.168512,2
355,CCCC(C)\C=C\C,25,664.478649,2
356,CCC\C=C\C(C)C,25,665.088933,2
357,CCC=CCC(C)C,25,675.316226,2
358,CCCCC=C(C)C,25,687.35618,2
359,CCC(CC)\C=C/C,25,681.882422,2
360,CC=CCCC(C)C,25,681.880284,2
361,CCC\C(C)=C/CC,25,694.164725,2
362,CCC(C)CCC=C,25,683.832516,2
363,CC(C)CCCCC=C,25,710.304383,2
364,CCCCCCC(C)=C,25,693.467484,2
365,CCCCC(C)C=CC,25,687.551732,2
366,CCCC=C(C)CCC,25,702.1972,2
367,CCCCCC(C)=CC,25,699.819604,2
368,CCCCCC=C(C)C,25,683.574681,2
369,CCCC=CCC(C)C,25,738.625478,2
370,CC=CCCCC(C)C,25,718.245148,2
371,CC/C=C/CCC(C)C,25,698.807171,2
372,CCCCC=CC(C)C,25,693.141886,2
373,CC(C)=C,25,14.3969997,1
374,CC(C)C=C,25,675.267014,2
375,CC=C(C)C,25,696.476316,2
376,CCC(C)=C,25,711.472482,2
377,CC\C(C)=C/C,25,722.77791,2
378,CCCC(C)=C,25,718.009765,2
379,CCC=C(C)C,25,682.371972,2
380,CCC(C)C=C,25,672.797813,2
381,CC\C(C)=C\C,25,687.864132,2
382,C/C=C/C(C)C,25,673.749172,2
383,CC(C)CC=C,25,671.332855,2
384,C\C=C/C(C)C,25,674.043906,2
385,C/C=C/C(C)C,25,673.749172,2
386,CC\C(C)=C\C,25,692.740882,2
387,CC[C@H](C)C=C,25,679.333133,2
388,CCCC(C)C=C,25,688.350019,2
389,CC(C)CCC=C,25,687.648196,2
390,CCC(C)CC=C,25,694.204658,2
391,CC(C)CCCCCC=C,25,811.775173,2
392,CCCCCCCC(C)=C,25,741.272512,2
393,CCCC/C(C)=C/CCC,25,760.131953,2
394,CCCCCC=CC(C)C,25,685.903938,2
395,CCCCCCC=C(C)C,25,687.943465,2
396,CCCCCC(C)=CCCC,25,707.085621,2
397,CCCCCCC(C)CC=C,25,705.200331,2
398,CCCCCC=CCC(C)C,25,681.407777,2
399,CCCCCC[C@@H](C)CC=C,25,668.691169,2
400,CCCCCC(C)=CCCCC,25,668.691169,2
401,CCCCCCCCCC(C)=C,25,765.275784,2
402,CCCCCCCCCCC=C(C)C,25,771.100409,2
403,CCCCCC/C(C)=C/CCCCC,25,772.236973,2
404,CCCCCCCCCCCC(C)=C,25,800.176453,2
405,CCCCCCCCCCCC(C)C=C,25,801.121586,2
406,CCCCCCCCCCCCCC(C)=C,25,827.768395,2
407,CCCCCCCCC(C)=CCCCCCCC,25,837.000825,2
408,CCCCCCCCCCCCCCC=C(C)C,25,770.21392,2
409,CCCCCCCCCCCCCCCC(C)=CC,25,833.140089,2
410,CCCCCCCCCCCCCCCCC=C(C)C,25,817.479082,2
411,CCCCCCCCCCCCCCCCCC(C)=C,25,812.657031,2
412,C,25,0.648354393,0
413,CC,25,1.22221388,0
414,CCC,25,1.80574123,0
415,CCCC,25,82.9108655,1
416,CCCCC,25,628.538717,2
417,CCCCCC,25,657.637707,2
418,CCCCCCC,25,682.435542,2
419,CCCCCCCC,25,702.509472,2
420,CCCCCCCCC,25,716.613402,2
421,CCCCCCCCCC,25,727.645137,2
422,CCCCCCCCCCCCC,25,703.362432,2
423,CCCCCCCCCCCCCC,25,713.440008,2
424,CCCCCCCCCCCCCCC,25,719.939318,2
425,CCCCCCCCCCCCCCCC,25,778.528363,2
426,CCCCCCCCCCCCCCCCC,25,772.194826,2
427,CCCCCCCCCCCCCCCCCC,25,776.166581,2
428,CCCCCCCCCCCCCCCCCCC,25,779.99704,2
429,CCCCCCCCCCCCCCCCCCCC,25,782.634786,2
430,CCCCCCCCCCCCCCCCCCCCC,25,786.142022,2
431,CCCCCCCCCCCCCCCCCCCCCCC,25,713.820656,2
432,CCCCCCCCCCCCCCCCCCCCCCCC,25,712.625069,2
433,CCCCCCCCCCCCCCCCCCCCCCCCC,25,725.816688,2
434,CCCCCCCCCCCCCCCCCCCCCCCCCC,25,731.522713,2
435,CCCCCCCCCCCCCCCCCCCCCCCCCCCCC,25,777.755489,2
436,CCCCCCCCCCCCCCCCCCCCCCCCCCCCCC,25,778.708879,2
437,CCCCCCCCCCCCCCCCCCCCCCCCCCCCCCCC,25,805.192971,2
438,CCCCCCCCCCCCCCCCCCCCCCCCCCCCCCCCC,25,765.570385,2
439,CCCCCCCCCCCCCCCCCCCCCCCCCCCCCCCCCCC,25,807.679499,2
440,CCCCCCCCCCCCCCCCCCCCCCCCCCCCCCCCCCCC,25,781.877364,2
441,CCCCCCCCCCCCCCCCCCCCCCCCCCCCCCCCCCCCC,25,809.252597,2
442,CCCCCCCCCCCCCCCCCCCCCCCCCCCCCCCCCCCCCC,25,809.854412,2
443,CCCCCCCCCCCCCCCCCCCCCCCCCCCCCCCCCCCCCCCC,25,822.592029,2
444,CCCCCCCCCCCCCCCCCCCCCCCCCCCCCCCCCCCCCCCCCCCCCCCCCC,25,849.960682,2
445,CCCCCCCCCCCCCCCCCCCCCCCCCCCCCCCCCCCCCCCCCCCCCCCCCCCCCCCCCCCC,25,768.936941,2
446,CCCCCCCCCCCCCCCCCCCCCCCCCCCCCCCCCCCCCCCCCCCCCCCCCCCCCCCCCCCCCCCC,25,850.07159,2
447,CCCC(CCC)CCC,25,729.930527,2
448,CCC(CC)C(C)(C)CC,25,727.032811,2
449,CCC(CC)C(C)C(C)C,25,730.725202,2
450,CCCCCC(CC)CC,25,760.259529,2
451,CCC(CC(C)C)C(C)C,25,729.981188,2
452,CCC(C)C(CC)C(C)C,25,730.725202,2
453,CCCC(C)(CC)C(C)C,25,725.479918,2
454,CCC(C)(C(C)C)C(C)C,25,763.862666,2
455,CCCC(CC)C(C)(C)C,25,728.975189,2
456,CCC(C(C)C)C(C)(C)C,25,752.111116,2
457,CCCC(C)CC(C)(C)C,25,710.90359,2
458,CC(C)C(C)CC(C)(C)C,25,709.702155,2
459,CCC(C)C(C)(CC)CC,25,725.84787,2
460,CCC(C)(C)CC(C)(C)C,25,716.23618,2
461,CC(C(C)(C)C)C(C)(C)C,25,773.800467,2
462,CC(C)C(C)(C)C(C)(C)C,25,764.552345,2
463,CCCCC(C)C(C)(C)C,25,736.02738,2
464,CCCCC(C)(C)C(C)(C)C,25,740.022447,2
465,CCCC(C)(CC)CC(C)C,25,2.48601728,0
466,CC(C)CCCC(C)C(C)C,25,2.48601728,0
467,CC(C)CC(C)(C)CC(C)C,25,709.952361,2
468,CC(C)CC(C)(C)C(C)(C)C,25,729.892834,2
469,CCCCC(C)(C)CC(C)C,25,714.43887,2
470,CCC(C)(C)CCC(C)(C)C,25,720.21532,2
471,CCCC(C)(CC)CC(C)C,25,686.024863,2
472,CC(C)CCC(C)CC(C)C,25,718.952665,2
473,CCC(C)C(C)(C)CC,25,709.907959,2
474,CCC(C)CC(C)(C)C,25,712.70325,2
475,CCCC(CC)CCC,25,693.792253,2
476,CCCC(C)(C)C(C)C,25,701.56116,2
477,CC(C)(C)CCC(C)(C)C,25,715.663313,2
478,CCC(C)CC(C)(C)CC,25,738.997863,2
479,CCCC(C)(C)C(C)(C)C,25,760.826568,2
480,CCCC(C)C(C)C(C)C,25,730.039792,2
481,CCCC(C)C(C)(C)CC,25,733.294249,2
482,CCC(C)(C)C(C)(C)CC,25,757.325824,2
483,CCC(C)CCC(C)(C)C,25,741.941645,2
484,CCC(C)(C)CCC(C)C,25,731.405021,2
485,CC(C)C(C(C)C)C(C)C,25,744.586484,2
486,CC(C)CC(C)CC(C)C,25,730.426883,2
487,CCC(C)C(C)CC(C)C,25,740.990201,2
488,CCCC(C)(C)CC(C)C,25,728.015099,2
489,CCC(CC)(CC)C(C)C,25,733.68934,2
490,CC(C)CCC(C)C(C)C,25,713.731284,2
491,CCC(C)CC(C)C(C)C,25,718.754106,2
492,CC(C)CCCC(C)(C)C,25,690.24894,2
493,CCCCC(C)(C)C(C)C,25,724.628474,2
494,CCCC(C)(C)C(C)CC,25,733.294249,2
495,CCCCC(CC)CCC,25,722.2723,2
496,CCC(C)(CC)C(C)(C)C,25,726.540899,2
497,CCC(CC)CC(C)(C)C,25,722.055372,2
498,CCC(C)C(C)C(C)CC,25,730.725202,2
499,CC(CC(C)(C)C)C(C)(C)C,25,738.133682,2
500,CCCCC(C)CC(C)(C)C,25,722.124598,2
501,CC(C)CC(C)CC(C)(C)C,25,698.366698,2
502,CCC(C)CC(C)(CC)CC,25,718.391432,2
503,CCCC(C)(C)CC(C)(C)C,25,706.034502,2
504,CCCCCCC(CC)CC,25,744.738884,2
505,CCC(C)(C)CC(C)(C)CC,25,712.509373,2
506,CC(C)C(C)(C)CC(C)(C)C,25,719.274116,2
507,CCCCCC(CC)CCC,25,765.962218,2
508,CCC(C)CC(C)CC(C)C,25,685.248793,2
509,CCCCC(CCC)CCC,25,733.509877,2
510,CCCCC(CC)CCCC,25,742.25266,2
511,CCCCCC(CC)CCCC,25,772.431759,2
512,CC(C)CC(CC(C)C)C(C)C,25,765.638145,2
513,CCCC(C)(C)CCCC(C)C,25,776.783452,2
514,CCC(C)(C)CCC(C)(C)CC,25,741.339027,2
515,CC(C)CCC(C)CCC(C)C,25,731.294976,2
516,CCCCCCCC(CC)CC,25,766.233341,2
517,CC(C)CCC(C(C)C)C(C)C,25,741.310685,2
518,CCCCC(CCC)CCCC,25,739.509815,2
519,CCCC(CC(C)C)CC(C)C,25,779.702022,2
520,CC(CC(C)(C)C)CC(C)(C)C,25,726.540948,2
521,CC(C)(C)CC(C)(C)C(C)(C)C,25,693.602418,2
522,CCC(C)(C)CCCC(C)(C)C,25,739.201012,2
523,CC(C)CC(C)(C)CC(C)(C)C,25,743.391787,2
524,CC(C)(C)CCCCC(C)(C)C,25,718.833905,2
525,CCC(CC)CC,25,694.970615,2
526,CC(C)C(C)(C)C,25,690.192341,2
527,CCC(C)(CC)CC,25,723.686176,2
528,CCCC(CC)CC,25,720.82892,2
529,CCC(CC)C(C)C,25,741.910538,2
530,CC(C)C(C)C(C)C,25,737.432334,2
531,CCC(C)(C)C(C)C,25,738.623385,2
532,CC(C)CC(C)(C)C,25,723.761731,2
533,CC(C)(C)C(C)(C)C,25,732.868157,2
534,CCC(C)C(C)(C)C,25,722.425093,2
535,CCC(CC)(CC)CC,25,749.393011,2
536,CC(C)CCC(C)(C)C,25,728.768993,2
537,CCC(CC)C(C)(C)C,25,729.986348,2
538,CC(C)C(C)(C)C(C)C,25,737.573844,2
539,CCC(C)(C)CC(C)C,25,726.644137,2
540,CCC(C(C)C)C(C)C,25,732.755989,2
541,CC(C)C(C)C(C)(C)C,25,735.1618,2
542,CC(C)(C)CC(C)(C)C,25,715.581827,2
543,CCCCC(CC)CC,25,722.423165,2
544,CCC(C)(C)C(C)(C)C,25,752.959904,2
545,CC[C@@H](C)[C@H](C)C(C)C,25,2.03415802,0
546,CCC(C)C(C)C(C)C,25,720.21532,2
547,CCCC(C)C(C)(C)C,25,614.936879,1
548,CC(C)CC(C)C(C)C,25,716.778599,2
549,CC[C@H](C)[C@H](C)C(C)C,25,739.201012,2
550,CCC(C)(CC)C(C)C,25,739.201012,2
551,CCCC(C)CC(C)CC(C)C,25,658.721796,2
552,CCCC(C)(CCC)C(C)(C)C,25,790.198923,2
553,CC(C)C(C)CC(C)C(C)(C)C,25,756.326013,2
554,CC(C(C)C(C)(C)C)C(C)(C)C,25,780.536031,2
555,CCC(C)C(C)CC(C)C(C)C,25,770.557505,2
556,CCC(C)CC(C)(CC)C(C)C,25,762.85091,2
557,CC(C)C(C)CCC(C)C(C)C,25,744.220792,2
558,CC(C)CCC(C)(C)CC(C)C,25,738.646937,2
559,CC(C)CC(C)C(C)CC(C)C,25,765.676854,2
560,CCCC(C)(CC)CC(C)CC,25,749.093271,2
561,CCCCCC(C)CC(C)(C)C,25,773.021465,2
562,CC(C)CC(C)CCC(C)(C)C,25,780.322974,2
563,CC(C)(C)C(C(C)(C)C)C(C)(C)C,25,754.482015,2
564,CCC(CC)CC(C)CC(C)(C)C,25,831.833238,2
565,CCCC(C)(C)CC(C)(C)CCC,25,803.822112,2
566,CCCCCCC(CCC)CCC,25,820.536937,2
567,CCCCC(C)(CC)CC(C)CC,25,838.776892,2
568,CCC(C)(CC)CC(C)(CC)CC,25,805.600758,2
569,CCCCC(CCCC)CCCC,25,768.705487,2
570,CC(CCC(C)(C)C)CC(C)(C)C,25,835.341965,2
571,CC(C)CCCC(C)CCC(C)C,25,820.393178,2
572,CCCCC(C)CC(C)CC(C)C,25,745.416062,2
573,CCC(C)CC(C)(CC)CC(C)C,25,835.712972,2
574,CCC(C)CCC(C)CC(C)CC,25,856.245859,2
575,CCCCCCCCCC(CC)CC,25,800.643173,2
576,CC(C)CCC(CC(C)C)CC(C)C,25,864.673956,2
577,CCCCCCC(CCC)CCCC,25,756.146604,2
578,CC(C)C(C)(C)CC(C)(C)C(C)(C)C,25,771.304982,2
579,CCCCCCCC(CCC)CCC,25,776.461231,2
580,CC(C)CC(C)(C)C(C)(C)CC(C)C,25,785.739131,2
581,CCC(CC)(CC)C(CC)(CC)CC,25,854.805864,2
582,CC(C)(C)CCCCCCC(C)(C)C,25,815.053681,2
583,CC(C)(C)C(C)(C)C(C)(C)C(C)(C)C,25,745.084943,2
584,CCC(CC(C)C)C(CC)CC(C)C,25,760.67513,2
585,CCCC(C)(CC)C(C)(CC)CCC,25,777.894592,2
586,CC(C)CC(C)(C)CC(C)(C)CC(C)C,25,798.287508,2
587,CCCCC(C)(C)CC(C)(C)CCCC,25,792.54129,2
588,CCCCCC(C)(C)C(C)(C)CCCC,25,864.14262,2
589,CCCC(C)(CC)CC(C)(CC)CCC,25,804.463221,2
590,CCC(C)C(C)(C)CC(C)(C)C(C)CC,25,855.17874,2
591,CCCCCCC(CCC)CCCCC,25,787.093842,2
592,CC(C)CCCCC(C)CCCC(C)C,25,819.775309,2
593,CCC(C)(C)C(C)(C)CC(C)(C)C(C)C,25,805.670204,2
594,CCC(C)CCCC(C)CCCC(C)C,25,798.229375,2
595,CCC(C)(C)C(C)(C)CC(C)CC(C)C,25,827.49933,2
596,CC(CC(C)(C)C)CC(C)(C)CC(C)(C)C,25,789.161199,2
597,CC(C)CCCC(C)C(C)CCCC(C)C,25,873.706377,2
598,CC(CCCC(C)(C)C)CCCC(C)(C)C,25,930.054702,2
599,CCCCCCCCCCCC(CC)CC,25,788.329891,2
600,CCC(C)CCCCC(C)CCCC(C)C,25,891.121313,2
601,CCCCCC(CCCCC)CCCCC,25,800.993148,2
602,CCCCCCCCCCCCC(CC(C)C)CC(C)C,25,1052.71506,2
603,CCCCCCCCC(CCCCCC)CCCCCC,25,925.564067,2
604,CCCCCCCC(CCCCCCC)CCCCCCC,25,827.115308,2
605,CCCCCCCCCCCCCCCC(CCC)CCC,25,887.093897,2
606,CCCCCCCCCCCCCCC(C)CC(C)CC(C)C,25,770.821468,2
607,CCCCCCCCC(CCCCCC)CCCCCCCC,25,779.969702,2
608,CCCCCCCCC(CCCCCCC)CCCCCCCC,25,788.350029,2
609,CCCCCCCCCCCCCCCC(CCCC)CCCC,25,760.449151,2
610,CCCCCCCCCCCC(CCCCCC)CCCCCC,25,787.108223,2
611,CCCCCCCCCCCCCCCCC(CCC)CCCC,25,783.066984,2
612,CCCCCCC(CCC(C)C)C(CCCCCC)CCC(C)C,25,886.574893,2
613,CCCCCCCCCCCCCCCC(C)CC(C)CC(C)C,25,785.064289,2
614,CCCCCCC(CCCC)CC(C)(CCCC)CCCCCC,25,896.988236,2
615,CCCCCCCCCCC(CCCCC)CCCCCCCCC,25,780.127185,2
616,CCCCCCCCC(CCCCCCCC)CCCCCCCC,25,790.372754,2
617,CCCCCCCCCCCCCCCC(CCCC)CCCCCC,25,786.260845,2
618,CCCCCCCCCCCCCC(CCCCCC)CCCCCC,25,809.107344,2
619,CCCCCCCCCCC(CCCCCC)CCCCCCCCC,25,781.018596,2
620,CCCCCCCCCCC(CCCCC)CCCCCCCCCC,25,851.005607,2
621,CCCCCCCCC(C)CCC(C)CCC(C)CCCCCCCC,25,941.957704,2
622,CCCCCCCCCCCCCC(CCCC)CCCCCCCC,25,874.67038,2
623,CCCCCCCCCCCCCCCCCC(CCCC)CCCC,25,889.729899,2
624,CCCCCCCCCCCC(CCCC)CCCCCCCCCC,25,889.245302,2
625,CCCCCCCCCCCCCC(CC(CC)CC)CC(CC)CC,25,897.740326,2
626,CCC(CC)(CC)CCC(CC)(CC)CC,25,824.734393,2
627,CC(C)(C)C(C)(C)CCC(C)(C)C(C)(C)C,25,916.446026,2
628,CCC(C)(C)CCCCCCC(C)(C)CC,25,907.043438,2
629,CCCCCCC(CCC)CCCCCC,25,805.228549,2
630,CCCCC(CCCC)(CCCC)C(C)C,25,861.933978,2
631,CCCCCCC(CCCC)CCCCCC,25,778.599875,2
632,CCCCCCC(CCCCC)CCCCC,25,818.030312,2
633,CC(C)CCC(C)(C)CC(C)(C)CCC(C)C,25,778.183081,2
634,CCCCCCCCCCC(CCC)CCC,25,753.586754,2
635,CC(C)(C)C(C(C(C)(C)C)C(C)(C)C)C(C)(C)C,25,753.93475,2
636,CC(CCCCC(C)CC(C)(C)C)CC(C)(C)C,25,801.828372,2
637,CCC(C)(C)CCCC(C)CCCC(C)(C)CC,25,757.044252,2
638,CCCCCCCC(CCC)CCCCCCC,25,751.166335,2
639,CCCCC(C)CCCC(C)CCCC(C)CCC,25,759.909461,2
640,CC(C)CCCC(C)CCCC(C)CCCC(C)C,25,789.476709,2
641,CCCCCCCCCCC(CCCC)CCCC,25,825.292126,2
642,CCCCCCCCCCCC(CCCC)CCCC,25,870.918894,2
643,CCCCCC(CC)CC(CC)CC(CC)CCCC,25,804.51845,2
644,CCCCCCCCCCCCCCCC(CC)CC,25,830.565744,2
645,CC(C)(C)CCCCCCCCCCCCC(C)(C)C,25,917.754947,2
646,CC(C)CCCC(C)CCCCC(C)CCCC(C)C,25,890.024853,2
647,CCCCCCC(C)C(C)C(C)C(C)CCCCCC,25,882.884939,2
648,CCCCCCCCCCCCCC(CCC)CCC,25,864.140179,2
649,CCC(C)CCCC(C)CCCC(C)CCCC(C)C,25,780.090219,2
650,CCCCCCCCCCCCCCCCCCCCCC(CC)CC,25,736.195639,2
651,CCCCCCCCCCC(CCCCCCCC)CCCCCCCC,25,909.138418,2
652,CCCCCCCCCCC(CCCCCCC)CCCCCCCCC,25,868.87812,2
653,CCCCCCCCCCCC(CCCCCCCC)CCCCCCCC,25,865.065503,2
654,CC(CCC(CCC(C)CC(C)(C)C)CCC(C)CC(C)(C)C)CC(C)(C)C,25,901.679409,2
655,CCCCCCCCCCCCCCCC(CCCCCC)CCCCCC,25,876.668097,2
656,CCCCCCCCCCC(CCCCCCCC)CCCCCCCCC,25,875.066935,2
657,CCCCCCCCCCC(CCCCCCCCC)CCCCCCCCC,25,877.161313,2
658,CC(C)CCCC(C)CCCC(C)CCCCC(C)CCCC(C)CCCC(C)C,25,669.224822,2
659,CCCCCCCCCCC(CCCCCCCCC)CCCCCCCCCC,25,886.432713,2
660,CCCCCCCCCCCCCC(CCCCCCCC)CCCCCCCC,25,929.619754,2
661,CCCCCCCCCCC(CCCCCCCCCC)CCCCCCCCCC,25,973.972748,2
662,CCCCCCCCCCCC(CCCCCCCCCC)CCCCCCCCCC,25,906.604079,2
663,CCCCCCCCCCCCCCCC(CCCCCCCC)CCCCCCCC,25,864.118765,2
664,CCCCCCCCCCCCCCCCCC(CCCCCCCC)CCCCCCCC,25,1022.34523,2
665,CCCCCCCCCCCCCC(CCCCCCCCCC)CCCCCCCCCC,25,962.603741,2
666,CCCCCCCCCCCCC(CCCCCCCCCCC)CCCCCCCCCCCC,25,907.463184,2
667,CC(CCC(CCCCC(CCC(C)CC(C)(C)C)CCC(C)CC(C)(C)C)CCC(C)CC(C)(C)C)CC(C)(C)C,25,1038.77485,2
