smiles,Eat
*CC(C)CC(C)CC(*)C,-5.14
*CC(F)CC(F)CC(*)F,-5.18
*CC(F)(F)CC(F)(F)CC(*)(F)F,-5.21
*C(F)C(F)(F)C(F)C(F)(F)C(F)C(*)(F)F,-5.11
*CCC(F)(F)C(F)(F)CCC(F)(F)C(F)(F)CCC(F)(F)C(*)(F)F,-5.21
*COCOCO*,-5.32
*CCOCCOCCO*,-5.21
*CC(OCC(OCC(O*)C(F)(F)F)C(F)(F)F)C(F)(F)F,-5.24
*CCCOCCCOCCCO*,-5.2
*Oc1ccc(Cc2ccc(Oc3ccc(Cc4ccc(Oc5ccc(Cc6ccc(*)cc6)cc5)cc4)cc3)cc2)cc1,-6.18
*CCCCCOCOCCCCCOCOCCCCCOCO*,-5.2
*CCOC(=O)NCCOCCOCCNC(=O)OCCOC(=O)NCCOCCOCCNC(=O)OCCOC(=O)NCCOCCOCCNC(=O)O*,-5.52
*c1ccc(-c2nc3cc4nc(-c5ccc(-c6nc7cc8nc(-c9ccc(-c%10nc%11cc%12nc(*)oc%12cc%11o%10)cc9)oc8cc7o6)cc5)oc4cc3o2)cc1,-6.82
*CCCCCSCCCCCSCCCCCS*,-5.03
*CCOC(=O)CCCCC(=O)OCCOC(=O)CCCCC(=O)OCCOC(=O)CCCCC(=O)O*,-5.59
*CCOC(=O)CCCCCCC(=O)OCCOC(=O)CCCCCCC(=O)OCCOC(=O)CCCCCCC(=O)O*,-5.5
*CCOC(=O)c1ccc(C(=O)OCCOC(=O)c2ccc(C(=O)OCCOC(=O)c3ccc(C(=O)O*)cc3)cc2)cc1,-6.18
*CCCCOC(=O)c1ccc(C(=O)OCCCCOC(=O)c2ccc(C(=O)OCCCCOC(=O)c3ccc(C(=O)O*)cc3)cc2)cc1,-5.97
*CC(=O)OCC(=O)OCC(=O)O*,-6.0
*CCCCCC(=O)OCCCCCC(=O)OCCCCCC(=O)O*,-5.44
*CCC(=O)OCCC(=O)OCCC(=O)O*,-5.73
*Oc1ccc(CC(=O)Oc2ccc(CC(=O)Oc3ccc(CC(*)=O)cc3)cc2)cc1,-6.21
*Cc1ccc(C(=O)OCc2ccc(C(=O)OCc3ccc(C(=O)O*)cc3)cc2)cc1,-6.22
*CCC(=O)NCCC(=O)NCCC(=O)N*,-5.69
*CCCCCCC(=O)NCCCCCCC(=O)NCCCCCCC(=O)N*,-5.39
*CC(=O)NCC(=O)NCC(=O)N*,-5.91
*Nc1cccc(C(=O)Nc2cccc(C(=O)Nc3cccc(C(*)=O)c3)c2)c1,-6.41
*Cc1ccc(C(=O)NCc2ccc(C(=O)NCc3ccc(C(=O)N*)cc3)cc2)cc1,-6.17
*CCCCCOC(=O)Nc1ccc(C)c(NC(=O)OCCCCCOC(=O)Nc2ccc(C)c(NC(=O)OCCCCCOC(=O)Nc3ccc(C)c(NC(=O)O*)c3)c2)c1,-5.79
*CCCCCCN1C(=O)c2ccc(C(=O)c3ccc4c(c3)C(=O)N(CCCCCCN3C(=O)c5ccc(C(=O)c6ccc7c(c6)C(=O)N(CCCCCCN6C(=O)c8ccc(C(=O)c9ccc%10c(c9)C(=O)N(*)C%10=O)cc8C6=O)C7=O)cc5C3=O)C4=O)cc2C1=O,-6.25
*OC(=O)c1ccc(C(=O)OC(=O)c2ccc(C(=O)OC(=O)c3ccc(C(*)=O)cc3)cc2)cc1,-6.57
*CCCCCOC(=O)OCCCCCOC(=O)OCCCCCOC(=O)O*,-5.46
*Oc1ccc(OC(=O)Oc2ccc(OC(=O)Oc3ccc(OC(*)=O)cc3)cc2)cc1,-6.41
*CCCNCCCNCCCN*,-5.18
*Oc1ccc(C(=O)c2ccc(Oc3ccc(C(=O)c4ccc(Oc5ccc(C(=O)c6ccc(*)cc6)cc5)cc4)cc3)cc2)cc1,-6.4
*c1ccc(-c2ccc(-c3ccc(*)cc3)cc2)cc1,-6.39
*CCc1ccc(-c2ccc(CCc3ccc(-c4ccc(CCc5ccc(-c6ccc(*)cc6)cc5)cc4)cc3)cc2)cc1,-6.09
*OC1C(CO)OC(OC2C(CO)OC(OC3C(CO)OC(*)C(O)C3O)C(O)C2O)C(O)C1O,-5.48
*Cc1ccc(COCc2ccc(COCc3ccc(CO*)cc3)cc2)cc1,-5.89
*CCOCCOC(=O)OCCOCCOC(=O)OCCOCCOC(=O)O*,-5.52
*CCC(OCCC(OCCC(O*)(C(F)(F)F)C(F)(F)F)(C(F)(F)F)C(F)(F)F)(C(F)(F)F)C(F)(F)F,-5.18
*c1ccc(-c2ccc(-c3ccc(*)s3)s2)s1,-6.18
*Oc1ccc(-c2ccc(C(=O)Oc3ccc(-c4ccc(C(=O)Oc5ccc(-c6ccc(C(*)=O)cc6)cc5)cc4)cc3)cc2)cc1,-6.44
*Nc1ccc(Nc2ccc(Nc3ccc(*)cc3)cc2)cc1,-6.21
*c1cccc(-c2cccc(-c3cccc(*)n3)n2)n1,-6.6
*CC(CC(CC(CC(CC(CC(CC(CC(CC(CC(CC(CC(*)c1ccccc1)c1ccccc1)c1ccccc1)c1ccccc1)c1ccccc1)c1ccccc1)c1ccccc1)c1ccccc1)c1ccccc1)c1ccccc1)c1ccccc1)c1ccccc1,-5.9
*c1ccc(-c2ccc(-c3ccc(-c4ccc(-c5ccc(-c6ccc(*)s6)s5)s4)s3)s2)s1,-6.18
*c1ccc2oc(-c3ccc4nc(-c5ccc6oc(-c7ccc8nc(-c9ccc%10oc(-c%11ccc%12nc(*)oc%12c%11)nc%10c9)oc8c7)nc6c5)oc4c3)nc2c1,-6.81
*Cc1ccc(CCc2ccc(CCc3ccc(C*)cc3)cc2)cc1,-5.84
*CCCOC(=O)CCCCCCCCOC(=O)CCCOC(=O)CCCCCCCCOC(=O)CCCOC(=O)CCCCCCCCOC(=O)CCCOC(=O)CCCCCCCCOC(=O)CCCOC(=O)CCCCCCCCOC(=O)CCCOC(=O)CCCCCCCCOC(*)=O,-5.41
*CC(CC(CC(CC(CC(CC(CC(CC(CC(*)c1ccccn1)c1ccccn1)c1ccccn1)c1ccccn1)c1ccccn1)c1ccccn1)c1ccccn1)c1ccccn1)c1ccccn1,-5.99
*C(=S)c1ccc(-c2ccc(-c3ccc(C(=S)c4ccc(-c5ccc(-c6ccc(C(=S)c7ccc(-c8ccc(-c9ccc(*)s9)s8)s7)s6)s5)s4)s3)s2)s1,-6.13
*Oc1ccc(-c2ccc(-c3ccc(Oc4ccc(-c5ccc(-c6ccc(Oc7ccc(-c8ccc(-c9ccc(*)s9)s8)s7)s6)s5)s4)s3)s2)s1,-6.12
*C(=S)Oc1ccc(-c2ccc(C(=S)Oc3ccc(-c4ccc(C(=S)Oc5ccc(-c6ccc(*)s6)s5)s4)s3)s2)s1,-6.07
*Oc1ccc(C(=S)c2ccc(Oc3ccc(C(=S)c4ccc(Oc5ccc(C(=S)c6ccc(*)s6)s5)s4)s3)s2)s1,-6.04
*C(=S)OC(=S)c1ccc(C(=S)OC(=S)c2ccc(C(=S)OC(=S)c3ccc(*)s3)s2)s1,-5.95
*Oc1ccc(Oc2ccc(Oc3ccc(Oc4ccc(Oc5ccc(Oc6ccc(*)s6)s5)s4)s3)s2)s1,-6.02
*OC(=S)Oc1ccc(OC(=S)Oc2ccc(OC(=S)Oc3ccc(*)s3)s2)s1,-5.94
*c1ccc(-c2ccc(-c3ccc(-c4ccc(-c5ccc(-c6ccc(-c7ccc(-c8ccc(-c9ccc(-c%10ccc(-c%11ccc(-c%12ccc(*)s%12)s%11)s%10)cc9)s8)s7)s6)cc5)s4)s3)s2)cc1,-6.24
*Oc1ccc(-c2ccc(-c3ccc(Oc4ccc(-c5ccc(-c6ccc(Oc7ccc(-c8ccc(-c9ccc(*)cc9)s8)s7)cc6)s5)s4)cc3)s2)s1,-6.21
*c1ccc(-c2ccc(-c3ccc(-c4ccc(-c5ccc(-c6ccc(-c7ccc(-c8ccc(-c9ccc(-c%10ccc(-c%11ccc(-c%12ccc(*)s%12)cc%11)s%10)cc9)s8)cc7)s6)cc5)s4)cc3)s2)cc1,-6.28
*C(=S)c1ccc(-c2ccc(-c3ccc(C(=S)c4ccc(-c5ccc(-c6ccc(C(=S)c7ccc(-c8ccc(-c9ccc(*)cc9)s8)cc7)cc6)s5)cc4)cc3)s2)cc1,-6.27
*Oc1ccc(-c2ccc(-c3ccc(Oc4ccc(-c5ccc(-c6ccc(Oc7ccc(-c8ccc(-c9ccc(*)cc9)s8)cc7)cc6)s5)cc4)cc3)s2)cc1,-6.29
*c1ccc(-c2ccc(C(=S)c3ccc(-c4ccc(-c5ccc(C(=S)c6ccc(-c7ccc(-c8ccc(C(=S)c9ccc(*)s9)s8)cc7)s6)s5)cc4)s3)s2)cc1,-6.22
*c1ccc(-c2ccc(Oc3ccc(-c4ccc(-c5ccc(Oc6ccc(-c7ccc(-c8ccc(Oc9ccc(*)s9)s8)cc7)s6)s5)cc4)s3)s2)cc1,-6.21
*C(=S)Oc1ccc(-c2ccc(C(=S)Oc3ccc(-c4ccc(C(=S)Oc5ccc(-c6ccc(*)cc6)s5)cc4)s3)cc2)s1,-6.17
*Oc1ccc(-c2ccc(-c3ccc(Oc4ccc(-c5ccc(-c6ccc(Oc7ccc(-c8ccc(-c9ccc(*)cc9)cc8)s7)cc6)cc5)s4)cc3)cc2)s1,-6.29
*c1ccc(-c2ccc(-c3ccc(-c4ccc(-c5ccc(-c6ccc(-c7ccc(-c8ccc(-c9ccc(-c%10ccc(-c%11ccc(-c%12ccc(*)s%12)cc%11)cc%10)cc9)s8)cc7)cc6)cc5)s4)cc3)cc2)cc1,-6.34
*C(=S)c1ccc(-c2ccc(-c3ccc(C(=S)c4ccc(-c5ccc(-c6ccc(C(=S)c7ccc(-c8ccc(-c9ccc(*)cc9)cc8)cc7)cc6)cc5)cc4)cc3)cc2)cc1,-6.31
*Oc1ccc(-c2ccc(-c3ccc(Oc4ccc(-c5ccc(-c6ccc(Oc7ccc(-c8ccc(-c9ccc(*)cc9)cc8)cc7)cc6)cc5)cc4)cc3)cc2)cc1,-6.34
*OC(=S)c1ccc(-c2ccc(OC(=S)c3ccc(-c4ccc(OC(=S)c5ccc(-c6ccc(*)cc6)cc5)cc4)cc3)cc2)cc1,-6.29
*C(=S)c1ccc(C(=S)c2ccc(C(=S)c3ccc(C(=S)c4ccc(C(=S)c5ccc(C(=S)c6ccc(*)cc6)s5)cc4)s3)cc2)s1,-6.16
*Oc1ccc(C(=S)c2ccc(Oc3ccc(C(=S)c4ccc(Oc5ccc(C(=S)c6ccc(*)cc6)s5)cc4)s3)cc2)s1,-6.18
*C(=S)c1ccc(C(=S)c2ccc(C(=S)c3ccc(C(=S)c4ccc(C(=S)c5ccc(C(=S)c6ccc(*)cc6)cc5)cc4)cc3)cc2)cc1,-6.17
*Oc1ccc(C(=S)c2ccc(Oc3ccc(C(=S)c4ccc(Oc5ccc(C(=S)c6ccc(*)cc6)cc5)cc4)cc3)cc2)cc1,-6.28
*C(=S)OC(=S)c1ccc(C(=S)OC(=S)c2ccc(C(=S)OC(=S)c3ccc(*)cc3)cc2)cc1,-6.13
*Oc1ccc(Oc2ccc(Oc3ccc(Oc4ccc(Oc5ccc(Oc6ccc(*)cc6)s5)cc4)s3)cc2)s1,-6.18
*c1ccc(OC(=S)c2ccc(-c3ccc(OC(=S)c4ccc(-c5ccc(OC(=S)c6ccc(*)s6)cc5)s4)cc3)s2)cc1,-6.21
*OC(=S)Oc1ccc(OC(=S)Oc2ccc(OC(=S)Oc3ccc(*)cc3)cc2)cc1,-6.18
*Cc1ccc(-c2ccc(-c3ccc(Cc4ccc(-c5ccc(-c6ccc(Cc7ccc(-c8ccc(-c9ccc(*)s9)s8)s7)s6)s5)s4)s3)s2)s1,-6.03
*Cc1ccc(-c2ccc(C(=S)Cc3ccc(-c4ccc(C(=S)Cc5ccc(-c6ccc(C(*)=S)s6)s5)s4)s3)s2)s1,-5.95
*Cc1ccc(-c2ccc(OCc3ccc(-c4ccc(OCc5ccc(-c6ccc(O*)s6)s5)s4)s3)s2)s1,-5.95
*Cc1ccc(-c2ccc(-c3ccc(Cc4ccc(-c5ccc(-c6ccc(Cc7ccc(-c8ccc(-c9ccc(*)s9)cc8)s7)s6)cc5)s4)s3)cc2)s1,-6.12
*Cc1ccc(-c2ccc(C(=S)Cc3ccc(-c4ccc(C(=S)Cc5ccc(-c6ccc(C(*)=S)cc6)s5)cc4)s3)cc2)s1,-6.05
*Cc1ccc(-c2ccc(OCc3ccc(-c4ccc(OCc5ccc(-c6ccc(O*)cc6)s5)cc4)s3)cc2)s1,-6.09
*Cc1ccc(Cc2ccc(Cc3ccc(Cc4ccc(Cc5ccc(Cc6ccc(*)s6)s5)s4)s3)s2)s1,-5.81
*Cc1ccc(CC(=S)Cc2ccc(CC(=S)Cc3ccc(CC(*)=S)s3)s2)s1,-5.65
*Cc1ccc(C(=O)c2ccc(Cc3ccc(C(=O)c4ccc(Cc5ccc(C(=O)c6ccc(*)s6)s5)s4)s3)s2)s1,-6.08
*Cc1ccc(C(=O)C(=S)Cc2ccc(C(=O)C(=S)Cc3ccc(C(=O)C(*)=S)s3)s2)s1,-5.99
*Cc1ccc(C(=O)OCc2ccc(C(=O)OCc3ccc(C(=O)O*)s3)s2)s1,-6.07
*Cc1ccc(C(=S)c2ccc(Cc3ccc(C(=S)c4ccc(Cc5ccc(C(=S)c6ccc(*)s6)s5)s4)s3)s2)s1,-5.94
*Cc1ccc(C(=S)OCc2ccc(C(=S)OCc3ccc(C(=S)O*)s3)s2)s1,-5.82
*Cc1ccc(Nc2ccc(Cc3ccc(Nc4ccc(Cc5ccc(Nc6ccc(*)s6)s5)s4)s3)s2)s1,-5.9
*Cc1ccc(NC(=S)Cc2ccc(NC(=S)Cc3ccc(NC(*)=S)s3)s2)s1,-5.77
*Cc1ccc(NOCc2ccc(NOCc3ccc(NO*)s3)s2)s1,-5.66
*Cc1ccc(Oc2ccc(Cc3ccc(Oc4ccc(Cc5ccc(Oc6ccc(*)s6)s5)s4)s3)s2)s1,-5.92
*Cc1ccc(OC(=S)Cc2ccc(OC(=S)Cc3ccc(OC(*)=S)s3)s2)s1,-5.78
*Cc1ccc(-c2ccc(-c3ccc(Cc4ccc(-c5ccc(-c6ccc(Cc7ccc(-c8ccc(-c9ccc(*)s9)s8)cc7)s6)s5)cc4)s3)s2)cc1,-6.12
*Cc1ccc(-c2ccc(-c3ccc(Cc4ccc(-c5ccc(-c6ccc(Cc7ccc(-c8ccc(-c9ccc(*)cc9)s8)cc7)cc6)s5)cc4)cc3)s2)cc1,-6.2
*Cc1ccc(-c2ccc(C(=S)Cc3ccc(-c4ccc(C(=S)Cc5ccc(-c6ccc(C(*)=S)s6)cc5)s4)cc3)s2)cc1,-6.08
*Cc1ccc(-c2ccc(-c3ccc(Cc4ccc(-c5ccc(-c6ccc(Cc7ccc(-c8ccc(-c9ccc(*)s9)cc8)cc7)s6)cc5)cc4)s3)cc2)cc1,-6.19
*Cc1ccc(-c2ccc(-c3ccc(Cc4ccc(-c5ccc(-c6ccc(Cc7ccc(-c8ccc(-c9ccc(*)cc9)cc8)cc7)cc6)cc5)cc4)cc3)cc2)cc1,-6.26
*Cc1ccc(-c2ccc(C(=S)Cc3ccc(-c4ccc(C(=S)Cc5ccc(-c6ccc(C(*)=S)cc6)cc5)cc4)cc3)cc2)cc1,-6.17
*Cc1ccc(-c2ccc(OCc3ccc(-c4ccc(OCc5ccc(-c6ccc(O*)cc6)cc5)cc4)cc3)cc2)cc1,-6.2
*Cc1ccc(Cc2ccc(Cc3ccc(Cc4ccc(Cc5ccc(Cc6ccc(*)s6)cc5)s4)cc3)s2)cc1,-5.99
*Cc1ccc(Cc2ccc(Cc3ccc(Cc4ccc(Cc5ccc(Cc6ccc(*)cc6)cc5)cc4)cc3)cc2)cc1,-6.09
*Cc1ccc(CC(=S)Cc2ccc(CC(=S)Cc3ccc(CC(*)=S)cc3)cc2)cc1,-5.85
*Cc1ccc(C(=O)c2ccc(Cc3ccc(C(=O)c4ccc(Cc5ccc(C(=O)c6ccc(*)s6)cc5)s4)cc3)s2)cc1,-6.2
*Cc1ccc(C(=O)c2ccc(Cc3ccc(C(=O)c4ccc(Cc5ccc(C(=O)c6ccc(*)cc6)cc5)cc4)cc3)cc2)cc1,-6.29
*Cc1ccc(C(=O)C(=S)Cc2ccc(C(=O)C(=S)Cc3ccc(C(=O)C(*)=S)cc3)cc2)cc1,-6.14
*Cc1ccc(C(=S)c2ccc(Cc3ccc(C(=S)c4ccc(Cc5ccc(C(=S)c6ccc(*)s6)cc5)s4)cc3)s2)cc1,-6.07
*Cc1ccc(C(=S)c2ccc(Cc3ccc(C(=S)c4ccc(Cc5ccc(C(=S)c6ccc(*)cc6)cc5)cc4)cc3)cc2)cc1,-6.17
*Cc1ccc(C(=S)OCc2ccc(C(=S)OCc3ccc(C(=S)O*)cc3)cc2)cc1,-6.0
*Cc1ccc(Nc2ccc(Cc3ccc(Nc4ccc(Cc5ccc(Nc6ccc(*)s6)cc5)s4)cc3)s2)cc1,-6.04
*Cc1ccc(Nc2ccc(Cc3ccc(Nc4ccc(Cc5ccc(Nc6ccc(*)cc6)cc5)cc4)cc3)cc2)cc1,-6.15
*Cc1ccc(NC(=S)Cc2ccc(NC(=S)Cc3ccc(NC(*)=S)cc3)cc2)cc1,-5.97
*Cc1ccc(NOCc2ccc(NOCc3ccc(NO*)cc3)cc2)cc1,-5.9
*Cc1ccc(Oc2ccc(Cc3ccc(Oc4ccc(Cc5ccc(Oc6ccc(*)s6)cc5)s4)cc3)s2)cc1,-6.08
*Cc1ccc(OC(=S)Cc2ccc(OC(=S)Cc3ccc(OC(*)=S)cc3)cc2)cc1,-6.0
*CCc1ccc(-c2ccc(CCc3ccc(-c4ccc(CCc5ccc(-c6ccc(*)s6)s5)s4)s3)s2)s1,-5.86
*CCc1ccc(C(=S)CCc2ccc(C(=S)CCc3ccc(C(*)=S)s3)s2)s1,-5.69
*CCc1ccc(OCCc2ccc(OCCc3ccc(O*)s3)s2)s1,-5.67
*CCc1ccc(-c2ccc(CCc3ccc(-c4ccc(CCc5ccc(-c6ccc(*)s6)cc5)s4)cc3)s2)cc1,-5.98
*CCc1ccc(C(=S)CCc2ccc(C(=S)CCc3ccc(C(*)=S)cc3)cc2)cc1,-5.87
*CCc1ccc(OCCc2ccc(OCCc3ccc(O*)cc3)cc2)cc1,-5.89
*CCCc1ccc(CCCc2ccc(CCCc3ccc(*)s3)s2)s1,-5.57
*CCCc1ccc(CCCc2ccc(CCCc3ccc(*)cc3)cc2)cc1,-5.78
*CCCC(=O)CCCC(=O)CCCC(*)=O,-5.52
*CCCC(=S)CCCC(=S)CCCC(*)=S,-5.22
*CCC(=O)c1ccc(CCC(=O)c2ccc(CCC(=O)c3ccc(*)s3)s2)s1,-5.9
*CCC(=O)c1ccc(CCC(=O)c2ccc(CCC(=O)c3ccc(*)cc3)cc2)cc1,-6.05
*CCC(=O)C(=S)CCC(=O)C(=S)CCC(=O)C(*)=S,-5.61
*CCC(=S)OCCC(=S)OCCC(=S)O*,-5.34
*CCNc1ccc(CCNc2ccc(CCNc3ccc(*)s3)s2)s1,-5.63
*CCNc1ccc(CCNc2ccc(CCNc3ccc(*)cc3)cc2)cc1,-5.85
*CCNC(=S)CCNC(=S)CCNC(*)=S,-5.36
*CCONCCONCCON*,-5.12
*CC(=O)c1ccc(-c2ccc(CC(=O)c3ccc(-c4ccc(CC(=O)c5ccc(-c6ccc(*)s6)s5)s4)s3)s2)s1,-6.12
*CC(=O)c1ccc(-c2ccc(CC(=O)c3ccc(-c4ccc(CC(=O)c5ccc(-c6ccc(*)cc6)s5)cc4)s3)cc2)s1,-6.21
*CC(=O)c1ccc(C(=O)CC(=O)c2ccc(C(=O)CC(=O)c3ccc(C(*)=O)s3)s2)s1,-6.21
*CC(=O)c1ccc(C(=S)CC(=O)c2ccc(C(=S)CC(=O)c3ccc(C(*)=S)s3)s2)s1,-6.0
*CC(=O)c1ccc(OCC(=O)c2ccc(OCC(=O)c3ccc(O*)s3)s2)s1,-6.03
*CC(=O)c1ccc(-c2ccc(CC(=O)c3ccc(-c4ccc(CC(=O)c5ccc(-c6ccc(*)s6)cc5)s4)cc3)s2)cc1,-6.2
*CC(=O)c1ccc(-c2ccc(CC(=O)c3ccc(-c4ccc(CC(=O)c5ccc(-c6ccc(*)cc6)cc5)cc4)cc3)cc2)cc1,-6.29
*CC(=O)c1ccc(C(=O)CC(=O)c2ccc(C(=O)CC(=O)c3ccc(C(*)=O)cc3)cc2)cc1,-6.34
*CC(=O)c1ccc(C(=S)CC(=O)c2ccc(C(=S)CC(=O)c3ccc(C(*)=S)cc3)cc2)cc1,-6.15
*CC(=O)c1ccc(OCC(=O)c2ccc(OCC(=O)c3ccc(O*)cc3)cc2)cc1,-6.19
*CC(=O)Cc1ccc(CC(=O)Cc2ccc(CC(=O)Cc3ccc(*)s3)s2)s1,-5.87
*CC(=O)Cc1ccc(CC(=O)Cc2ccc(CC(=O)Cc3ccc(*)cc3)cc2)cc1,-6.05
*CC(=O)CC(=O)CC(=O)CC(=O)CC(=O)CC(*)=O,-5.95
*CC(=O)CC(=S)CC(=O)CC(=S)CC(=O)CC(*)=S,-5.62
*CC(=O)COCC(=O)COCC(=O)CO*,-5.62
*CC(=O)C(=S)c1ccc(CC(=O)C(=S)c2ccc(CC(=O)C(=S)c3ccc(*)s3)s2)s1,-6.0
*CC(=O)C(=S)c1ccc(CC(=O)C(=S)c2ccc(CC(=O)C(=S)c3ccc(*)cc3)cc2)cc1,-6.15
*CC(=O)C(=S)C(=O)CC(=O)C(=S)C(=O)CC(=O)C(=S)C(*)=O,-6.06
*CC(=O)C(=S)OCC(=O)C(=S)OCC(=O)C(=S)O*,-5.8
*CC(=O)Nc1ccc(CC(=O)Nc2ccc(CC(=O)Nc3ccc(*)s3)s2)s1,-6.01
*CC(=O)Nc1ccc(CC(=O)Nc2ccc(CC(=O)Nc3ccc(*)cc3)cc2)cc1,-6.16
*CC(=O)NC(=O)CC(=O)NC(=O)CC(=O)NC(*)=O,-6.2
*CC(=O)NC(=S)CC(=O)NC(=S)CC(=O)NC(*)=S,-5.8
*CC(=O)Oc1ccc(CC(=O)Oc2ccc(CC(=O)Oc3ccc(*)s3)s2)s1,-6.05
*CC(=O)OC(=O)CC(=O)OC(=O)CC(=O)OC(*)=O,-6.3
*CC(=O)OC(=S)CC(=O)OC(=S)CC(=O)OC(*)=S,-5.87
*CC(=S)c1ccc(C(=S)CC(=S)c2ccc(C(=S)CC(=S)c3ccc(C(*)=S)s3)s2)s1,-5.78
*CC(=S)c1ccc(OCC(=S)c2ccc(OCC(=S)c3ccc(O*)s3)s2)s1,-5.8
*CC(=S)c1ccc(C(=S)CC(=S)c2ccc(C(=S)CC(=S)c3ccc(C(*)=S)cc3)cc2)cc1,-5.91
*CC(=S)c1ccc(NCC(=S)c2ccc(NCC(=S)c3ccc(N*)cc3)cc2)cc1,-5.95
*CC(=S)c1ccc(OCC(=S)c2ccc(OCC(=S)c3ccc(O*)cc3)cc2)cc1,-5.99
*CC(=S)CC(=S)CC(=S)CC(=S)CC(=S)CC(*)=S,-5.3
*CC(=S)COCC(=S)COCC(=S)CO*,-5.27
*CC(=S)C(=O)C(=S)CC(=S)C(=O)C(=S)CC(=S)C(=O)C(*)=S,-5.79
*CC(=S)C(=O)OCC(=S)C(=O)OCC(=S)C(=O)O*,-5.84
*CC(=S)NC(=S)CC(=S)NC(=S)CC(=S)NC(*)=S,-5.43
*CC(=S)NOCC(=S)NOCC(=S)NO*,-5.27
*CC(=S)OC(=S)CC(=S)OC(=S)CC(=S)OC(*)=S,-5.45
*CNc1ccc(-c2ccc(CNc3ccc(-c4ccc(CNc5ccc(-c6ccc(*)cc6)s5)cc4)s3)cc2)s1,-6.04
*CNc1ccc(C(=O)CNc2ccc(C(=O)CNc3ccc(C(*)=O)s3)s2)s1,-6.0
*CNc1ccc(C(=S)CNc2ccc(C(=S)CNc3ccc(C(*)=S)s3)s2)s1,-5.78
*CNc1ccc(NCNc2ccc(NCNc3ccc(N*)s3)s2)s1,-5.7
*CNc1ccc(OCNc2ccc(OCNc3ccc(O*)s3)s2)s1,-5.74
*CNc1ccc(-c2ccc(CNc3ccc(-c4ccc(CNc5ccc(-c6ccc(*)s6)cc5)s4)cc3)s2)cc1,-6.05
*CNc1ccc(C(=O)CNc2ccc(C(=O)CNc3ccc(C(*)=O)cc3)cc2)cc1,-6.14
*CNc1ccc(NCNc2ccc(NCNc3ccc(N*)cc3)cc2)cc1,-5.93
*CNc1ccc(OCNc2ccc(OCNc3ccc(O*)cc3)cc2)cc1,-5.98
*CNCc1ccc(CNCc2ccc(CNCc3ccc(*)s3)s2)s1,-5.61
*CNCc1ccc(CNCc2ccc(CNCc3ccc(*)cc3)cc2)cc1,-5.84
*CNCC(=O)CNCC(=O)CNCC(*)=O,-5.59
*CNCC(=S)CNCC(=S)CNCC(*)=S,-5.26
*CNCNCNCNCNCN*,-5.22
*CNCOCNCOCNCO*,-5.27
*CNC(=O)c1ccc(CNC(=O)c2ccc(CNC(=O)c3ccc(*)s3)s2)s1,-6.02
*CNC(=O)C(=S)CNC(=O)C(=S)CNC(=O)C(*)=S,-5.8
*CNC(=S)c1ccc(CNC(=S)c2ccc(CNC(=S)c3ccc(*)s3)s2)s1,-5.79
*CNC(=S)c1ccc(CNC(=S)c2ccc(CNC(=S)c3ccc(*)cc3)cc2)cc1,-5.96
*CNC(=S)C(=O)CNC(=S)C(=O)CNC(=S)C(*)=O,-5.79
*CNC(=S)NCNC(=S)NCNC(=S)N*,-5.48
*CNC(=S)OCNC(=S)OCNC(=S)O*,-5.49
*CNOc1ccc(CNOc2ccc(CNOc3ccc(*)s3)s2)s1,-5.66
*CNOc1ccc(CNOc2ccc(CNOc3ccc(*)cc3)cc2)cc1,-5.9
*CNOC(=S)CNOC(=S)CNOC(*)=S,-5.28
*CNONCNONCNON*,-5.01
*COc1ccc(-c2ccc(COc3ccc(-c4ccc(COc5ccc(-c6ccc(*)cc6)s5)cc4)s3)cc2)s1,-6.07
*COc1ccc(OCOc2ccc(OCOc3ccc(O*)s3)s2)s1,-5.78
*COc1ccc(OCOc2ccc(OCOc3ccc(O*)cc3)cc2)cc1,-6.03
*COC(=O)OCOC(=O)OCOC(=O)O*,-5.97
*COC(=S)OCOC(=S)OCOC(=S)O*,-5.47
*CONC(=O)CONC(=O)CONC(*)=O,-5.69
*CONOCONOCONO*,-5.08
*C(=O)c1ccc(-c2ccc(-c3ccc(C(=O)c4ccc(-c5ccc(-c6ccc(C(=O)c7ccc(-c8ccc(-c9ccc(*)s9)s8)s7)s6)s5)s4)s3)s2)s1,-6.27
*C(=O)c1ccc(-c2ccc(C(=S)C(=O)c3ccc(-c4ccc(C(=S)C(=O)c5ccc(-c6ccc(C(*)=S)s6)s5)s4)s3)s2)s1,-6.22
*Oc1ccc(-c2ccc(C(=O)Oc3ccc(-c4ccc(C(=O)Oc5ccc(-c6ccc(C(*)=O)s6)s5)s4)s3)s2)s1,-6.27
*C(=O)c1ccc(-c2ccc(-c3ccc(C(=O)c4ccc(-c5ccc(-c6ccc(C(=O)c7ccc(-c8ccc(-c9ccc(*)s9)cc8)s7)s6)cc5)s4)s3)cc2)s1,-6.34
*C(=O)c1ccc(-c2ccc(C(=S)C(=O)c3ccc(-c4ccc(C(=S)C(=O)c5ccc(-c6ccc(C(*)=S)cc6)s5)cc4)s3)cc2)s1,-6.29
*Oc1ccc(-c2ccc(C(=O)Oc3ccc(-c4ccc(C(=O)Oc5ccc(-c6ccc(C(*)=O)s6)cc5)s4)cc3)s2)cc1,-6.38
*C(=O)c1ccc(C(=O)c2ccc(C(=O)c3ccc(C(=O)c4ccc(C(=O)c5ccc(C(=O)c6ccc(*)s6)s5)s4)s3)s2)s1,-6.37
*C(=O)c1ccc(C(=O)C(=S)C(=O)c2ccc(C(=O)C(=S)C(=O)c3ccc(C(=O)C(*)=S)s3)s2)s1,-6.33
*OC(=O)c1ccc(C(=O)OC(=O)c2ccc(C(=O)OC(=O)c3ccc(C(*)=O)s3)s2)s1,-6.49
*OC(=S)c1ccc(C(=O)OC(=S)c2ccc(C(=O)OC(=S)c3ccc(C(*)=O)s3)s2)s1,-6.21
*C(=O)c1ccc(Oc2ccc(C(=O)c3ccc(Oc4ccc(C(=O)c5ccc(Oc6ccc(*)s6)s5)s4)s3)s2)s1,-6.22
*C(=O)c1ccc(OC(=S)C(=O)c2ccc(OC(=S)C(=O)c3ccc(OC(*)=S)s3)s2)s1,-6.17
*C(=O)c1ccc(-c2ccc(-c3ccc(C(=O)c4ccc(-c5ccc(-c6ccc(C(=O)c7ccc(-c8ccc(-c9ccc(*)cc9)s8)cc7)cc6)s5)cc4)cc3)s2)cc1,-6.38
*Oc1ccc(-c2ccc(C(=O)Oc3ccc(-c4ccc(C(=O)Oc5ccc(-c6ccc(C(*)=O)cc6)s5)cc4)s3)cc2)s1,-6.35
*C(=O)c1ccc(-c2ccc(-c3ccc(C(=O)c4ccc(-c5ccc(-c6ccc(C(=O)c7ccc(-c8ccc(-c9ccc(*)cc9)cc8)cc7)cc6)cc5)cc4)cc3)cc2)cc1,-6.42
*C(=O)c1ccc(-c2ccc(C(=S)C(=O)c3ccc(-c4ccc(C(=S)C(=O)c5ccc(-c6ccc(C(*)=S)cc6)cc5)cc4)cc3)cc2)cc1,-6.37
*C(=O)c1ccc(C(=O)c2ccc(C(=O)c3ccc(C(=O)c4ccc(C(=O)c5ccc(C(=O)c6ccc(*)s6)cc5)s4)cc3)s2)cc1,-6.45
*C(=O)c1ccc(C(=O)c2ccc(C(=O)c3ccc(C(=O)c4ccc(C(=O)c5ccc(C(=O)c6ccc(*)cc6)cc5)cc4)cc3)cc2)cc1,-6.51
*C(=O)c1ccc(C(=O)C(=S)C(=O)c2ccc(C(=O)C(=S)C(=O)c3ccc(C(=O)C(*)=S)cc3)cc2)cc1,-6.42
*OC(=S)c1ccc(C(=O)OC(=S)c2ccc(C(=O)OC(=S)c3ccc(C(*)=O)cc3)cc2)cc1,-6.35
*C(=O)c1ccc(Oc2ccc(C(=O)c3ccc(Oc4ccc(C(=O)c5ccc(Oc6ccc(*)s6)cc5)s4)cc3)s2)cc1,-6.33
*C(=O)c1ccc(OC(=S)C(=O)c2ccc(OC(=S)C(=O)c3ccc(OC(*)=S)cc3)cc2)cc1,-6.3
*C(=O)C(=S)OC(=S)C(=O)C(=S)OC(=S)C(=O)C(=S)OC(*)=S,-5.98
*C(=O)Oc1ccc(C(=S)C(=O)Oc2ccc(C(=S)C(=O)Oc3ccc(C(*)=S)s3)s2)s1,-6.21
*Oc1ccc(OC(=O)Oc2ccc(OC(=O)Oc3ccc(OC(*)=O)s3)s2)s1,-6.25
*C(=O)Oc1ccc(C(=S)C(=O)Oc2ccc(C(=S)C(=O)Oc3ccc(C(*)=S)cc3)cc2)cc1,-6.32
*OC(=O)OC(=O)OC(=O)OC(=O)OC(=O)OC(*)=O,-6.78
*OC(=S)OC(=O)OC(=S)OC(=O)OC(=S)OC(*)=O,-6.2
*Nc1ccc(-c2ccc(-c3ccc(Nc4ccc(-c5ccc(-c6ccc(Nc7ccc(-c8ccc(-c9ccc(*)s9)s8)s7)s6)s5)s4)s3)s2)s1,-6.09
*Cc1ccc(-c2ccc(NCc3ccc(-c4ccc(NCc5ccc(-c6ccc(N*)s6)s5)s4)s3)s2)s1,-5.92
*Nc1ccc(-c2ccc(C(=O)Nc3ccc(-c4ccc(C(=O)Nc5ccc(-c6ccc(C(*)=O)s6)s5)s4)s3)s2)s1,-6.22
*Nc1ccc(-c2ccc(C(=S)Nc3ccc(-c4ccc(C(=S)Nc5ccc(-c6ccc(C(*)=S)s6)s5)s4)s3)s2)s1,-6.05
*Nc1ccc(-c2ccc(-c3ccc(Nc4ccc(-c5ccc(-c6ccc(Nc7ccc(-c8ccc(-c9ccc(*)s9)cc8)s7)s6)cc5)s4)s3)cc2)s1,-6.18
*Nc1ccc(-c2ccc(C(=S)Nc3ccc(-c4ccc(C(=S)Nc5ccc(-c6ccc(C(*)=S)cc6)s5)cc4)s3)cc2)s1,-6.15
*Nc1ccc(C(=O)c2ccc(Nc3ccc(C(=O)c4ccc(Nc5ccc(C(=O)c6ccc(*)s6)s5)s4)s3)s2)s1,-6.18
*Nc1ccc(C(=O)C(=S)Nc2ccc(C(=O)C(=S)Nc3ccc(C(=O)C(*)=S)s3)s2)s1,-6.15
*Nc1ccc(C(=S)c2ccc(Nc3ccc(C(=S)c4ccc(Nc5ccc(C(=S)c6ccc(*)s6)s5)s4)s3)s2)s1,-6.0
*Nc1ccc(C(=S)c2ccc(Nc3ccc(C(=S)c4ccc(Nc5ccc(C(=S)c6ccc(*)cc6)s5)cc4)s3)cc2)s1,-6.15
*Nc1ccc(Nc2ccc(Nc3ccc(Nc4ccc(Nc5ccc(Nc6ccc(*)s6)s5)s4)s3)s2)s1,-5.96
*Nc1ccc(NC(=S)Nc2ccc(NC(=S)Nc3ccc(NC(*)=S)s3)s2)s1,-5.89
*Nc1ccc(Oc2ccc(Nc3ccc(Oc4ccc(Nc5ccc(Oc6ccc(*)s6)s5)s4)s3)s2)s1,-5.99
*Nc1ccc(OC(=S)Nc2ccc(OC(=S)Nc3ccc(OC(*)=S)s3)s2)s1,-5.92
*Nc1ccc(-c2ccc(-c3ccc(Nc4ccc(-c5ccc(-c6ccc(Nc7ccc(-c8ccc(-c9ccc(*)s9)s8)cc7)s6)s5)cc4)s3)s2)cc1,-6.18
*Nc1ccc(-c2ccc(-c3ccc(Nc4ccc(-c5ccc(-c6ccc(Nc7ccc(-c8ccc(-c9ccc(*)cc9)s8)cc7)cc6)s5)cc4)cc3)s2)cc1,-6.26
*Nc1ccc(-c2ccc(C(=S)Nc3ccc(-c4ccc(C(=S)Nc5ccc(-c6ccc(C(*)=S)s6)cc5)s4)cc3)s2)cc1,-6.18
*Nc1ccc(-c2ccc(-c3ccc(Nc4ccc(-c5ccc(-c6ccc(Nc7ccc(-c8ccc(-c9ccc(*)s9)cc8)cc7)s6)cc5)cc4)s3)cc2)cc1,-6.26
*Nc1ccc(-c2ccc(-c3ccc(Nc4ccc(-c5ccc(-c6ccc(Nc7ccc(-c8ccc(-c9ccc(*)cc9)cc8)cc7)cc6)cc5)cc4)cc3)cc2)cc1,-6.31
*Cc1ccc(-c2ccc(NCc3ccc(-c4ccc(NCc5ccc(-c6ccc(N*)cc6)cc5)cc4)cc3)cc2)cc1,-6.15
*Nc1ccc(-c2ccc(C(=S)Nc3ccc(-c4ccc(C(=S)Nc5ccc(-c6ccc(C(*)=S)cc6)cc5)cc4)cc3)cc2)cc1,-6.25
*Nc1ccc(-c2ccc(ONc3ccc(-c4ccc(ONc5ccc(-c6ccc(O*)cc6)cc5)cc4)cc3)cc2)cc1,-6.21
*Nc1ccc(C(=O)c2ccc(Nc3ccc(C(=O)c4ccc(Nc5ccc(C(=O)c6ccc(*)s6)cc5)s4)cc3)s2)cc1,-6.29
*Nc1ccc(C(=O)C(=S)Nc2ccc(C(=O)C(=S)Nc3ccc(C(=O)C(*)=S)cc3)cc2)cc1,-6.27
*Nc1ccc(C(=O)ONc2ccc(C(=O)ONc3ccc(C(=O)O*)cc3)cc2)cc1,-6.22
*Nc1ccc(C(=S)c2ccc(Nc3ccc(C(=S)c4ccc(Nc5ccc(C(=S)c6ccc(*)cc6)cc5)cc4)cc3)cc2)cc1,-6.23
*Nc1ccc(Nc2ccc(Nc3ccc(Nc4ccc(Nc5ccc(Nc6ccc(*)s6)cc5)s4)cc3)s2)cc1,-6.11
*Nc1ccc(NONc2ccc(NONc3ccc(NO*)cc3)cc2)cc1,-5.91
*Nc1ccc(Oc2ccc(Nc3ccc(Oc4ccc(Nc5ccc(Oc6ccc(*)s6)cc5)s4)cc3)s2)cc1,-6.14
*Nc1ccc(Oc2ccc(Nc3ccc(Oc4ccc(Nc5ccc(Oc6ccc(*)cc6)cc5)cc4)cc3)cc2)cc1,-6.26
*Nc1ccc(OC(=S)Nc2ccc(OC(=S)Nc3ccc(OC(*)=S)cc3)cc2)cc1,-6.14
*NC(=O)c1ccc(-c2ccc(NC(=O)c3ccc(-c4ccc(NC(=O)c5ccc(-c6ccc(*)cc6)s5)cc4)s3)cc2)s1,-6.33
*NC(=O)c1ccc(C(=O)NC(=O)c2ccc(C(=O)NC(=O)c3ccc(C(*)=O)s3)s2)s1,-6.4
*NC(=O)c1ccc(C(=S)NC(=O)c2ccc(C(=S)NC(=O)c3ccc(C(*)=S)s3)s2)s1,-6.14
*NC(=O)c1ccc(ONC(=O)c2ccc(ONC(=O)c3ccc(O*)s3)s2)s1,-6.08
*NC(=O)c1ccc(-c2ccc(NC(=O)c3ccc(-c4ccc(NC(=O)c5ccc(-c6ccc(*)s6)cc5)s4)cc3)s2)cc1,-6.31
*NC(=O)c1ccc(-c2ccc(NC(=O)c3ccc(-c4ccc(NC(=O)c5ccc(-c6ccc(*)cc6)cc5)cc4)cc3)cc2)cc1,-6.4
*NC(=O)c1ccc(C(=S)NC(=O)c2ccc(C(=S)NC(=O)c3ccc(C(*)=S)cc3)cc2)cc1,-6.28
*NC(=O)c1ccc(ONC(=O)c2ccc(ONC(=O)c3ccc(O*)cc3)cc2)cc1,-6.24
*NC(=O)C(=S)c1ccc(NC(=O)C(=S)c2ccc(NC(=O)C(=S)c3ccc(*)s3)s2)s1,-6.16
*NC(=O)C(=S)c1ccc(NC(=O)C(=S)c2ccc(NC(=O)C(=S)c3ccc(*)cc3)cc2)cc1,-6.26
*NC(=O)C(=S)C(=O)NC(=O)C(=S)C(=O)NC(=O)C(=S)C(*)=O,-6.35
*NC(=O)C(=S)ONC(=O)C(=S)ONC(=O)C(=S)O*,-5.88
*NC(=O)Nc1ccc(NC(=O)Nc2ccc(NC(=O)Nc3ccc(*)s3)s2)s1,-6.15
*NC(=O)Nc1ccc(NC(=O)Nc2ccc(NC(=O)Nc3ccc(*)cc3)cc2)cc1,-6.31
*NC(=O)NC(=O)NC(=O)NC(=O)NC(=O)NC(*)=O,-6.46
*NC(=O)NC(=S)NC(=O)NC(=S)NC(=O)NC(*)=S,-6.02
*NC(=O)NONC(=O)NONC(=O)NO*,-5.7
*NC(=O)Oc1ccc(NC(=O)Oc2ccc(NC(=O)Oc3ccc(*)s3)s2)s1,-6.2
*NC(=O)Oc1ccc(NC(=O)Oc2ccc(NC(=O)Oc3ccc(*)cc3)cc2)cc1,-6.35
*NC(=O)OC(=S)NC(=O)OC(=S)NC(=O)OC(*)=S,-6.1
*NC(=S)c1ccc(C(=S)NC(=S)c2ccc(C(=S)NC(=S)c3ccc(C(*)=S)s3)s2)s1,-5.92
*NC(=S)c1ccc(ONC(=S)c2ccc(ONC(=S)c3ccc(O*)s3)s2)s1,-5.82
*NC(=S)c1ccc(ONC(=S)c2ccc(ONC(=S)c3ccc(O*)cc3)cc2)cc1,-6.02
*NC(=S)C(=O)C(=S)NC(=S)C(=O)C(=S)NC(=S)C(=O)C(*)=S,-5.94
*NC(=S)C(=O)ONC(=S)C(=O)ONC(=S)C(=O)O*,-5.89
*NC(=S)Nc1ccc(NC(=S)Nc2ccc(NC(=S)Nc3ccc(*)cc3)cc2)cc1,-6.09
*NC(=S)NC(=S)NC(=S)NC(=S)NC(=S)NC(*)=S,-5.69
*NC(=S)NONC(=S)NONC(=S)NO*,-5.23
*NC(=S)OC(=S)NC(=S)OC(=S)NC(=S)OC(*)=S,-5.64
*NOc1ccc(ONOc2ccc(ONOc3ccc(O*)cc3)cc2)cc1,-5.98
*NOC(=O)ONOC(=O)ONOC(=O)O*,-5.77
*NOC(=S)ONOC(=S)ONOC(=S)O*,-5.2
*NC(=S)Nc1ccc(NC(=S)Nc2ccc(Oc3ccc(NC(=S)Nc4ccc(NC(=S)Nc5ccc(Oc6ccc(NC(=S)Nc7ccc(NC(=S)Nc8ccc(Oc9ccc(*)cc9)cc8)cc7)cc6)cc5)cc4)cc3)cc2)cc1,-6.15
*NC(=S)Nc1ccc(NC(=S)Nc2ccc(Cc3ccc(NC(=S)Nc4ccc(NC(=S)Nc5ccc(Cc6ccc(NC(=S)Nc7ccc(NC(=S)Nc8ccc(Cc9ccc(*)cc9)cc8)cc7)cc6)cc5)cc4)cc3)cc2)cc1,-6.09
*NC(=S)Nc1ccc(Cc2ccc(NC(=S)Nc3ccc(Cc4ccc(NC(=S)Nc5ccc(Cc6ccc(*)cc6)cc5)cc4)cc3)cc2)cc1,-6.09
*CCOCCOC(=O)Nc1ccc(C)c(NC(=O)OCCOCCOC(=O)Nc2ccc(C)c(NC(=O)OCCOCCOC(=O)Nc3ccc(C)c(NC(=O)O*)c3)c2)c1,-5.83
*C(=O)NC(=O)c1ccc(C(=O)NC(=O)c2ccc(C(=O)NC(=O)c3ccc(*)cc3)cc2)cc1,-6.48
*NC(=O)OC(=O)NC(=O)OC(=O)NC(=O)OC(*)=O,-6.61
*OC(=O)C(=S)C(=O)OC(=O)C(=S)C(=O)OC(=O)C(=S)C(*)=O,-6.47
*OCCC(=O)CC(=O)Oc1ccc(OCCC(=O)CC(=O)Oc2ccc(OCCC(=O)CC(=O)Oc3ccc(*)cc3)cc2)cc1,-6.01
*CCOC(=S)NC(=S)c1ccc(NCCOC(=S)NC(=S)c2ccc(NCCOC(=S)NC(=S)c3ccc(N*)cc3)cc2)cc1,-5.81
*CNCCCOCOCNCCCOCOCNCCCOCO*,-5.21
*CNCNC(=O)NC(=O)NCNCNC(=O)NC(=O)NCNCNC(=O)NC(=O)N*,-5.84
*CNC(=O)NCOCOCNC(=O)NCOCOCNC(=O)NCOCO*,-5.58
*CNC(=O)ONC(=O)NOCNC(=O)ONC(=O)NOCNC(=O)ONC(=O)NO*,-5.82
*COCOCCCOCOCOCCCOCOCOCCCO*,-5.22
*CNCCNC(=O)OCCNCCNC(=O)OCCNCCNC(=O)OC*,-5.49
*NOC(=O)NCC(=O)NC(=O)NOC(=O)NCC(=O)NC(=O)NOC(=O)NCC(=O)NC(*)=O,-6.11
*NCCCNC(=O)NC(=O)NCCCNC(=O)NC(=O)NCCCNC(=O)NC(*)=O,-5.77
*Nc1ccc(NC(=O)NC(=O)NC(=O)Nc2ccc(NC(=O)NC(=O)NC(=O)Nc3ccc(NC(=O)NC(=O)NC(*)=O)s3)s2)s1,-6.29
*NCNC(=O)OC(=O)NC(=O)NCNC(=O)OC(=O)NC(=O)NCNC(=O)OC(=O)NC(*)=O,-6.22
*OCCCCONC(=O)OCCCCONC(=O)OCCCCONC(*)=O,-5.44
*Oc1ccc(C(=O)c2ccc(C(=O)NOC(=O)Oc3ccc(C(=O)c4ccc(C(=O)NOC(=O)Oc5ccc(C(=O)c6ccc(C(=O)NOC(*)=O)s6)cc5)s4)cc3)s2)cc1,-6.35
*c1ccc(C(F)(F)c2ccc(C(F)(F)c3ccc(C(F)(F)c4ccc(C(F)(F)c5ccc(C(F)(F)c6ccc(C(*)(F)F)s6)s5)s4)s3)s2)s1,-5.83
*C(=S)C(F)(F)c1ccc(C(F)(F)C(=S)C(F)(F)c2ccc(C(F)(F)C(=S)C(F)(F)c3ccc(C(*)(F)F)s3)s2)s1,-5.65
*OC(F)(F)c1ccc(C(F)(F)OC(F)(F)c2ccc(C(F)(F)OC(F)(F)c3ccc(C(*)(F)F)s3)s2)s1,-5.68
*c1ccc(C(F)(F)c2ccc(C(F)(F)c3ccc(C(F)(F)c4ccc(C(F)(F)c5ccc(C(F)(F)c6ccc(C(*)(F)F)cc6)s5)cc4)s3)cc2)s1,-5.99
*c1ccc(C(F)(F)c2ccc(C(F)(F)c3ccc(C(F)(F)c4ccc(C(F)(F)c5ccc(C(F)(F)c6ccc(C(*)(F)F)cc6)cc5)cc4)cc3)cc2)cc1,-6.06
*C(=S)C(F)(F)c1ccc(C(F)(F)C(=S)C(F)(F)c2ccc(C(F)(F)C(=S)C(F)(F)c3ccc(C(*)(F)F)cc3)cc2)cc1,-5.84
*OC(F)(F)c1ccc(C(F)(F)OC(F)(F)c2ccc(C(F)(F)OC(F)(F)c3ccc(C(*)(F)F)cc3)cc2)cc1,-5.92
*C(=S)c1ccc(C(F)(F)C(F)(F)C(=S)c2ccc(C(F)(F)C(F)(F)C(=S)c3ccc(C(F)(F)C(*)(F)F)s3)s2)s1,-5.66
*Oc1ccc(C(F)(F)C(F)(F)Oc2ccc(C(F)(F)C(F)(F)Oc3ccc(C(F)(F)C(*)(F)F)s3)s2)s1,-5.67
*c1ccc(-c2ccc(C(F)(F)C(F)(F)c3ccc(-c4ccc(C(F)(F)C(F)(F)c5ccc(-c6ccc(C(F)(F)C(*)(F)F)cc6)s5)cc4)s3)cc2)s1,-5.98
*c1ccc(-c2ccc(C(F)(F)C(F)(F)c3ccc(-c4ccc(C(F)(F)C(F)(F)c5ccc(-c6ccc(C(F)(F)C(*)(F)F)cc6)cc5)cc4)cc3)cc2)cc1,-6.1
*C(=S)c1ccc(C(F)(F)C(F)(F)C(=S)c2ccc(C(F)(F)C(F)(F)C(=S)c3ccc(C(F)(F)C(*)(F)F)cc3)cc2)cc1,-5.85
*Oc1ccc(C(F)(F)C(F)(F)Oc2ccc(C(F)(F)C(F)(F)Oc3ccc(C(F)(F)C(*)(F)F)cc3)cc2)cc1,-5.89
*c1ccc(CC(F)(F)C(F)(F)c2ccc(CC(F)(F)C(F)(F)c3ccc(CC(F)(F)C(*)(F)F)s3)s2)s1,-5.59
*c1ccc(CC(F)(F)C(F)(F)c2ccc(CC(F)(F)C(F)(F)c3ccc(CC(F)(F)C(*)(F)F)cc3)cc2)cc1,-5.78
*C(=O)CC(F)(F)C(F)(F)C(=O)CC(F)(F)C(F)(F)C(=O)CC(F)(F)C(*)(F)F,-5.5
*C(=S)CC(F)(F)C(F)(F)C(=S)CC(F)(F)C(F)(F)C(=S)CC(F)(F)C(*)(F)F,-5.19
*NCC(F)(F)C(F)(F)NCC(F)(F)C(F)(F)NCC(F)(F)C(*)(F)F,-5.24
*OCC(F)(F)C(F)(F)OCC(F)(F)C(F)(F)OCC(F)(F)C(*)(F)F,-5.23
*c1ccc(C(=O)C(F)(F)C(F)(F)c2ccc(C(=O)C(F)(F)C(F)(F)c3ccc(C(=O)C(F)(F)C(*)(F)F)s3)s2)s1,-5.86
*c1ccc(C(=O)C(F)(F)C(F)(F)c2ccc(C(=O)C(F)(F)C(F)(F)c3ccc(C(=O)C(F)(F)C(*)(F)F)cc3)cc2)cc1,-6.03
*C(=S)C(=O)C(F)(F)C(F)(F)C(=S)C(=O)C(F)(F)C(F)(F)C(=S)C(=O)C(F)(F)C(*)(F)F,-5.51
*OC(=S)C(F)(F)C(F)(F)OC(=S)C(F)(F)C(F)(F)OC(=S)C(F)(F)C(*)(F)F,-5.26
*c1ccc(NC(F)(F)C(F)(F)c2ccc(NC(F)(F)C(F)(F)c3ccc(NC(F)(F)C(*)(F)F)s3)s2)s1,-5.66
*c1ccc(NC(F)(F)C(F)(F)c2ccc(NC(F)(F)C(F)(F)c3ccc(NC(F)(F)C(*)(F)F)cc3)cc2)cc1,-5.86
*C(=O)NC(F)(F)C(F)(F)C(=O)NC(F)(F)C(F)(F)C(=O)NC(F)(F)C(*)(F)F,-5.65
*C(=S)NC(F)(F)C(F)(F)C(=S)NC(F)(F)C(F)(F)C(=S)NC(F)(F)C(*)(F)F,-5.29
*NOC(F)(F)C(F)(F)NOC(F)(F)C(F)(F)NOC(F)(F)C(*)(F)F,-5.15
*c1ccc(C(F)(F)CC(F)(F)c2ccc(C(F)(F)CC(F)(F)c3ccc(C(F)(F)CC(*)(F)F)s3)s2)s1,-5.59
*c1ccc(C(F)(F)CC(F)(F)c2ccc(C(F)(F)CC(F)(F)c3ccc(C(F)(F)CC(*)(F)F)cc3)cc2)cc1,-5.8
*C(=O)C(F)(F)CC(F)(F)C(=O)C(F)(F)CC(F)(F)C(=O)C(F)(F)CC(*)(F)F,-5.48
*C(=S)C(F)(F)CC(F)(F)C(=S)C(F)(F)CC(F)(F)C(=S)C(F)(F)CC(*)(F)F,-5.2
*NC(F)(F)CC(F)(F)NC(F)(F)CC(F)(F)NC(F)(F)CC(*)(F)F,-5.26
*OC(F)(F)CC(F)(F)OC(F)(F)CC(F)(F)OC(F)(F)CC(*)(F)F,-5.25
*C(=O)C(F)(F)C(=O)C(F)(F)C(=O)C(F)(F)C(=O)C(F)(F)C(=O)C(F)(F)C(=O)C(*)(F)F,-5.77
*OC(F)(F)C(=O)C(F)(F)OC(F)(F)C(=O)C(F)(F)OC(F)(F)C(=O)C(*)(F)F,-5.57
*OC(F)(F)C(=S)C(F)(F)OC(F)(F)C(=S)C(F)(F)OC(F)(F)C(=S)C(*)(F)F,-5.24
*c1ccc(C(F)(F)NC(F)(F)c2ccc(C(F)(F)NC(F)(F)c3ccc(C(F)(F)NC(*)(F)F)s3)s2)s1,-5.66
*c1ccc(C(F)(F)NC(F)(F)c2ccc(C(F)(F)NC(F)(F)c3ccc(C(F)(F)NC(*)(F)F)cc3)cc2)cc1,-5.88
*C(=O)C(F)(F)NC(F)(F)C(=O)C(F)(F)NC(F)(F)C(=O)C(F)(F)NC(*)(F)F,-5.56
*C(=S)C(F)(F)NC(F)(F)C(=S)C(F)(F)NC(F)(F)C(=S)C(F)(F)NC(*)(F)F,-5.29
*NC(F)(F)NC(F)(F)NC(F)(F)NC(F)(F)NC(F)(F)NC(*)(F)F,-5.31
*OC(F)(F)NC(F)(F)OC(F)(F)NC(F)(F)OC(F)(F)NC(*)(F)F,-5.29
*c1ccc(-c2ccc(-c3ccc(-c4ccc(-c5ccc(-c6ccc(-c7ccc(-c8ccc(-c9ccc(-c%10ccc(-c%11ccc(-c%12ccc(*)s%12)s%11)cc%10)cc9)s8)s7)cc6)cc5)s4)s3)cc2)cc1,-6.3
*C(=S)c1ccc(-c2ccc(-c3ccc(C(=S)c4ccc(-c5ccc(-c6ccc(C(=S)c7ccc(-c8ccc(-c9ccc(*)cc9)cc8)s7)cc6)cc5)s4)cc3)cc2)s1,-6.27
*c1ccc(C(=S)c2ccc(-c3ccc(-c4ccc(C(=S)c5ccc(-c6ccc(-c7ccc(C(=S)c8ccc(-c9ccc(*)s9)s8)cc7)s6)s5)cc4)s3)s2)cc1,-6.22
*Cc1ccc(COCc2ccc(COCc3ccc(CO*)s3)s2)s1,-5.68
*C(=O)c1ccc(C(=S)c2ccc(C(=O)c3ccc(C(=S)c4ccc(C(=O)c5ccc(C(=S)c6ccc(*)s6)s5)s4)s3)s2)s1,-6.19
*C(=O)c1ccc(-c2ccc(-c3ccc(C(=O)c4ccc(-c5ccc(-c6ccc(C(=O)c7ccc(-c8ccc(-c9ccc(*)s9)s8)cc7)s6)s5)cc4)s3)s2)cc1,-6.31
*C(=O)c1ccc(-c2ccc(C(=S)C(=O)c3ccc(-c4ccc(C(=S)C(=O)c5ccc(-c6ccc(C(*)=S)s6)cc5)s4)cc3)s2)cc1,-6.3
*C(=O)c1ccc(-c2ccc(-c3ccc(C(=O)c4ccc(-c5ccc(-c6ccc(C(=O)c7ccc(-c8ccc(-c9ccc(*)s9)cc8)cc7)s6)cc5)cc4)s3)cc2)cc1,-6.38
*C(=O)c1ccc(C(=S)c2ccc(C(=O)c3ccc(C(=S)c4ccc(C(=O)c5ccc(C(=S)c6ccc(*)s6)cc5)s4)cc3)s2)cc1,-6.31
*C(=O)c1ccc(C(=S)c2ccc(C(=O)c3ccc(C(=S)c4ccc(C(=O)c5ccc(C(=S)c6ccc(*)cc6)cc5)cc4)cc3)cc2)cc1,-6.38
*Nc1ccc(C(=O)ONc2ccc(C(=O)ONc3ccc(C(=O)O*)s3)s2)s1,-6.14
*Nc1ccc(C(=O)c2ccc(Nc3ccc(C(=O)c4ccc(Nc5ccc(C(=O)c6ccc(*)cc6)cc5)cc4)cc3)cc2)cc1,-6.34
*CCCCCCNC(=S)Nc1ccc(NC(=S)NCCCCCCNC(=S)Nc2ccc(NC(=S)NCCCCCCNC(=S)Nc3ccc(NC(=S)N*)cc3)cc2)cc1,-5.61
*NC(=O)NC(=O)c1ccc(C(=S)c2ccc(-c3ccc(NC(=O)NC(=O)c4ccc(C(=S)c5ccc(-c6ccc(NC(=O)NC(=O)c7ccc(C(=S)c8ccc(-c9ccc(*)s9)s8)s7)s6)s5)s4)s3)s2)s1,-6.19
*c1ccc(C(=S)c2ccc(C(=S)C(=O)Nc3ccc(-c4ccc(-c5ccc(C(=S)c6ccc(C(=S)C(=O)Nc7ccc(-c8ccc(-c9ccc(C(=S)c%10ccc(C(=S)C(=O)Nc%11ccc(-c%12ccc(*)s%12)cc%11)s%10)s9)s8)cc7)s6)s5)s4)cc3)s2)s1,-6.19
*OCC(=S)c1ccc(C(=S)Cc2ccc(-c3ccc(OCC(=S)c4ccc(C(=S)Cc5ccc(-c6ccc(OCC(=S)c7ccc(C(=S)Cc8ccc(-c9ccc(*)cc9)cc8)s7)cc6)cc5)s4)cc3)cc2)s1,-6.04
*Nc1ccc(-c2ccc(C(=S)c3ccc(-c4ccc(Nc5ccc(Nc6ccc(-c7ccc(C(=S)c8ccc(-c9ccc(Nc%10ccc(Nc%11ccc(-c%12ccc(C(=S)c%13ccc(-c%14ccc(Nc%15ccc(*)cc%15)s%14)s%13)s%12)s%11)cc%10)s9)s8)s7)s6)cc5)s4)s3)s2)s1,-6.12
*NC(=O)c1ccc(NC(=S)c2ccc(Nc3ccc(NC(=O)c4ccc(NC(=S)c5ccc(Nc6ccc(NC(=O)c7ccc(NC(=S)c8ccc(Nc9ccc(*)cc9)cc8)s7)cc6)cc5)s4)cc3)cc2)s1,-6.21
*CCC(=O)OC(=O)Cc1ccc(-c2ccc(CCC(=O)OC(=O)Cc3ccc(-c4ccc(CCC(=O)OC(=O)Cc5ccc(-c6ccc(*)cc6)cc5)cc4)cc3)cc2)cc1,-6.14
*Nc1ccc(NC(=O)NONC(=O)Nc2ccc(NC(=O)NONC(=O)Nc3ccc(NC(=O)NONC(*)=O)s3)s2)s1,-5.99
*C(=S)C(=O)CCNc1ccc(C(=S)c2ccc(C(=S)C(=O)CCNc3ccc(C(=S)c4ccc(C(=S)C(=O)CCNc5ccc(C(=S)c6ccc(*)cc6)cc5)cc4)cc3)cc2)cc1,-6.05
*c1ccc(-c2ccc(C(F)(F)C(F)(F)c3ccc(-c4ccc(C(F)(F)C(F)(F)c5ccc(-c6ccc(C(F)(F)C(*)(F)F)s6)s5)s4)s3)s2)s1,-5.87
*OC(=O)C(F)(F)C(F)(F)OC(=O)C(F)(F)C(F)(F)OC(=O)C(F)(F)C(*)(F)F,-5.64
*c1ccc(C(F)(F)C(=O)C(F)(F)c2ccc(C(F)(F)C(=O)C(F)(F)c3ccc(C(F)(F)C(=O)C(*)(F)F)s3)s2)s1,-5.82
*c1ccc(C(F)(F)C(=O)C(F)(F)c2ccc(C(F)(F)C(=O)C(F)(F)c3ccc(C(F)(F)C(=O)C(*)(F)F)cc3)cc2)cc1,-6.01
*OC(F)(F)OC(F)(F)OC(F)(F)OC(F)(F)OC(F)(F)OC(*)(F)F,-5.25
*C(C)COCC(C)OCCOCCOCC(C)N1C(=O)c2ccc(C(=O)c3ccc4c(c3)C(=O)N(C(C)COCC(C)OCCOCCOCC(C)N3C(=O)c5ccc(C(=O)c6ccc7c(c6)C(=O)N(C(C)COCC(C)OCCOCCOCC(C)N6C(=O)c8ccc(C(=O)c9ccc%10c(c9)C(=O)N(*)C%10=O)cc8C6=O)C7=O)cc5C3=O)C4=O)cc2C1=O,-5.89
