smiles,Egc
[*]N=Nc1ccc(-c2ccc([*])c(C)c2)cc1C,2.1369
[*]Oc1ccc(C(c2ccccc2)c2ccc(OC([*])=O)cc2C)c(C)c1,4.7259
[*]CC([*])C(=O)OCC(F)(F)C(F)(F)C(F)(F)C(F)(F)C(F)(F)C(F)(F)C(F)(F)F,6.2833
[*]C=Cc1sc([*])c2c1OC(CCCCCC)CO2,1.0146
[*]CC(=O)C(=S)C(=O)[*],1.9995
[*]CCCCCCCCCCCNC(=O)CCCCCCCCCCC(=O)N[*],6.009
[*]CC([*])(C)C(=O)OC(F)(C(F)(F)F)C(F)(F)F,6.1534
[*]Oc1ccc(OC(=O)c2ccc(C([*])=O)cc2)cc1CCC(C)CC,3.5259
[*]CCCCCCCCCCCCCCCCOC(=O)CCCCCCCCC(=O)O[*],6.641
[*]NC(CC([*])=O)C(=O)OCCCCCCCC,5.5889
[*]Nc1ccc(CC(C)(C)NC(=O)CCCCCCCCC([*])=O)cc1,4.455
[*]OC([*])CCCC,6.6222
[*]Nc1ccccc1NC(=O)c1cccc(C([*])=O)c1,3.6159
[*]c1ccc(Oc2ccc(-c3cnc4cc(Oc5ccc6nc([*])cnc6c5)ccc4n3)cc2)cc1,3.1068
[*]c1cc(CCCCCCCCCC2COC(c3ccccc3)O2)c([*])s1,3.048
[*]OC(COCCOC)COC([*])=O,6.2142
[*]CCCC(=O)N[*],5.5236
[*]c1ccc2cc(-c3nc4cc5sc([*])nc5cc4s3)ccc2c1,3.27
[*]CC(=S)C(C=C1)=CC=C1C(=S)[*],1.5353
[*]CC([*])C(=O)OCC(F)(F)C(F)(F)C(F)(F)F,6.784
[*]CCOCCOC(=O)CCC(=O)O[*],6.5538
[*]CCCCCCNC(=O)C(CC)CC(CC)C(=O)N[*],5.6687
[*]CC(C)(C)COC(=O)CCCCCCCC(=O)O[*],6.5848
[*]OC(=O)CCCCCCCCCCCC([*])=O,6.2745
[*]CCCCCCCCCC#CC#CCCCCCCCCCOC(=O)CCCCC(=O)O[*],5.4365
[*]c1ccc(C(c2ccccc2)(c2ccc(-n3c(=O)c4cc5c(=O)n([*])c(=O)c5cc4c3=O)cc2)C(F)(F)F)cc1,2.7963
[*]CCCC(C)CC(=O)N[*],6.0894
[*]C(=O)C(S1)=CC=C1C(=O)O[*],3.9821
[*]C(=O)c1ccc2c(c1)C(=O)N(c1ccc(OCCOCCOc3ccc(N4C(=O)c5ccc([*])cc5C4=O)cc3)cc1)C2=O,2.4449
[*]c1sc([*])c2c1OCC(CCCCCC)O2,3.3322
[*]C(=O)c1ccc2c(c1)C(=O)N(c1ccc(OCC(C)(C)COc3ccc(N4C(=O)c5ccc([*])cc5C4=O)cc3)cc1)C2=O,2.7216
[*]NC(=S)C(S1)=CC=C1O[*],3.2187
[*]CC(CC)(CO)CO[*],5.2286
[*]CNC(S1)=CC=C1C(=O)[*],3.1504
[*]c1nc(C)nc(N([*])c2ccccc2)n1,4.4826
[*]c1ccc2c(c1)C(CC(CC)CCCC)(CC(CC)CCCC)c1cc([*])ccc1-2,3.8505
[*]CCOCCOCCOCCOC(=O)NCCCCCCNC(=O)O[*],6.0228
[*]CCOc1ccc(C(=O)OC(=O)c2ccc(C(=O)OC(=O)c3ccc(O[*])c(OC)c3)cc2)cc1OC,3.2659
[*]c1ccc(-c2cc(CCCCCCOC(=O)COc3ccccc3)c([*])s2)s1,1.9751
[*]NC(S1)=CC=C1NC(=S)[*],2.9073
[*]C=CC(C(=O)OC(C)C)C([*])C(=O)OC(C)C,5.3094
[*]CCCCCCOC(=O)CC(=O)O[*],7.0433
[*]CC([*])C(=O)OCCCCSC,4.571
[*]C(=O)c1ccc2c(c1)C(=O)N(c1ccc(Sc3ccc(N4C(=O)c5ccc([*])cc5C4=O)cc3)cc1)C2=O,2.66
[*]Nc1nc([*])nc(-c2ccccc2)n1,4.2193
[*]OP(=O)(Oc1ccc([*])cc1)OC1CCCCC1,5.2577
[*]c1ccc(-c2ccc(-c3ccc(-c4cc(-c5ccccc5)c5cc(Oc6ccc7nc([*])cc(-c8ccccc8)c7c6)ccc5n4)cc3)cc2)cc1,3.1875
[*]CCCCCCCc1nnc([*])n1N,5.5167
[*]CCCCCCCCCCCCOC(=O)CCCCC(=O)O[*],6.8209
[*]CCCCCCCCCCCCNC(=O)CCCCCCCCC(=O)N[*],5.9688
[*]CCCCCCCC(=O)O[*],6.6609
[*]CNCNC(=O)NC(=O)N[*],6.2347
[*]N=P([*])(Cl)Cl,3.9556
[*]CC([*])C(=O)OCCCCCCCCCCCCCC,6.5079
[*]C=CC(C)C([*])C(=O)OCCCC,5.2364
[*]C(=O)Nc1cccc(NC(=O)c2ccc3[nH]c(-c4ccc(-c5nc6cc([*])ccc6[nH]5)cc4)nc3c2)c1,3.1791
[*]c1ccc([*])c2nccnc12,3.0389
[*]Oc1ccc(CCNC(=O)c2cccc(C([*])=O)c2)cc1,4.1401
[*]C1=CSC(=C2SC=C(c3ccc([*])cc3)S2)S1,2.2436
[*]C(=O)c1ccc2nc(-c3ccccc3)c(-c3ccc(-c4nc5ccc([*])cc5nc4-c4ccccc4)cc3)nc2c1,3.1886
[*]c1ccc2c(c1)c1cc([*])ccc1n2C=C,3.4876
[*]CC#CCOC(=O)CCCCCCCCCCC(=O)O[*],6.5433
[*]CCCCCCCCCCOC(=O)C(=O)O[*],5.4658
[*]CCCCc1nc2cc3nc([*])[nH]c3cc2[nH]1,4.4637
[*]CCCCCCOC(=O)NCCCNC(=O)O[*],6.0865
[*]C1CCOC1[*],5.9474
[*]c1ccc(Sc2ccc(-n3c(=O)c4cc5c(=O)n([*])c(=O)c5cc4c3=O)cc2)cc1,2.5188
[*]C=CC(C[*])OC,5.0501
[*]OC1(O)CCCC([*])C1,6.0531
[*]COC(=O)NCCNC[*],5.81
[*]C(=O)C(S1)=CC=C1C(C=C2)=CC=C2C(S3)=CC=C3[*],2.5282
[*]OP(=O)(Oc1ccccc1)Oc1ccc(-c2ccc([*])cc2)cc1,4.631
[*]OP(=O)(Oc1ccccc1)Oc1c(Cl)c(Cl)c([*])c(Cl)c1Cl,4.5449
[*]c1ccc(S([*])(=O)=O)cc1,4.2821
[*]c1ccc(C)c(N2C(=O)c3ccc(-c4ccc5c(c4)C(=O)N([*])C5=O)cc3C2=O)c1,3.4309
[*]c1ccc([*])c2nc(CC)c(CC)nc12,3.3743
[*]Oc1ccc2ccc(OC(=O)Oc3ccc(OC([*])=O)cc3)cc2c1,4.3295
[*]c1cc(CCCCCCCC)c([*])[nH]1,2.9335
[*]C=CCC[*],5.2133
[*]Nc6ccc(c5ccc(NC(=O)c4ccc(C3(c1ccc(C([*])=O)cc1)OC(=O)c2ccccc23)cc4)cc5)cc6,3.2864
[*]Cc1ccc(-c2ccc(CSC(=O)CCC(=O)S[*])cc2)cc1,4.7843
[*]OC(CC([*])=O)C(Cl)(Cl)Cl,5.7388
[*]CC(C)(C)COC(=O)Nc1ccc(NC(=O)O[*])cc1,4.8883
[*]CCOC(=S)NC(=S)C(C=C1)=CC=C1N[*],2.7606
[*]C(=O)Nc1cccc(NC(=O)c2ccc(-c3nc4cc([*])ccc4[nH]3)cc2)c1,3.2886
[*]CCCCCCCCCCOC(=O)C(O)C(O)C(=O)O[*],6.2882
[*]CCCNC(=O)CCCCCCCCCCCCCCCCCCC(=O)N[*],5.894
[*]CCCCCCCCCCCCNC(=O)C(=O)N[*],5.7269
[*]CCOCCOC(=O)CCCCSCCCCC(=O)O[*],5.2898
[*]C(C=C1)=CC=C1C(S2)=CC=C2OC(S3)=CC=C3[*],3.0679
[*]Oc1c(Cl)cc(C2(c3cc(Cl)c(OC([*])=O)c(Cl)c3)CC3CCC2C3)cc1Cl,4.8308
[*]NC(CCCNC(=O)c1ccc(Br)cc1)C([*])=O,4.6803
[*]CCC(S1)=CC=C1O[*],4.8828
[*]CC([*])C(=O)OC(C)C,6.4162
[*]CCCCNC(=O)CCCCCCCCCCC(=O)N[*],5.9492
[*]CCCCC(=O)NCCCCCOCCCCCNC(=O)CCCCO[*],5.536
[*]CCCOC(=O)CCCCC(=O)O[*],6.7235
[*]C(=S)N([*])CC=C,3.6057
[*]CC(F)(F)C(F)(F)C(F)(F)C(F)(F)COC(=O)NCC(F)(F)C(F)(F)C(F)(F)C(F)(F)CNC(=O)O[*],6.8832
[*]CC([*])n1ccc2ccccc21,1.6204
[*]CCC(Cl)C([*])C,6.7613
[*]CC([*])C(=O)OCC(C)C,6.1261
[*]CNC(S1)=CC=C1O[*],4.4862
[*]c1cc2c(s1)-c1sc([*])cc1C2=C(C#N)C#N,0.6839
[*]CCCC([*])C,7.1052
[*]c1ccc2c(c1)Cc1cc(-n3c(=O)c4cc5c(=O)n([*])c(=O)c5cc4c3=O)ccc1-2,2.1333
[*]CCCCCNC(=O)CCCCCCOCCCCCCC(=O)NCCCCCO[*],5.8389
[*]CC([*])c1nc(C)nc(C)n1,5.2445
[*]c1cc(CC)c([*])s1,2.3523
[*]C(=O)Nc1ccc(C2(c3ccc(N4C(=O)c5ccc([*])cc5C4=O)cc3)CC(C)CC(C)(C)C2)cc1,2.7929
[*]C(=O)Nc1ccc(NC(=O)c2ccc3c(c2)C(=O)N(c2ccc(Oc4cccc5c(N6C(=O)c7ccc([*])cc7C6=O)cccc45)cc2)C3=O)cc1,2.8645
[*]c1cc(CCOC(=O)C(C)Br)c([*])s1,2.3659
[*]CC(C#N)(C#N)CC(C#N)(C#N)C(C#N)C(C#N)(C#N)[*],6.9307
[*]CCCCOC(=O)SNCCCCCCNSC(=O)O[*],5.4377
[*]c1ccc(-n2c(=O)c3ccc4c5cc6c([*])ccc6n5c(=O)c-4cc3c2=O)cc1C,0.896
[*]CCCCCCCCCCOCO[*],6.4569
[*]C(=O)c1ccc2c(c1)C(=O)N(c1ccc(N(c3ccc(C#N)cc3)c3ccc(N4C(=O)c5ccc([*])cc5C4=O)cc3)cc1)C2=O,1.8778
[*]CCCCCNC(=O)c1cccc(C(=O)N[*])c1,4.9725
[*]CCCCCCC(Cl)C([*])Cl,6.8762
[*]c1cc2sc([*])c(C)c2s1,3.8179
[*]C(=O)NCCCCCCNC(=O)C1COC([*])CO1,5.8235
[*]C(=O)c1ccc2c(c1)C(=O)N(c1ccc(C(c3ccccc3)c3ccc(N4C(=O)c5ccc([*])cc5C4=O)cc3)cc1)C2=O,2.6954
[*]c1ccc(-c2cc(-c3ccc(CCCCCCCC)cc3)c([*])s2)s1,1.5651
[*]CCC1CN(C(C)(C)C)C(=O)C1[*],5.4772
[*]c1ccc(Oc2ccc(-c3nc4cc(-c5ccc6nc([*])c(-c7ccccc7)nc6c5)ccc4nc3-c3ccccc3)cc2)cc1,2.9993
[*]C(=O)c1ccc2c(c1)C(=O)N(c1cc(OCCCC)cc(N3C(=O)c4ccc([*])cc4C3=O)c1)C2=O,2.6613
[*]C(C=C1)=CC=C1C(C=C2)=CC=C2C(S3)=CC=C3C(=S)[*],2.3302
[*]CC([*])C(=O)OCCCCC,6.4787
[*]CCCCCCCCCNC(=O)CCCCCCCC(=O)N[*],5.928
[*]CC(C)(C)COC(=O)NCCNC(=O)O[*],6.4914
[*]CCCC([*])Cl,6.9806
[*]CC(C)(C)COC(=O)NC1CCC(CC2CCC(NC(=O)O[*])CC2)CC1,5.9159
[*]CC([*])(Cl)Cl,5.4955
[*]CC1CCC(COC(=O)CCCCCCCCCCC(=O)O[*])CC1,6.723
[*]CC([*])(CC(=O)O)C(=O)O,5.8762
[*]COC(=O)NCc1ccc(CNC(=O)OCc2ccc([*])o2)o1,5.0674
[*]C(=O)CCCCC(=O)N1CCN([*])CC1,5.6091
[*]C=CCCCCC[*],5.8026
[*]C(S1)=CC=C1OC(S2)=CC=C2O[*],3.7097
[*]Oc1ccc(OC([*])=O)cc1,5.1376
[*]OC1CCCCCC1[*],5.6512
[*]CCCOC(=O)CCCC(=O)O[*],6.7627
[*]c1nc2cc(S(=O)(=O)c3ccc4oc(C5CCC([*])CC5)nc4c3)ccc2o1,4.8558
[*]C(c1ccccc1)C([*])(C#N)C#N,2.7551
[*]Oc1ccc(OC(=O)Oc2ccc(OC([*])=O)cc2)cc1Cl,5.1691
[*]CCCCc1nnc([*])n1N,5.3914
[*]C(=O)Oc1ccc(OC(=O)N2CCN([*])CC2)cc1,5.2692
[*]C(=O)c1ccc2c(c1)C(=O)N(c1cccc(C#Cc3cccc(N4C(=O)c5ccc([*])cc5C4=O)c3)c1)C2=O,2.4849
[*]Oc1cccc(OC(=O)Oc2ccc(OC([*])=O)cc2)c1,5.4757
[*]CCOCCOCCOCCOCCOCCOC(=O)NCCCCCCNC(=O)O[*],5.6975
[*]Cc1cc(C23CC4CC(CC(C4)C2)C3)cc(CN([*])C)c1O,4.5466
[*]C=Cc1ccc([*])c(-c2ccc(OCC(CC)CCCC)c3ccccc23)c1,3.2107
[*]c1ccc(-c2ccc(N3C(=O)c4ccc(-c5ccc6c(c5)C(=O)N([*])C6=O)cc4C3=O)cc2C(F)(F)F)c(C(F)(F)F)c1,3.3541
[*]CCCCNC(=O)CCCCCCCCCC(=O)N[*],5.9628
[*]C(c1ccccc1)=c1ccc(=c2ccc(=C(c3ccccc3)c3ccc(-c4ccc([*])s4)s3)s2)s1,1.4486
[*]CC([*])OC(=O)C(F)(F)C(F)(F)C(F)(F)F,6.4207
[*]CC(F)(F)C(F)(F)C(F)(F)COC(=O)CC(CC(=O)O[*])C(F)(F)C(F)(F)C(F)(F)F,6.6602
[*]CC([*])OC(=O)CC,6.5454
[*]COC(C=C1)=CC=C1O[*],4.8731
[*]C(=O)c1ccc2c(c1)C(=Nc1ccc(Oc3cccc(N=C4OC(=O)c5ccc([*])cc54)c3)cc1)OC2=O,2.5722
[*]C(=O)Nc1ccc(Cc2ccc(NC(=O)c3ccc4c(c3)C(=O)N(c3ccc(S(=O)(=O)c5ccc(N6C(=O)c7ccc([*])cc7C6=O)cc5)cc3)C4=O)cc2)cc1,2.5578
[*]CCCCCCCCCNC(=O)CCC=CCCC(=O)N[*],5.6551
[*]CCCCCCCCc1nc(-c2ccc(-c3csc([*])n3)cc2)cs1,3.6182
[*]CCNC(=O)CCCCCCCCCCC(=O)N[*],5.5657
[*]CCN1C(=O)C(=CC=C2SC(=S)N([*])C2=O)SC1=S,2.2801
[*]c1ccc(NC(=O)c2cccc(C(=O)Nc3ccc(-n4c(=O)c5cc6c(=O)n([*])c(=O)c6cc5c4=O)cc3)c2)cc1,2.46
[*]CCOCCOCCOCCOC(=O)CCSCCC(=O)O[*],5.3735
[*]Oc1ccc(C2(c3ccc(OC([*])=O)cc3)CC(C)CC(C)(C)C2)cc1,4.7559
[*]CCOCCOC(=O)O[*],6.7562
[*]CCCCCCCCCCOC(=O)CCCCCCC(=O)O[*],6.7689
[*]CC([*])(C#N)C(=O)OC(C)C,6.4883
[*]C(=O)c1ccc2c(c1)C(=O)N(c1cc(OCCCCCCCC)cc(N3C(=O)c4ccc([*])cc4C3=O)c1)C2=O,2.6342
[*]C([*])O,6.4482
[*]Cc1ccc(COC(=O)CCCC(=O)O[*])cc1,5.4521
[*]CCCCCOC(=O)CCC(C)CC(=O)O[*],6.7005
[*]OC1CCC(OC(=O)C([*])=O)CC1,5.7861
[*]CCCCCCNC(=O)c1c(F)c(F)c(C(=O)N[*])c(F)c1F,4.7431
[*]CC([*])(Cl)C(=O)OC,5.8077
[*]CC([*])(Br)Br,5.2567
[*]C(=O)C(S1)=CC=C1C(S2)=CC=C2C(S3)=CC=C3[*],1.9407
[*]CC(C)(C)COC(=O)Nc1ccc(C)c(NC(=O)O[*])c1,5.1704
[*]NC(CC(=O)OCc1ccc(Cl)cc1)C([*])=O,5.1636
[*]c1ccc(Oc2ccc(-c3cnc4cc(-c5ccc6nc([*])cnc6c5)ccc4n3)cc2)cc1,3.1085
[*]c1ccc(Sc2ccc(-c3nn(-c4ccc(S(=O)(=O)c5ccc(-n6nc([*])c7ccccc7c6=O)cc5)cc4)c(=O)c4ccccc34)cc2)cc1,3.5491
[*]c1ccc(-c2cc(OCCCCCCCCCC)c([*])cc2OCCCCCCCCCC)cc1,3.5012
[*]c1ccc(Oc2ccc(-c3nc4cc5sc([*])nc5cc4s3)cc2)cc1,3.2878
[*]CCC(S1)=CC=C1C(S2)=CC=C2[*],3.23
[*]ON(C(F)(F)F)C(F)(F)C([*])(F)F,7.1742
[*]CCCCCCCCn1c(=O)c2cc3c(=O)n([*])c(=O)c3c(Br)c2c1=O,3.5401
[*]CCCCCCCCCCCCCCCCOC(=O)CCC=CCCC(=O)O[*],6.0336
[*]CCCCCCOC(=O)NCCCCCCCCCCNC(=O)O[*],6.321
[*]C(=O)Nc1cccc(C(=O)Nc2cccc(NC(=O)c3ccc4[nH]c(-c5ccc(-c6nc7cc([*])ccc7[nH]6)cc5)nc4c3)c2)c1,3.1175
[*]CC(C=C1)=CC=C1C(=S)C(S2)=CC=C2[*],2.7917
[*]c1sc([*])c2c1OCCO2,1.7526
[*]CCCCCCCCNC(=O)C(CCCCCCCCCCCC)C(=O)N[*],5.9457
[*]Nc1ccc(-c2ccc(NC(=C(C#N)C#N)c3ccc(-c4ccc(C([*])=C(C#N)C#N)cc4)cc3)cc2)cc1,2.7741
[*]c1cccc([*])n1,3.8339
[*]C=C([*])C#N,0.838
[*]NNC(=O)C(=O)NNC(=O)CCCCCCCC([*])=O,4.4307
[*]CC(COCCCC)O[*],5.3487
[*]C=CC=CCC[*],4.3008
[*]CC([*])(C)C(=O)OCCCCCC,6.4509
[*]CCCNC(=O)C(OC)C(OC)C(=O)N[*],5.9354
[*]c1ccc(C(c2ccc(N3C(=O)c4ccc(-c5ccc6c(c5)C(=O)N([*])C6=O)cc4C3=O)cc2)(C(F)(F)F)C(F)(F)F)cc1,3.3278
[*]C(=O)Nc1ccc(NC(=O)c2ccc(NC(=O)c3ccc(-c4nc5cc([*])ccc5[nH]4)cc3)cc2)cc1,2.7114
[*]Cc1ccc(COC(=O)CCCCCCCCCCCCCCCCCCC(=O)O[*])cc1,5.5452
[*]c1ccc(Oc2ccc(-n3c(=O)c4cc5c(=O)n([*])c(=O)c5cc4c3=O)cc2Br)c(Br)c1,2.4917
[*]C=Cc1cc(CCCCCCCCCC)c(C=Cc2ccc([*])cc2)cc1CCCCCCCCCC,3.3187
[*]CCOC(=O)Nc1cccc(NC(=O)O[*])c1,5.098
[*]C=NN=Cc1cc(CCCCCCCCCCCC)c([*])s1,1.846
[*]c1ccc2c(c1)Cc1cc(N3C(=O)c4ccc(-c5ccc6c(c5)C(=O)N([*])C6=O)cc4C3=O)ccc1-2,2.6588
[*]CCCCCCNC(=O)CCCCCC(=O)N[*],5.936
[*]C=CC(C)CCCCCCCCC[*],5.8829
[*]C=CC1CC([*])C2CCCC12,5.6651
[*]c1cc([*])c(O)c(C=Nc2ccc(C(=O)O)cc2)c1,2.8212
[*]CC(CC)(C(=O)O[*])c1ccccc1,5.327
[*]c1cccc(-c2nnc(-c3nnc([*])o3)o2)c1,4.3431
[*]CCN([*])C(=O)c1c(F)cc(F)cc1F,4.6328
[*]NC(CCC(=O)OC)C([*])=O,5.9283
[*]CC([*])C(=O)OCCO,6.417
[*]CC([*])C(=O)OC1CCCCC1,6.0771
[*]c1ccc(-c2ccc(-c3ccc(-c4ccc([*])n4CCCCCCCCCCCC)s3)s2)s1,2.1465
[*]CCCCOC(=O)NC1CCC(CC2CCC(NC(=O)O[*])CC2)CC1,6.1232
[*]C=Cc1ccc([*])c2sccc12,2.1967
[*]CC([*])(C)C(=O)OCc1ccc(Cl)cc1Cl,4.8651
[*]Oc1ccc(C(c2ccc(OC(=O)c3cccc(C([*])=O)c3)cc2)C(Cl)(Cl)Cl)cc1,3.8681
[*]Nc1cc2cccc3c([*])cc4cccc1c4c23,2.4353
[*]NC(=O)NC(=O)[*],3.9005
[*]CCCOCCCOC(=O)CCCCCCCCC(=O)O[*],6.4909
[*]C1CC2C3CC4C(C3[*])C24C1,5.9559
[*]CC(C)(C)COC(=O)O[*],7.3547
[*]CC([*])C(=O)CC,5.6211
[*]C(=O)C(C=C1)=CC=C1C(S2)=CC=C2C(S3)=CC=C3[*],2.7359
[*]C(=O)CCCCCCCCC(=O)N1CCN([*])CC1,5.5924
[*]OS(=O)(=O)c1cc(C)c([*])c(C)c1,4.7278
[*]OC(C)COC(=O)COCC([*])=O,6.2412
[*]CCCCCNC(=O)CCCCCCCCC(=O)N[*],5.6828
[*]CCCCCCCCCCCCc1nc2ccc(-c3ccc4nc([*])oc4c3)cc2o1,4.1955
[*]OC(CC)CC([*])=O,6.4081
[*]CCCCCCc1nc2cc(NC(=O)CCCCCCCCC(=O)Nc3ccc4oc([*])nc4c3)ccc2o1,4.6818
[*]C=C1CCCC(=Cc2ccc([*])cc2)C1=O,3.6567
[*]OC(=O)CCS(=O)(=O)CCS(=O)(=O)CCC([*])=O,6.2137
[*]C(C=C1)=CC=C1C(=O)NC(=O)[*],4.4505
[*]OC(CC)C([*])=O,6.3762
[*]C(OC(C)=O)=C(OC(C)=O)c1ccc([*])cc1,3.7517
[*]OC(=O)CCCCC([*])=O,6.1659
[*]c1ccc2nc([*])oc2c1,3.8571
[*]CC(=O)C(C=C1)=CC=C1C(S2)=CC=C2[*],3.5141
[*]C(=O)Nc1cccc(C#Cc2cccc(N3C(=O)c4ccc([*])cc4C3=O)c2)c1,2.8632
[*]NC(=O)C(S1)=CC=C1C(C=C2)=CC=C2[*],2.9223
[*]CCC(=O)C(C=C1)=CC=C1[*],4.5077
[*]CCCCCCNC(=O)CCP(=S)(CCC(=O)N[*])c1ccccc1,4.6741
[*]CCCCCCCCC([*])Cl,6.9974
[*]c1ccc(C(CCCCCCCC)c2ccc(-n3c(=O)c4cc5c(=O)n([*])c(=O)c5cc4c3=O)cc2)cc1,2.4696
[*]C(=O)Nc1ccc(C(=O)Nc2ccc(NC(=O)c3ccc4[nH]c(-c5cccc(-c6nc7cc([*])ccc7[nH]6)c5)nc4c3)cc2)cc1,2.9934
[*]Nc1ccc(NC(=O)CCCCCCC([*])=O)cc1,4.498
[*]c1cc(C(=O)CC)c([*])[nH]1,3.012
[*]Nc1ccc(NC(=O)CCCCC([*])=O)cc1,4.5219
[*]CC([*])c1ccc(F)cc1,2.0489
[*]NC(C=C1)=CC=C1C(S2)=CC=C2C(C=C3)=CC=C3[*],2.7767
[*]C=C([*])F,0.8441
[*]c1ccc2ccc3c([*])cc(C#CC#C[Si](C)(C)C)c4ccc1c2c34,2.225
[*]Oc1ccc(OC(=O)c2ccc(OCCCCCCCCCCOc3ccc(C([*])=O)cc3)cc2)cc1S(=O)(=O)c1ccccc1,4.4922
[*]C=CC1CC([*])C(C(=O)OCCNC(C)(C)C)C1,5.2249
[*]CCOCCOC(=O)c1cccc(C(=O)O[*])c1,4.8122
[*]c1ccc(-c2ccc3[nH]c(-c4nc5cc([*])ccc5[nH]4)nc3c2)cc1,3.3322
[*]CCCCCCCCCCCCCCCCOC(=O)NCc1ccc(CNC(=O)O[*])cc1,5.353
[*]OCCOCCOc1cc([*])nc2ccc(C)cc12,4.1994
[*]CCC(S1)=CC=C1C(=S)[*],2.6244
[*]CC([*])(C#N)C(=O)OCCCCCCC,6.3455
[*]CCCCCCN(CC)C(=O)CCCCCCCCCCC(=O)N([*])CC,5.6468
[*]C=NCCCCCCN=Cc1ccc(Sc2ccc([*])o2)o1,3.6661
[*]C1CC([*])OC(O)O1,6.5343
[*]CCCCOC(=O)C(OC)C(OC)C(=O)O[*],6.1422
[*]c1ccc(S(=O)(=O)c2ccc(-n3nc(-c4ccc(Oc5ccc(-c6nn([*])c(=O)c7ccccc67)cc5)cc4)c4ccccc4c3=O)cc2)cc1,3.5201
[*]Nc1ccc(C(C)(C)c2ccc(NC(=O)c3cc(C([*])=O)cc(N4C(=O)C5C6CCC(C6)C5C4=O)c3)cc2)cc1,4.0843
[*]N=Cc1ccc(C=Nc2sc([*])c(C#N)c2C#N)cc1,1.5066
[*]NC(c1ccccc1)C(C)(C)C([*])=O,5.5513
[*]Cc1ccc(C[n+]2ccc(-c3cc[n+]([*])cc3)cc2)cc1,2.0993
[*]Oc1ccc(NC(=C(C#N)C#N)c2ccc(-c3ccc(-c4ccc(C(Nc5ccc([*])cc5)=C(C#N)C#N)cc4)cc3)cc2)cc1,3.7835
[*]CC(=O)NCCCCCCNC(=O)COC(=O)CCCCCCC(=O)O[*],5.9354
[*]CCCCCCCCNC(=O)CCCCCCCCCCCCC(=O)N[*],5.9612
[*]c1cc(-c2ccc(OCCCCCCCC)cc2)c([*])s1,2.6404
[*]CC(C=C1)=CC=C1C(C=C2)=CC=C2C(=S)[*],2.9595
[*]CC([*])CO,6.2929
[*]CNC(=O)NCOC(=O)Nc1ccc(C)c(NC(=O)O[*])c1,5.273
[*]Oc1ccc(C(C)(C)c2ccc(OC([*])=O)c(C)c2)cc1C,5.0684
[*]C(=O)N([*])CC,6.052
[*]CC([*])(F)C(=O)OC,6.8022
[*]CCCCCCCCCCCCCCCCCCOCO[*],6.7236
[*]CCCCCOC(=O)NCCSCCCCCCSCCNC(=O)O[*],5.1243
[*]c1ccc(-c2ccc(-c3cc(-c4ccc(Oc5ccc(-c6cc([*])nc7ccccc67)cc5)cc4)c4ccccc4n3)cc2)cc1,3.4086
[*]CCCCCC(=O)NCCOC(=O)CCCCC(=O)O[*],6.3289
[*]C(=O)OC(S1)=CC=C1O[*],4.2235
[*]c1ccc(-c2ccc3nc4oc5cc6[nH]c7nc8cc([*])ccc8nc7nc-6[nH]c=5n-4ccc3c2)cc1,1.9579
[*]OC(=O)c1ccc(C(=O)Oc2ccc3c(c2)Oc2cc([*])ccc2C32c3ccccc3-c3ccccc32)cc1,3.1167
[*]C(=O)Oc1ccc(OC(=O)c2ccc3c(c2)C(=O)N(c2ccc(Oc4ccc(N5C(=O)c6ccc([*])cc6C5=O)cc4)cc2)C3=O)cc1,2.5383
[*]c1ccc(C(=O)c2cccc(-n3c(=O)c4cc5c(=O)n([*])c(=O)c5cc4c3=O)c2)cc1,3.1782
[*]c1ccc(-c2nnc([*])o2)cc1,3.0775
[*]Oc1ccc(N=CNc2ccc([*])cc2)cc1,3.7365
[*]C(F)(F)C(F)(F)NC(=S)[*],3.3248
[*]C(=O)NCCCCCCNC(=O)c1cncc([*])c1,4.9388
[*]CCCCCCCCCOC(=O)c1ccc2cc(C(=O)O[*])ccc2c1,3.7681
[*]COC(=O)OCC1OC(C)(C)OC1[*],6.6512
[*]CCOC(=O)O[*],7.5976
[*]CC([*])C(=O)Oc1cccc(C)c1,4.8262
[*]c1cccc(-c2nnc([*])o2)c1,4.1016
[*]CCOCCOCCOC(=O)NCCCCCCNC(=O)O[*],6.2098
[*]c1cc(C=O)cc([*])c1O,4.1592
[*]Oc1ccc2c(c1)C(=O)N(Oc1ccc(C(N3C(=O)CC([*])C3=O)(C(F)(F)F)C(F)(F)F)cc1)C2=O,3.5205
[*]C=CCCCCCC[*],5.8437
[*]C(=O)Nc1ccc(-c2ccc(NC(=O)c3ccc4c(c3)C(=O)N(c3ccc(S(=O)(=O)c5ccc(N6C(=O)c7ccc([*])cc7C6=O)cc5)cc3)C4=O)cc2)cc1,2.4779
[*]NC1CC(CCC([*])=O)C1(C)C,5.7546
[*]CC([*])C(=O)OCCSCC#N,5.2595
[*]Oc1ccc(P(C)(=O)c2ccc([*])cc2)cc1,4.6884
[*]CC([*])(Cl)C(=O)OCC,6.3834
[*]CCCCCCC(=O)NCCCCCCNC(=O)CCCCCCO[*],5.7692
[*]ON(C(F)(F)C([*])(F)F)C(F)(F)C(F)(F)Br,6.7014
[*]C(=O)NOCCCCO[*],6.9613
[*]CCCCCCOC(=O)OCCCCCCOC(=O)OCCCCCCOc1ccc(Oc2ccc(O[*])cc2)cc1,4.3261
[*]Oc1ccc(C(C)(C)c2ccc(OC([*])=O)c(Cl)c2)cc1,5.0408
[*]CCCCCOC(=O)NCC(F)(F)C(F)(F)C(F)(F)C(F)(F)CNC(=O)O[*],6.5795
[*]Cc1ccc(CNC(=O)c2cccc(C(=O)N[*])c2)cc1,4.6753
[*]c1cccc(-c2nc3cc(-c4ccc5oc([*])nc5c4)ccc3o2)c1,3.5152
[*]CCCCCCCCCCC(=O)N[*],6.0098
[*]CC(=O)C(C)C([*])c1ccc(O)c2ncccc12,3.5354
[*]NC(C=C1)=CC=C1C(=O)C(S2)=CC=C2[*],2.9895
[*]CC(O[*])C(C)C,5.7752
[*]C(=O)SSCCCCCCSSC(=O)N1CCN([*])CC1,4.64
[*]CCCCCCC(=O)NCCCCCOCCCCCNC(=O)CCCCO[*],5.8614
[*]Oc1ccc(C2(c3ccc(OC([*])=O)cc3)CCCCCC2)cc1,4.9619
[*]CNC(=O)CCCCC(=O)N[*],6.0289
[*]Nc1cnc([*])c(O)c1,3.3471
[*]c1ccc(C)c(N2C(=O)c3ccc(S(=O)(=O)c4ccc5c(c4)C(=O)N([*])C5=O)cc3C2=O)c1,3.2404
[*]CCCCCNC(=O)N[*],5.6754
[*]Oc1ccc(NC(=O)c2cccc(C(=O)Nc3ccc(Oc4ccc(C5(c6ccc([*])cc6)C6CC7CC(C6)CC5C7)cc4)cc3)c2)cc1,3.8847
[*]CCC(F)(F)C([*])(F)Cl,7.738
[*]CCCCCCCCCCCNC(=O)CCCCC(=O)N[*],6.1376
[*]CC(C=C1)=CC=C1C(=S)C(C=C2)=CC=C2[*],2.7965
[*]Oc1cccc(Oc2cccc([*])n2)c1,4.536
[*]CC(C)(C)COC(=O)CCCCC(=O)O[*],6.692
[*]CC([*])c1cccs1,1.7879
[*]CC([*])OC(=O)OCC(Cl)(Cl)Cl,6.5923
[*]C=C([*])C(C)=O,3.9542
[*]c1ccc(S(=O)(=O)c2ccc(-n3nc(-c4ccccc4)c4ccc(Oc5ccc6c(-c7ccccc7)nn([*])c(=O)c6c5)cc4c3=O)cc2)cc1,3.4595
[*]c1ccc(-c2ccc(N3C(=O)c4ccc(Oc5ccc6c(c5)C(=O)N([*])C6=O)cc4C3=O)cc2C)c(C)c1,3.2926
[*]CNC(=O)CCCCCCCCCCC(=O)N[*],6.1331
[*]CNCC(C=C1)=CC=C1[*],4.958
[*]C(OC(F)(F)F)C([*])(F)F,8.5308
[*]OC(=O)CCc1ccc(CCC([*])=O)cc1,5.0434
[*]C=C([*])CNS(=O)(=O)Cc1ccccc1,3.9211
[*]CCOC(=O)CCCCCC(=O)O[*],6.8822
[*]c1ccc(-c2nnc(-c3nnc([*])o3)o2)cc1,2.9171
[*]CCCCCCCCCCCCCCCCCCNC(=O)CCCCCCCCCCC(=O)N[*],5.6172
[*]CCCCCCCCCCCC(=O)NCC(=O)N[*],6.1662
[*]c1ccc([*])[nH]1,2.4594
[*]CC([*])OCC(=O)OC,5.3903
[*]OC(C)CCC(C)OC(=O)CCCCC([*])=O,6.4506
[*]Nc1cc(NC(=O)c2ccc(-c3ccc(C([*])=O)cc3)cc2)cc(C(=O)OCCOc2ccc(C=CC(=O)c3ccccc3)cc2)c1,3.5149
[*]CCCOC(=O)CCCCCCCCCCC(=O)O[*],6.5126
[*]Oc1c(Cl)cc([*])cc1Cl,4.3426
[*]NNC(=O)c1cccc(C(=O)NNC(=S)c2cccc(C([*])=S)c2)c1,3.2068
[*]CCCCCCCCCCNC(=O)CCCCCCCCCCCCC(=O)N[*],5.8204
[*]C=Cc1ccc(C=Cc2cc([*])ncn2)cc1,2.9779
[*]Oc1ccc(C(CC)(c2ccccc2)c2ccc(OC([*])=S)cc2)cc1,4.1012
[*]C=CC1CC([*])C2C(=O)N(c3ccccc3C)C(=O)C12,4.5629
[*]OC(=O)C=CC(=O)OC1COC2C([*])COC12,4.1943
[*]CNC(=O)CCCCCC(=O)N[*],5.7012
[*]C(=O)NC(=O)CNC(=O)ON[*],5.7289
[*]C(=O)OCCOC(=O)N1CCN([*])CC1,5.8752
[*]CC([*])Cl,7.0905
[*]Nc1ccc(-c2ccc(NC(=O)c3cccc(C([*])=O)c3)c(S)c2)cc1S,3.6358
[*]CC([*])c1ccc(C)c(C)c1,4.4861
[*]CCCCCCOC(=O)CCC(=O)O[*],6.7086
[*]c1ccc(-c2cnc3cc(-c4ccc5nc([*])cnc5c4)ccc3n2)cc1,3.2178
[*]CC(=O)NCCCCCCNC(=O)Cc1ccc([*])s1,4.7548
[*]Oc1cc(OC(=O)c2ccc(OCCCC)cc2)c(OC(=O)CCCC([*])=O)cc1OC(=O)c1ccc(OCCCC)cc1,4.3317
[*]c1ccc([*])c(O)c1,5.0734
[*]CC([*])Br,6.0567
[*]CCCCCCNC(=O)CC(=O)N[*],5.7541
[*]CC(O)CO[*],6.5192
[*]CCCCNC(=O)CCCCCCCCCCCCCCC(=O)N[*],6.0415
[*]c1ccc([*])c(OC)c1N,4.71
[*]CCCCCCCCCNC(=O)NCCCCCCNC(=O)N[*],5.7131
[*]c1nc2cc3nc(-c4ccc([*])o4)[nH]c3cc2[nH]1,2.2261
[*]NC(CCC(=O)OCCC)C([*])=O,5.8843
[*]CCCCCCCCCCCCCCOC(=O)CCCCC(=O)O[*],6.651
[*]CCCCCC([*])C,7.1803
[*]Nc1c(Cl)cc([*])cc1Cl,4.3983
[*]C(=O)NCCCCCCNC(=O)c1cc(O)cc([*])n1,4.8984
[*]CCCCOC(=O)NCCSCCSCCNC(=O)O[*],5.7445
[*]Nc1cc(NC(=O)c2ccc(C([*])=O)cc2)cc(C(=O)OCCOc2ccc(C=CC(=O)c3ccccc3)cc2)c1,3.1709
[*]OC1CCC(OC(=O)CCC([*])=O)CC1,6.4253
[*]C(=O)c1ccc2c(c1)C(=O)N(c1cccc(C(=O)N(C)c3ccc(N4C(=O)c5ccc([*])cc5C4=O)cc3)c1)C2=O,2.3447
[*]C(=O)Nc1cccc(C=CC(=O)C=Cc2cccc(NC(=O)c3ccc(N4C(=O)c5ccc([*])cc5C4=O)cc3)c2)c1,3.0227
[*]c1nc(C)nc(N(CCCCN([*])c2ccccc2)c2ccccc2)n1,3.7879
[*]C(=O)c1ccc2nc(-c3ccc(-c4cnc5cc([*])ccc5n4)cc3)cnc2c1,3.0578
[*]C(C)C([*])O,6.0639
[*]c1cccc(-c2nc3cc(-c4ccc5nc([*])c(-c6ccccc6)nc5c4)ccc3nc2-c2ccccc2)c1,3.3649
[*]c3ccc(Oc2ccc(n1c(=O)c(=O)n([*])c1=O)cc2)cc3,3.1876
[*]CC(C=C1)=CC=C1NC(S2)=CC=C2[*],4.4366
[*]CC(O)COc1ccc(C(C)(C)c2ccc(OCC(O)COc3ccc(S(=O)(=O)c4ccc(O[*])cc4)cc3)cc2)cc1,4.067
[*]CC([*])(C)C(=O)OCCCCn1c2ccccc2c2ccccc21,3.7637
[*]CNC(=O)NCOC(=O)NCCCCCCNC(=O)O[*],6.3471
[*]C=CC(C)=CC=CC=C(C)C=Cc1nc(-c2csc([*])n2)cs1,2.6128
[*]OC(=O)OCCOCCOCCOCCOC(=O)OC1COC2C([*])COC12,6.2534
[*]Nc1ccc(NC(=O)c2cc(SCCCCCCCC)c(C([*])=O)cc2SCCCCCCCC)cc1,2.9501
[*]CC(=O)Nc1ccc(Cc2ccc(NC(=O)CN3C(=O)c4ccc(C(=O)c5ccc6c(c5)C(=O)N([*])C6=O)cc4C3=O)cc2)cc1,2.3456
[*]c1cccc(C(=O)Nc2ccc(NC(=O)c3cccc(N4C(=O)c5ccc(-c6cccc7c6C(=O)N([*])C7=O)cc5C4=O)c3)cc2)c1,2.3122
[*]c1ccc(Oc2cc(C(C)(C)C)ccc2Oc2ccc(-n3c(=O)c4cc5c(=O)n([*])c(=O)c5cc4c3=O)cc2)cc1,2.2831
[*]C(=O)c1ccc2c(c1)C(=O)N(c1cccc(C(c3ccccc3)(c3cccc(N4C(=O)c5ccc([*])cc5C4=O)c3)C(F)(F)F)c1)C2=O,2.9326
[*]CCCCCC(=O)O[*],6.6614
[*]Oc1ccc(C(c2ccc(OC(=O)c3ccc(OCCCCCCCCCCOc4ccc(C([*])=O)cc4)cc3)cc2)(C(F)(F)F)C(F)(F)F)cc1,4.4545
[*]CC(=S)C(S1)=CC=C1O[*],2.8161
[*]CCCCCCNC(=O)CCCCCCCC(=O)N[*],5.6457
[*]CC(=O)C(=S)O[*],3.8359
[*]c1ccc(-c2ccc(-c3nc(-c4ccc(-c5csc([*])n5)cc4)cs3)cc2)cc1,2.9481
[*]OC1CCCCC1[*],5.1513
[*]CCCCCCCCNC(=O)CCCCCCCCCCC(=O)N[*],5.8323
[*]CCCCCCCCCCc1nnc([*])n1N,5.6319
[*]c1cc(-c2ccc(OCCCCCC)cc2)c([*])s1,2.6448
[*]Oc1cccc(C(=O)Nc2ccc(S(=O)(=O)c3ccc(NC(=O)c4cccc(Oc5nc([*])nc(Sc6ccccc6)n5)c4)cc3)cc2)c1,3.9202
[*]Oc1ccc(P(=O)(c2ccccc2)c2ccc([*])cc2)cc1,4.8858
[*]C(=O)C1CC1C(=O)N1CCN([*])CC1,5.7206
[*]OC1C(O)C([*])OC(CO)C1O,6.8487
[*]c1cc(C(C(=O)OC)C(=O)OC)c([*])s1,2.7717
[*]CCCCCNC(=O)O[*],6.3761
[*]Oc1cccc(OC(=O)c2cccc(C([*])=O)c2)c1,4.1279
[*]C1=CC2=NC([*])=CC2=N1,1.3051
[*]C=CC(=C(C)C)C([*])=C(C)C,3.4443
[*]CC([*])OC(C)=O,6.8523
[*]CC(=S)NO[*],3.435
[*]Nc1ccc(NC(=O)CCCCCCCCC([*])=O)cc1,4.5375
[*]CCCCCCNC(=O)C(CCCCCCCCCCCCCCCC)C(=O)N[*],6.0328
[*]c1ccc(-n2c(=O)c3cc4c(=O)n([*])c(=O)c4cc3c2=O)c(CP(=O)(OCC)OCC)c1,2.9894
[*]COC(=O)NCCCCCCNC(=O)OCc1cccc([*])n1,5.1146
[*]CC(S1)=CC=C1C(S2)=CC=C2C(S3)=CC=C3[*],3.0602
[*]CCCC(=O)O[*],6.7691
[*]NC(C)C(=O)NCCCC([*])=O,5.7766
[*]c1cc(C)c([*])s1,1.9299
[*]CC(C)(C)COC(=O)CCCCCCC(=O)O[*],6.7281
[*]c8ccc(C7(c5ccc(n4c(=O)c3ccc(Oc2ccc1c(=O)n([*])c(=O)c1c2)cc3c4=O)cc5)OC(=O)c6ccccc67)cc8,3.3847
[*]C1=C(CCCCCC)C(CCCCCC)=C(c2sc(-c3sc([*])c4c3OCCO4)c3c2OCCO3)S1(=O)=O,1.3792
[*]CC([*])(Cl)C#N,6.5592
[*]c1cc(CCCc2ccccc2)c([*])s1,2.4481
[*]CNC(=S)C(C=C1)=CC=C1[*],3.4579
[*]CC([*])c1ccc(CCCCCC)cc1,4.9872
[*]=CC2CC(C=[*])C3CN(c1cc(C(F)(F)F)cc(C(F)(F)F)c1)CC23,4.3204
[*]CCCCC(=O)O[*],6.623
[*]CC(F)(F)C(F)(F)COC(=O)NCC(F)(F)C(F)(F)C(F)(F)C(F)(F)CNC(=O)O[*],7.202
[*]CCOCCOC(=O)NCCCCCCNC(=O)O[*],6.0376
[*]CNC(=O)OC(c1ccco1)C(OC(=O)NCc1ccc(C(C)(C)c2ccc([*])o2)o1)c1ccco1,4.7926
[*]CC(C=C1)=CC=C1OC(=S)[*],4.0372
O([*])c1ccc(cc1)C(=O)Nc1ccc(cc1)S(=O)(=O)c1ccc(cc1)NC(=O)c1ccc(cc1)([*]),3.8301
[*]OC(=O)CCCCCCCCCCCCCCCCC([*])=O,6.1592
[*]CC([*])c1cc[n+](CCCC)cc1,0.5958
[*]CC([*])C(=O)Oc1ccc(OC)cc1,4.4447
[*]CCCCCCc1nnc([*])n1N,5.4103
[*]CC([*])OCCCCCCCCCCCC,5.4919
[*]CNC(C=C1)=CC=C1O[*],4.3424
[*]c1cc(CC(=O)Cl)c([*])s1,2.8053
[*]NC(S1)=CC=C1C(=S)C(S2)=CC=C2[*],1.6616
[*]C(=O)CNC(=O)C1CCCN1C(=O)C1CCCN1[*],5.248
[*]c1ccc(-c2cnc3ccc(-c4ccc5nc([*])cnc5c4)cc3n2)cc1,3.3633
[*]Oc1ccc(NC(=O)Nc2ccc(Cc3ccc(NC([*])=O)cc3)cc2)cc1C,4.2557
[*]CC(C=C1)=CC=C1CC(S2)=CC=C2[*],4.5782
[*]Nc1cc(OCC)c([*])cc1OCC,3.3635
[*]C(=O)NNC(=O)c1ccc(C(=O)NNC(=O)c2ccc([*])nc2)s1,3.3177
[*]CCc1ccc(Cc2ccc(CCS[*])cc2)cc1,4.9003
[*]OC1CCC(C2CCC(OC(=O)CCCCCCCCCC([*])=O)CC2)CC1,6.4908
[*]C(=O)c1ccc2c(c1)C(=O)N(c1cccc(Nc3ncnc(Nc4cccc(N5C(=O)c6ccc([*])cc6C5=O)c4)n3)c1)C2=O,2.4957
[*]CCOCCOCCOc1ccc(C=C(C)c2ccc(O[*])cc2)cc1,3.8885
[*]c1ccc(-c2ccc([*])n2C#Cc2ccc(CCCCCC)cc2)s1,2.5339
[*]CC=CCOC(=O)CCCCCCCCC(=O)O[*],6.002
[*]C1C(=O)OC(=O)C1C1C2CC(C(=O)OC3CCCCC3)C(C2)C1[*],6.0803
[*]Oc1ccc(C(=O)Nc2ccc(SCCC([*])=O)cc2)cc1,3.9873
[*]CCOC(=O)c1ccc(O[*])cc1C,4.5424
[*]CC([*])(C#N)C(=O)OCC,6.5171
[*]CC([*])c1cc(Br)ccc1OC(C)C,4.6199
[*]Nc1cc(C)c([*])cc1C,3.9275
[*]NC(S1)=CC=C1C(C=C2)=CC=C2C(S3)=CC=C3[*],2.5627
[*]c1ccc2c(c1)Cc1cc([*])ccc1-2,3.7772
[*]C(=O)Nc1cc(NC(=O)c2ccc3[nH]c(-c4cccc(-c5nc6cc([*])ccc6[nH]5)c4)nc3c2)cc(-c2nc3ccccc3[nH]2)c1,3.2918
[*]NC(S1)=CC=C1C(=S)C(C=C2)=CC=C2[*],2.3153
[*]CC1(CO[*])CC=CCC1,5.5732
[*]C(F)(F)C(C=C1)=CC=C1C(F)(F)C(S2)=CC=C2[*],4.7168
[*]c1ccc(-c2cc(CCCCCCCCCCCC)c([*])s2)s1,1.5458
[*]CCC(C)O[Si](C)(C)O[*],6.1806
[*]Oc1ccc(CC(NC(=O)Cc2ccc(OC(=O)CC(C)CCC([*])=O)cc2)C(=O)OCCCCCCCC)cc1,5.2951
[*]OC1CCC(OC(=O)OCCCCOC([*])=O)CC1,7.0064
[*]CC(COc1c(Cl)cc(Cl)cc1Cl)O[*],4.5851
[*]CC([*])c1cccc(C)c1,5.185
[*]Oc1ccc(-c2ccc(Oc3cccc([*])n3)cc2)cc1,4.055
[*]CCCCCCCCCOCO[*],6.4692
[*]CC([*])O,6.3648
[*]CC([*])C(N)=O,6.3386
[*]c1ccc(Oc2ccc(S(=O)(=O)c3ccc(Oc4ccc(-c5c6c(c([*])c7ccccc57)C(=O)N(c5ccccc5)C6=O)cc4)cc3)cc2)cc1,3.4421
[*]OC(=O)Oc1ccc(OC(=O)OC2CC3CC([*])CC(C2)O3)cc1,5.6192
[*]C=CC1CC([*])C2C(=O)N(CCCCCCCC)C(=O)C12,5.4744
[*]Oc1ccc(C(C)(C)c2ccc(OC(=O)OCCN(CCOC([*])=O)c3ccc(OC)cc3)cc2)cc1,4.212
[*]CC(C)C=C([*])C,5.1994
[*]c1cc(-c2ccc(F)cc2)c([*])s1,2.6765
[*]C(=O)Nc1ccc(NC(=O)c2ccc3c(c2)C(=O)N(c2ccc(Oc4ccc(N5C(=O)c6ccc([*])cc6C5=O)cc4)cc2)C3=O)cc1,2.6514
[*]CC([*])(F)C(=O)OCC(F)(F)C(F)(F)C(F)(F)C(F)(F)C(F)(F)C(F)(F)C(F)(F)C(F)(F)F,6.7134
[*]CC(C1=CC=CC=C1)CC(C2=CC=CC=C2)CC(C3=CC=CC=C3)CC(C4=CC=CC=C4)[*],5.2025
[*]C(=O)c1ccc2c(c1)C(=O)n1c-2nc2ccc(-c3ccc4c(c3)nc3n4C(=O)c4ccc([*])cc4-3)cc21,2.4234
[*]Nc1ccc(C2(c3ccc(NC(=O)c4ccc(C([*])=O)cc4)cc3)c3ccccc3-c3ccccc32)cc1,3.2149
[*]Nc1ccc([*])cc1Cl,4.3667
[*]C=C([*])c1ccc(N)cc1,0.2588
[*]CCCCCCCCCCN(C)C(=O)CCCCCCCCC(=O)N([*])C,5.5704
[*]c1ccc(-c2ccc(N3C(=O)c4ccc(-c5cccc6c5C(=O)N([*])C6=O)cc4C3=O)c(C)c2)cc1C,2.9133
[*]Oc1ccc(C(=O)Nc2cc(NC(=O)c3ccc([*])cc3)cc(-c3nc4ccccc4[nH]3)c2)cc1,3.5407
[*]NC(C=C1)=CC=C1NO[*],3.151
[*]CC(=O)NCCCCCCNC(=O)COc1ccc(O[*])cc1,4.6023
[*]CCCCC(Cl)(Cl)C(=O)N[*],5.9727
[*]C(=O)Nc1ccc(C2(c3ccc(N4C(=O)c5ccc([*])cc5C4=O)cc3)CCCCC2)cc1,2.8477
[*]CCCNC(=O)CCCCC(=O)NCCCO[*],5.8321
[*]CC(=O)C(S1)=CC=C1C(=O)[*],4.0034
[*]CC1CCC(COC(=O)C(=O)O[*])CC1,5.4765
[*]OC1=CC(=O)C([*])=CC1=O,3.1359
[*]c1ccc2cc([*])n(C(C(=O)OCC)n3ccc4ccccc43)c2c1,4.2748
[*]C(=O)Nc1nc([*])c(C#N)n1C,4.3854
[*]Oc1ccc(C(C)(C)c2ccc(OC([*])=O)c(Cl)c2)cc1C,5.1208
[*]c1cccc(-c2nc3ccc(-c4ccc5oc([*])nc5c4)cc3o2)c1,3.5292
[*]C=Nc1ccc(N=Cc2ccc(-c3ccc([*])o3)o2)cc1,1.9396
[*]C=Cc1cc(OCCCCCC)c([*])cc1OC,2.3505
[*]Nc1ccc(NC(=S)NC(=O)c2cccc(C(=O)NC([*])=S)c2)cc1,3.3129
[*]CCCCCCCCCCOC(=O)CCCCCCCCC(=O)O[*],6.7107
[*]NC(CCCCNC(=O)NCCNC([*])=O)C(=O)OC,5.4494
[*]CCCCCCCCC(=O)NCCCCCCNC(=O)CCCO[*],5.9837
[*]OC(C=C1)=CC=C1C(=O)C(S2)=CC=C2C(=O)NOC(=O)[*],3.9191
[*]OC(=O)OCCCCCCCCCCOC(=O)OC1COC2C([*])COC12,6.8143
[*]C1=CC2=CC([*])=NC2=N1,1.0627
[*]OC(=O)Oc1ccc(C(=O)Oc2ccc(OC(=O)OC3COC4C([*])COC34)cc2)cc1,4.4189
[*]CC(=S)OC(=S)[*],3.3702
[*]OC(C)COC(=O)CCCCCC([*])=O,6.6845
[*]C1C=C(C)C([*])S1,5.0392
[*]c1cccc(-c2nnc(-c3cccc(-c4nnc([*])o4)n3)o2)c1,3.6938
[*]CCCCNC(=O)CCCCCCCC(=O)NCCCCNC(=O)C(=O)N[*],5.3591
[*]C(=O)COCCOCC(=O)N1CCN([*])CC1,5.6095
[*]c1ccc([*])n1CC(=O)NO,2.9276
[*]CC(C)(C)COC(=O)Nc1ccc(Cc2ccc(NC(=O)O[*])c(C)c2)cc1C,4.5157
[*]CC([*])(C)C(=O)Nc1cccc(-c2nnc(-c3ccccc3)o2)c1,3.5944
[*]CCC=C([*])Cl,5.461
[*]CCCCCOC(=O)C(=O)O[*],5.5658
[*]NC(=O)C=CC(=O)Nc1nc([*])nc(N)n1,3.896
[*]CCC(=O)C(=S)[*],3.2378
[*]OC1CCC(OC(=O)CCCCCCC([*])=O)CC1,6.6443
[*]CC(CC(C)(C)C)O[*],5.3855
[*]c1cc(-c2nc3ccccc3o2)cc(-n2c(=O)c3cc4c(=O)n([*])c(=O)c4cc3c2=O)c1,2.4745
[*]CC1CC1COC(=O)NCCCCCCNC(=O)O[*],6.2321
[*]CCCOC(=O)c1cccc(C(=O)O[*])c1,5.151
[*]CCCCCCCNC(=O)C(OC)C(OC)C(=O)N[*],5.7148
[*]CCCCCCOC(=O)CCCCCCCCC(=O)O[*],6.8548
[*]CCOC(=O)NCCCCCCNC(=O)O[*],6.1814
[*]CC1CCC(CNC(=O)CCCCCCC(=O)N[*])CC1,5.8707
[*]C(=O)C(S1)=CC=C1C(S2)=CC=C2O[*],2.6473
[*]OC(=O)c1ccc(CCCc2ccc(C([*])=O)cc2)cc1,4.5456
[*]CCCN([*])C=O,5.9715
[*]CC(=O)NC(=O)[*],4.269
[*]c1ccc([*])s1,1.6203
[*]OC(=O)c1ccc(CCCCc2ccc(C([*])=O)cc2)cc1,4.8401
[*]Oc1ccc(C(CCCC)(CCCC)c2ccc(OC([*])=O)cc2)cc1,4.9969
[*]CC(C1=CC=CC=N1)CC(C2=CC=CC=N2)CC(C3=CC=CC=N3)[*],5.3668
[*]CCCCCCCC(=O)OCC1COC([*])O1,6.6417
[*]C([2H])([2H])C([*])(C(=O)OC([2H])([2H])C([2H])([2H])[2H])C([2H])([2H])[2H],6.3862
[*]CC([*])N1CCCC1=S,4.1333
[*]c1ccc(-c2cc(CCCCCCCCCCC)c([*])s2)s1,1.5503
[*]CCCCCCCCCCCCCCC([*])Cl,7.2258
[*]CCN[Si](C)(C)N[*],4.8016
[*]c1ccc(C2(c3ccc(N4C(=O)c5ccc(-c6ccc7c(c6)C(=O)N([*])C7=O)cc5C4=O)cc3)c3ccccc3-c3ccccc32)cc1,2.7114
[*]C1(F)OC(C(F)(F)F)(C(F)(F)Cl)OC1([*])F,8.2297
[*]C=C([*])c1ccccc1C(F)(F)F,1.343
[*]CCCCCCOC(=O)CC=CCC(=O)O[*],5.811
[*]CCCCCCCCCCCCCCCCCCCCOC(=O)CC(=O)O[*],6.2688
[*]c1cccc(-c2nc3ccc(-c4ccc5nc([*])oc5c4)cc3o2)c1,3.2965
[*]c1[nH]c([*])c(CC(=O)OC)c1CC(=O)OC,3.2776
[*]Cc1c(C)c(C)c(CNC(=O)CCCCCC(C)CC(=O)N[*])c(C)c1C,5.3395
[*]CCOC(=O)NCCOCCOCCNC(=O)O[*],6.1403
[*]C(C=C1)=CC=C1C(C=C2)=CC=C2C(=S)O[*],3.2538
[*]CCCCCCCCCCC(=O)NCC(=O)N[*],6.0226
[*]c1ccc(-c2nc3ccc(-c4ccc5nc([*])c(-c6ccccc6)nc5c4)cc3nc2-c2ccccc2)cc1,3.1693
[*]Nc1cc(C(c2ccc(O)c(NC(=O)c3ccc(C([*])=O)cc3)c2)(C(F)(F)F)C(F)(F)F)ccc1O,3.6515
[*]C=CC(C)C([*])C(=O)OCC(C)C,5.4659
[*]c1ccc([*])nn1,3.3251
[*]CCCP(CCCNC(=O)C(=O)N[*])c1ccccc1,4.5841
[*]CC(CC([*])(C#N)C#N)c1ccc(CCl)cc1,5.4178
[*]Oc1c(C)cc(-c2cc(C)c(OC(=O)CCCCCC([*])=O)c(C)c2)cc1C,4.7241
[*]OC(=O)CSCCSCC([*])=O,4.3837
[*]OC(=O)CCCCCCCCC([*])=O,5.9944
[*]c1ccc(C(=O)c2ccc(C(=O)c3ccc(Oc4ccc(-c5nn([*])c(=O)c6ccccc56)c(F)c4)cc3)cc2)cc1,3.3441
[*]c1ccc(C(=O)Oc2ccc3ccc(OC(=O)c4ccc(N5C(=O)CC(SCCOCCSC6CC(=O)N([*])C6=O)C5=O)cc4)cc3c2)cc1,3.5935
[*]CCC[Si](C)(C)O[Si](C)(C)CCCn1c(=O)c2cc3c(=O)n([*])c(=O)c3cc2c1=O,3.5354
[*]c1cc(CCCS(=O)(=O)O)c([*])s1,3.3298
[*]/C=C\C(C#N)C[*],5.3057
[*]CNC(C=C1)=CC=C1N[*],4.0626
[*]c1ccc2ccc3c([*])cc(C#CC=C)c4ccc1c2c34,2.2865
[*]CCCCCCCCCCOC(=O)NNC(=O)CCCCCCCCC(=O)NNC(=O)O[*],5.6458
[*]CCOCCOCCOC(=O)CC(=O)O[*],5.6203
[*]C=Cc1cc([Si](C)(C)C)c([*])cc1[Si](C)(C)C,2.2084
[*]c1ccc([*])n1C(=O)OCC,2.3493
[*]OC(=O)c1ccc(C([*])=O)cc1,4.5736
[*]CC([*])OC(=O)CC1CCCC1,6.5327
[*]C(=O)c1ccc2c(c1)C(=O)N(c1ccc(OCCOCCOCCOc3ccc(N4C(=O)c5ccc([*])cc5C4=O)cc3)cc1)C2=O,2.5902
[*]CCOCCOCCOC(=O)CSC(=O)Nc1ccc(C)c(NC(=O)SCC(=O)O[*])c1,4.461
[*]c1ccc(Oc2ccc(P(=O)(c3ccccc3)c3ccc(Oc4ccc(-c5cc([*])[nH]n5)cc4)cc3)cc2)cc1,4.1018
[*]CC(CO)(CO)CO[*],5.7959
[*]NC(S1)=CC=C1C(S2)=CC=C2C(=O)[*],2.263
[*]c1cc(CCCCCCCCCC)c([*])s1,2.6027
[*]CCCCCCCCCCNCCCCCCN[*],5.4327
[*]c1ccc(-c2ccc(-c3sc([*])c4c3OCCO4)s2)s1,1.3916
[*]c1ccc(N2C(=O)c3ccc(C(=O)c4ccc5c(c4)C(=O)N(c4ccc6[nH]c([*])nc6c4)C5=O)cc3C2=O)cc1,2.4444
[*]C(=O)OC1CCC(OC(=O)N2CC(C)N([*])CC2C)CC1,5.8738
[*]C(C=C1)=CC=C1C(C=C2)=CC=C2C(C=C3)=CC=C3O[*],3.9661
[*]CC(CO[*])(CSCC)CSCC,4.7171
[*]C=NCCN=Cc1ccc(Sc2ccc([*])o2)o1,3.3427
[*]CCCCOC(=O)NCCCCNC(=O)O[*],6.3043
[*]NC(C)(CC)C([*])=O,5.7479
[*]CC(C)(C)COC(=O)NCCCC(CCNC(=O)O[*])OC,6.1723
[*]C1C2CC(=CC)C(C2)C1[*],5.1841
[*]C=CC1=C(O)C(O)=C([*])C1,1.3796
[*]CCCCCOC(=O)c1cccc(C(=O)O[*])c1,5.0521
[*]Oc7ccc(C6(c3ccc(OC(=O)c2ccc(S(=O)(=O)c1ccc(C([*])=O)cc1)cc2)cc3)c4ccccc4c5ccccc56)cc7,3.1108
[*]OC1CCC(OC(=O)OCCCCCCCOC([*])=O)CC1,7.2009
[*]CCCCCCOCC1(CO[*])CC1,5.9199
[*]CC(O)COC(=O)CCCCC(=O)OCC(O)COc1ccc(O[*])cc1,5.0285
[*]c1ccc([*])n1CCC(=O)OC(C)C(=O)OCC,2.0885
[*]CCCC(C)O[Si](C)(C)O[*],6.2127
[*]c1ccc(C2C(c3ccccn3)C([*])C2c2ccccn2)cc1,4.1962
[*]NC(C=C)CC([*])=O,5.5439
[*]CC([*])C(=O)OCCCOc1ccc(-c2ccc(C#N)cc2)cc1,3.6528
[*]c1ccc(C(=O)c2ccc(-n3c(=O)c4cc5c(=O)n([*])c(=O)c5cc4c3=O)cc2)cc1,2.9955
[*]CCCCCOC(=O)c1ccc(C(=O)NCCCCCCNC(=O)c2ccc(C(=O)O[*])cc2)cc1,4.3426
[*]c1ccc(S(=O)(=O)c2ccc(N3C(=O)c4ccc(-c5ccc6c(c5)C(=O)N([*])C6=O)cc4C3=O)cc2)cc1,3.396
[*]OC(C)COC(=O)c1cccc(C([*])=O)c1,5.0391
[*]c1cc(C(=O)Oc2cccc3cccnc23)c([*])s1,2.8057
[*]c1ccc2cc([*])n(C(C(=O)NO)n3ccc4ccccc43)c2c1,3.8694
[*]c1cc([*])cc(-c2nc3ccccc3o2)c1,3.713
[*]C(=O)NC(=O)NCCCN[*],6.155
[*]OC(=O)c1ccc(C(=O)OC2COC3C([*])COC23)o1,4.3511
[*]CNC(S1)=CC=C1C(C=C2)=CC=C2[*],3.738
[*]NNC(=O)CCC(=O)NNC(=O)CCCCC([*])=O,5.7153
[*]CC(CCCC)(CCCC)C(=O)O[*],6.671
[*]c1sc(-c2sc(-c3sc([*])c4nccnc34)c3c2OC(CCCCCC)CO3)c2c1OCC(CCCCCC)O2,1.6167
[*]C(=O)c1ccc2c(c1)C(=O)N(c1ccc(Oc3cccc(N4C(=O)c5ccc([*])cc5C4=O)c3)cc1)C2=O,2.4357
[*]C=c1ccc(=c2ccc(=Cc3ccc(-c4ccc([*])s4)s3)s2)s1,0.8337
[*]Oc1ccc(NC(=O)c2cc(C(=O)Nc3ccc(Oc4ccc(C5(c6ccc([*])cc6)CC6CCC5C6)cc4)cc3)cc(C(C)(C)C)c2)cc1,3.5452
[*]CC([*])(F)C(=O)OCC(F)(F)C(F)(F)F,6.4706
[*]CC([*])C(=O)OC(OCC)C(F)(F)F,6.3353
[*]C(=O)N([*])CC=C,5.5128
[*]C(F)(F)C(=O)C(F)(F)C(=O)[*],4.4683
[*]Oc1c(OC)cc([*])cc1OC,4.2534
[*]CCOCCOCCOC(=O)C1CCC(C(=O)O[*])CC1,6.1079
[*]CCOC(=O)CCCCC(=O)O[*],6.7259
[*]NC(C=C1)=CC=C1C(C=C2)=CC=C2C[*],4.0005
[*]CCCCCCCCCCOCCCCCCCCCCOCCCCO[*],6.1738
[*]c1ccc(N(c2ccc(CCCC)cc2)c2ccc(-c3sc([*])c4c3OCCO4)cc2)cc1,2.929
[*]O[Si](C)(Oc1ccc([*])cc1)c1ccccc1,4.1409
[*]CC(C)(C)COC(=O)CCCCCCCCC(=O)O[*],6.6996
[*]CC([*])C(=O)OCC(F)(F)C(F)(F)OC(F)(F)F,6.5517
[*]CC([*])(F)C(=O)OCC(F)(F)C(F)(F)C(F)(F)C(F)(F)C(F)(F)C(F)F,6.4283
[*]CCCCNC(=O)CC(=O)N[*],5.9986
[*]C1C2CC(C)C(C2)C1[*],6.0638
[*]c1ccc(Cc2ccc(N3C(=O)c4ccc(S(=O)(=O)c5ccc6c(c5)C(=O)N([*])C6=O)cc4C3=O)cc2)cc1,2.775
[*]CCCC1CCN(SC(=O)OCCCCCCOC(=O)SN2CCC([*])CC2)CC1,4.484
[*]C=C([*])c1cccc(C#C)n1,0.835
[*]Oc1cccc2c(OC(=O)Oc3ccc(OC([*])=O)cc3C)cccc12,4.1043
[*]CC(=O)OC(=O)COc1ccc(C(C)(C)c2ccc(O[*])cc2)cc1,4.2779
[*]CCOC(=O)NC1CCC(NC(=O)O[*])CC1,6.3209
[*]Oc1ccc(S(=O)(=O)c2ccc3cc(S(=O)(=O)c4ccc(Oc5c(C)cc(-c6cc(C)c([*])c(C)c6C)c(C)c5C)cc4)ccc3c2)cc1,3.4715
[*]NC(=O)NO[*],5.5354
[*]c1ccc(C(c2ccc(-n3c(=O)c4cc5c(=O)n([*])c(=O)c5cc4c3=O)cc2)(C(F)(F)F)C(F)(F)F)cc1,2.7195
[*]CC1([*])CCCCC1,6.3291
[*]CC(S1)=CC=C1C(C=C2)=CC=C2C(S3)=CC=C3[*],3.3769
[*]CC([*])c1ccc(C)nc1,4.8601
[*]c1sc([*])c2nc(-c3ccccc3)c(C)nc12,2.498
[*]C(=O)NNC(=O)c1cccc(C(=O)NNC(=O)c2ccc([*])nc2)c1,3.8367
[*]CC1CCC(CNC(=O)c2cccc(C(=O)N[*])c2)CC1,4.9032
[*]c1ccc(Oc2ccccc2Oc2ccc(-n3c(=O)c4cc5c(=O)n([*])c(=O)c5cc4c3=O)cc2)cc1,2.1614
[*]c1ccc(C(Cl)(Cl)C([*])Cl)cc1,4.7794
[*]Cc1ccc(CNC(=O)CCCCCCCCCCCCCCCC(=O)N[*])cc1,5.288
[*]CC([*])C(=O)OCCCSCC,4.5768
[*]Cc1ccc(COC(=O)CC(=O)O[*])cc1,5.5783
[*]CCCCCCCCOC(=O)NNC(=O)CCCCCCCCC(=O)NNC(=O)O[*],5.6445
[*]CCCOC(=O)N1CCC([*])CC1,5.7499
[*]CCCP(CCCNC(=O)CCCCC(=O)N[*])CC(C)C,5.1348
[*]OC(=O)OCCCCOC(=O)OC1COC2C([*])COC12,6.6085
[*]c1cc(CCCCCCCCCC2COC(=O)O2)c([*])s1,2.5293
[*]CCCCCCCCCCOC(=O)CCC=CCCC(=O)O[*],6.0842
[*]CCCCCOC(=O)O[*],7.3186
[*]c1ccc(Nc2cc(C)c([*])s2)cc1,3.2402
[*]CCOCCOC(=O)C(CCCCCCC)C(=O)O[*],6.4036
[*]c1ccc(-n2cc3c(n2)C(=O)c2cn([*])nc2C3=O)cc1,3.7718
[*]C(=O)c1ccc2c(c1)C(=O)N(c1cc(C(=O)OC)cc(N3C(=O)c4ccc([*])cc4C3=O)c1)C2=O,3.4437
[*]C(=O)NCCCCCCNC(=O)c1ccc([*])o1,4.6438
[*]CCCCCCCCOC(=O)CC=CCC(=O)O[*],6.197
[*]CCCCCCCCCNC(=O)CCCCCCCCCC(=O)N[*],5.9794
[*]c1ccc(-c2nc3cc4nc(-c5ccccc5)c([*])nc4cc3nc2-c2ccccc2)cc1,2.8531
[*]CCC(C)C([*])(C)C(=O)OC,6.5856
[*]CC([*])C(=O)NCO,6.0779
[*]c1cc(COCCCCCCCCOc2ccc(-c3ccc(OC)cc3)cc2)c([*])s1,2.6611
[*]C(C=C1)=CC=C1C(C=C2)=CC=C2C(S3)=CC=C3C(S4)=CC=C4[*],2.2403
[*]CCOCCOC(=O)CCC(C)CC(=O)O[*],6.43
[*]Nc1ccc(C(=O)c2ccc(NC(=O)c3ccc(C([*])=O)cc3)cc2)cc1,3.6944
[*]c1ncc(-c2cnc([*])c(C)c2)cc1C,3.4579
[*]OC1(C)CCC([*])CC1CCCCCCCC,5.4763
[*]Oc1ccc(C(=O)OCCCOC(=O)c2ccc([*])cc2)cc1,4.6133
[*]CCCCCCCCCC#CC#CCCCCCCCCCOC(=O)CCC(=O)O[*],5.3773
[*]CCOCCOCCOC(=O)CCCCCC(=O)O[*],6.1082
[*]c1[nH]c([*])c2c1CCCCC2,3.1158
[*]CC#CC#CCOc1ccc(C(C)(C)c2ccc(O[*])cc2)cc1,4.3962
[*]Oc1ccc(N=Cc2ccc(N(c3ccccc3)c3ccc(C=Nc4ccc([*])cc4)cc3)cc2)cc1,2.7442
[*]CC(C)(CO[*])COCC(F)(F)C(F)(F)C(F)(F)C(F)(F)C(F)(F)C(F)(F)C(F)(F)F,4.4137
[*]Oc1ccc(NC(=O)c2cc(NC(=O)C34CC5CC(CC(C5)C3)C4)cc(C(=O)Nc3ccc([*])cc3)c2)cc1,3.5033
[*]NC(C)C(=O)NC(CCC(=O)OCC)C(=O)NCC([*])=O,5.3361
[*]NNC(=O)c1cccc(C(=O)NNC(=O)C([*])=O)c1,4.3275
[*]Oc1ccc(C2(c3ccc(OC(=O)c4cccc(C([*])=O)c4)c(C)c3)c3ccccc3-c3ccccc32)cc1C,3.4929
[*]c1cc(N=Nc2ccc(C#N)cc2)cc([*])c1O,2.4223
[*]Nc1cc(NC(=O)c2ccc(C([*])=O)cc2)ccc1Cl,3.7621
[*]Oc1ccc(Oc2ccc(C=NCCCCCCN=Cc3ccc([*])cc3)cc2)cc1,4.2565
[*]c1ccc(C(=O)Nc2ccc(NC(=O)c3ccc(-n4c(=O)c5sc6c(=O)n([*])c(=O)c6sc5c4=O)cc3)cc2)cc1,1.4889
[*]C(C)C([*])C(=O)OC,6.2685
[*]CCCCCCCCCCCCCCCCCCNC(=O)NCCCCCCCCCCNC(=O)N[*],5.6443
C(=O)([*])C1=CC=C(C=C1)S(=O)(=O)C1=CC=C(C=C1)C(=O)OC1=CC=C(C=C1)C1(OC(=O)C2=C1C=CC=C2)C1=CC=C(C=C1)O([*]),3.3925
[*]CC(O)C(O)COC(=O)O[*],6.9702
[*]C=CC(CN)C([*])C(=O)O,5.3681
[*]CC(C)(CCCC)C(=O)N[*],6.0622
[*]CCCCCOCO[*],6.5668
[*]NNC(=S)c1ccc(C([*])=S)cc1,3.4154
[*]CC([*])OC(=O)C(Cl)(Cl)Cl,5.7645
[*]CCCCCCCCCCCCNC(=O)CCCCCCCCCCCCCCCCC(=O)N[*],5.9072
[*]c1cc(CCCCCCCC)c([*])s1,2.5682
[*]C(F)(F)C(F)(F)C(=O)C(S1)=CC=C1[*],3.8794
[*]C(F)(F)C(C=C1)=CC=C1C(F)(F)O[*],4.9933
[*]CC([*])(F)C(C)=O,4.643
[*]c1ccc(Oc2ccc3ccc(Oc4ccc(-n5c(=O)c6cc7c(=O)n([*])c(=O)c7cc6c5=O)cc4)cc3c2)cc1,2.1074
[*]c1cc(CCCCBr)c([*])s1,2.5458
[*]CC(=O)OC(=O)[*],6.3725
[*]Oc1ccc(Oc2ccc(C(=O)c3ccc([*])cc3)cc2)cc1,3.9034
[*]CCCCCCCCCCCCNC(=O)c1cccc(C(=O)N[*])c1,4.8693
[*]CCOC(=O)c1ccc(O[*])cc1Cl,4.6773
[*]c1ccc(C(C)(C)c2ccc(-n3c(=O)c4cc5c(=O)n([*])c(=O)c5cc4c3=O)cc2)cc1,2.5724
[*]COC(=O)Nc1ccc(Cc2ccc(NC(=O)OCc3cocc3[*])cc2)cc1,4.6344
[*]C(=O)NCCCCCCNC(=O)c1cc([*])c(C)nc1C,5.2417
[*]Oc1ccc(Oc2ccc(OC([*])=O)cc2)cc1,4.7541
[*]OC(=O)CCSCCSCCC([*])=O,4.6742
[*]C(=O)Nc1ccc(Oc2ccc(NC(=O)c3ccc(N4C(=O)c5ccc([*])cc5C4=O)cc3)cc2)cc1,2.4295
[*]CC(C[N-][N+]#N)O[*],5.5722
[*]Cc1ccc(COC(=O)CCCCSCCCCC(=O)O[*])cc1,4.7687
[*]OC(=O)CCS(=O)(=O)CCC([*])=O,6.2922
[*]C=Cc1ccc2c(c1)C(CC(CC)CCCC)(CC(CC)CCCC)c1cc([*])ccc1-2,2.8561
[*]C=C([*])c1cccc[n+]1CC#C,0.3201
[*]CC([*])OC=O,6.9603
[*]N=P([*])(OCCC(=O)C=C)OCCC(=O)C=C,3.9384
[*]c1ccc(OCC2CCC(COc3ccc(-n4c(=O)c5cc6c(=O)n([*])c(=O)c6cc5c4=O)cc3)CC2)cc1,2.2219
[*]Oc1ccc(OC(=O)c2ccc(OC(=O)CCCCCCC([*])=O)cc2)cc1,4.1613
[*]c1ccc2c(c1)C(=O)N(c1cc(N3C(=O)c4ccc(C([*])(C(F)(F)F)C(F)(F)F)cc4C3=O)c(O)cc1O)C2=O,2.7003
[*]Cc1ccc(COC(=O)CCC(=O)O[*])cc1,5.464
[*]C1C=CC([*])CC1,5.6051
[*]Nc1ccc(Cc2ccc(NC(=O)c3cc(NC(=O)c4ccncc4)cc(C([*])=O)c3)cc2)cc1,3.497
[*]C(=O)c1ccc2c(c1)C(=O)N(c1cccc(N3C(=O)c4ccc([*])cc4C3=O)c1C)C2=O,3.3303
[*]CC(=O)C(S1)=CC=C1C(S2)=CC=C2[*],2.8653
[*]c1ccc(-c2ccc(-c3ccc(-c4nc5cc6sc([*])nc6cc5s4)cc3)c(-c3ccccc3)c2-c2ccccc2)cc1,3.1992
[*]Oc1ccc(Oc2ccc(OC(=O)c3ccc(OC(=O)c4ccc(C(=O)Oc5ccc(C([*])=O)cc5)cc4)cc3)cc2)cc1,2.7268
[*]CCC(=O)OCCOC(=O)CCN1CCN([*])CC1,5.0863
[*]NC(C)(CCC)CC([*])=O,6.1134
[*]Cc1c(O)c(CNC(=O)N[*])cc(C(CC)=NO)c1O,4.9442
[*]c1ccc(-c2ccc3nc(Oc4cc(-c5ccccc5)c5cc([*])ccc5n4)cc(-c4ccccc4)c3c2)cc1,3.4645
[*]c1ccc(N2CCC(c3cccc(C4=NN([*])CC4)c3)=N2)cc1,2.8203
[*]CCCCOC(=O)C(=O)O[*],5.0922
[*]c1ccc2c(c1)c1cc([*])ccc1n2C(=O)NO,3.8619
[*]CCCCCCNC(=O)CCCC(=O)O[*],5.9363
[*]CCOC(=O)c1ccc2ccc(C(=O)O[*])cc2c1,3.9507
[*]Nc6ccc(C5(c2ccc(NC(=O)c1ccc(C([*])=O)cc1)cc2)c3ccccc3C(=O)c4ccccc45)cc6,3.2678
[*]Nc1cccc(NC(=O)CCCCCCC([*])=O)c1,4.8656
[*]C(=O)Oc1ccc2ccc(OC(=O)c3ccc4c(c3)C(=O)N(c3ccc(Oc5ccc(N6C(=O)c7ccc([*])cc7C6=O)cc5)cc3)C4=O)cc2c1,2.5688
[*]CCCCOC(=O)NCCNC(=O)O[*],6.2788
[*]C(=O)NCCCCCCNC(=O)C1=COC=C([*])O1,4.4645
[*]COCC(C)O[*],6.2765
[*]CCCCCCCCCCCCCCCCCCCCCC(=O)N[*],5.9891
[*]c1ccc(Oc2ccc(N3C(=O)c4ccc(C(=O)c5ccc6c(c5)C(=O)N(c5ncc([*])s5)C6=O)cc4C3=O)cc2)cc1,1.9774
[*]C(=O)NCCCCCCNC(=O)c1cnn([*])c1,5.1584
[*]c1ccc(-c2ccc(-c3ccc([*])n3C)o2)o1,2.825
[*]NC(C)CCCCC([*])=O,5.5854
[*]CC(F)(F)C(F)(F)C(F)(F)COC(=O)CSCSCC(=O)O[*],5.1865
[*]CCc1nnc([*])n1N,5.722
[*]CCCCCCNC(=O)CCCCCCCCC(=O)N[*],6.0268
[*]CCCNC(=O)CCC=CCCC(=O)N[*],5.7523
[*]Oc1ccc(OC(=O)c2ccc(C([*])=O)cc2)cc1C(F)(F)F,3.9148
[*]c1ccc(C(c2ccc(-c3nc4ccc(-c5ccc6nc([*])oc6c5)cc4o3)cc2)(C(F)(F)F)C(F)(F)F)cc1,3.2022
[*]C1C=C(CCCCCC)C([*])S1,4.7988
[*]OC1CCC(C2CCC(OC(=O)CCCCCCCCCCC([*])=O)CC2)CC1,6.4832
[*]CNC(=O)C(S1)=CC=C1[*],4.353
[*]c1cc(CCCCCCOC(=O)COc2ccccc2)c([*])s1,2.6531
[*]CCCCCCOc1ccc(C(=O)OC(=O)c2ccc(O[*])cc2)cc1,4.3827
[*]OC(C)CCOC(=O)CCCCCC([*])=O,6.5798
[*]OC(COC([*])=O)COc1ccccc1,5.4034
[*]C=CCCCCCCCC[*],5.8277
[*]c1cccc(C(F)(F)C(F)(F)C([*])(F)F)c1,5.5439
[*]OC(C)COC(=O)CCCCCCCCC([*])=O,6.952
[*]C(=O)Nc1ccc(NC(=O)c2cccc(C(=O)Nc3ccc(N4C(=O)c5ccc([*])cc5C4=O)cc3)c2)cc1,2.92
[*]c1cccc(N2C(=O)c3ccc(Oc4ccc(C(C)(C)c5ccc(Oc6ccc7c(c6)C(=O)N([*])C7=O)cc5)cc4)cc3C2=O)c1,3.1735
[*]c1ccc(-c2ccc(N3C(=O)c4ccc(Oc5ccc6c(c5)C(=O)N([*])C6=O)cc4C3=O)cc2)cc1,3.0187
[*]CC([*])(C)C(=O)OCC,6.4148
[*]C([2H])([2H])C([*])([2H])C([2H])([2H])[2H],6.5181
[*]CCCCNC(=O)O[*],6.3968
[*]c1cc(OCCCC)c([*])s1,3.0691
[*]CCCOc1ccc(C(=O)OC(=O)c2ccc(O[*])cc2)cc1,4.317
[*]NC(=O)NC(S1)=CC=C1[*],3.228
[*]Cc1ccc(COC(=O)CCCCS(=O)(=O)CCCCC(=O)O[*])cc1,5.4522
[*]C(F)(F)C(F)(F)CC(=S)[*],3.089
[*]C(S1)=CC=C1C(S2)=CC=C2C(S3)=CC=C3O[*],2.5408
[*]c1cc(C)c([*])cn1,5.1074
[*]c1ccc(N=Nc2ccc(-c3csc(-c4nc([*])cs4)n3)cc2)cc1,2.5523
[*]Oc1cc(OC(=O)c2ccc(C=Nc3ccc(OCCCCCCOc4ccc(N=Cc5ccc(C([*])=O)cc5)cc4F)c(F)c3)cc2)c(Cl)cc1Cl,2.9795
[*]CCCP(CCCNC(=O)CCCCCCCCC(=O)N[*])c1ccccc1,4.6632
[*]C(F)(F)C(F)(F)C(=O)C(C=C1)=CC=C1[*],4.443
[*]CCCP(CCCCCCCC)CCCNC(=O)CCCCC(=O)N[*],4.7376
[*]NC(CCCCNC(=O)CCCCC([*])=O)C(=O)O,5.7987
[*]CCCNC(=O)CCCCCCCCC(=O)NCCCOCCOCCO[*],5.9339
[*]CCCC(C)CCC(=O)O[*],6.54
[*]CC(COC(F)(C(F)(F)F)C(F)(F)F)O[*],6.4208
[*]CC([*])C(=O)Nc1ccc2c(c1)C(=O)c1ccccc1C2=O,3.0723
[*]O[Si](c1ccccc1)(c1ccccc1)c1cccc([*])c1,4.6928
[*]CC(S1)=CC=C1CO[*],4.6049
[*]CC([*])(F)C#N,7.7512
[*]C(=O)Oc1ccc(OC(=O)c2ccc3c(c2)C(=O)N(c2ccc(Oc4ccc(Oc5ccc(N6C(=O)c7ccc([*])cc7C6=O)cc5)cc4)cc2)C3=O)cc1,2.3605
[*]c1ccc(Oc2ccc(-c3nc4ccc(Oc5ccc6nc([*])c(-c7ccccc7)c(-c7ccccc7)c6c5)cc4c(-c4ccccc4)c3-c3ccccc3)cc2)cc1,3.2296
[*]CC([*])c1cccc2c1OCO2,4.5452
[*]OC1CCC(C=C)CC1[*],5.6824
[*]CC(C)(CC)C(=O)N[*],5.7057
[*]Oc1ccc(OC(=O)c2ccc(OC(=O)CCCCCCCCC([*])=O)cc2)cc1,4.2519
[*]c1ccc(-c2ccc3nc([*])cc(-c4ccccc4)c3c2)cc1,2.9209
[*]C(F)(F)C(F)(F)NC(S1)=CC=C1[*],4.7359
[*]c1ccc(-c2cc(-c3ccccc3)c3cc(-c4ccc5nc([*])cc(-c6ccccc6)c5c4)ccc3n2)cc1,3.2935
[*]CC([*])(F)C(=O)OCCC,6.5259
[*]c1ccc(Cc2ccc(N3C(=O)N([*])C3=O)cc2)cc1,4.1662
[*]OC([*])CCl,7.2522
[*]CC(O)CN([*])c1ccc(N=Nc2ccc(C#N)cc2)cc1,2.0164
[*]c1cc(N=Nc2ccc(OC)cc2)cc([*])c1O,3.0241
[*]c1ccc(-c2nc3cc4nc([*])c(-c5ccccc5)nc4cc3nc2-c2ccccc2)cc1,2.6364
[*]c1ccc(-c2ccc(-c3ccc([*])n3C)n2C)cn1,2.931
[*]Nc1ccc(NC(=O)c2cc(NC(=O)c3ccc(NC(=O)C(C)N4C(=O)c5ccccc5C4=O)cc3)cc(C([*])=O)c2)cc1C,2.319
[*]Oc1ccc(OC(=O)c2ccc(C([*])=O)cc2)cc1C1CCCCCCC1,3.5292
[*]Oc1ccc(C(C)=Cc2ccc(OC(=O)OCCCCCCOC([*])=O)cc2)cc1,4.2293
[*]CCc1ccc([*])c(Br)c1,5.0525
[*]C=CC1CC([*])C(C(F)(F)F)(C(F)(F)F)C1(F)F,5.3867
[*]C1=CC=C(c2sc(-c3sc([*])c4c3OCCO4)c3c2OCCO3)S1(=O)=O,1.7929
[*]CC(C)(COC(=O)O[*])C(=O)OCc1ccccc1,5.7764
[*]CCCCOC(=O)O[*],7.3079
[*]CCCCCCCCCCCCNC(=O)C(OC)C(OC)C(=O)N[*],5.7132
[*]Nc1ccc(-c2ccc(NC(=O)c3ccc(C([*])=O)cc3)cc2)cc1,3.3951
[*]CCCCCCCCCCCCCCCC[N+](C)(C)CCCCCC[N+]([*])(C)C,0.1771
[*]c1cc(-n2c(=O)c3cc4c(=O)n([*])c(=O)c4cc3c2=O)c(O)cc1O,2.8367
[*]Oc1cccc(OC(=O)c2ccc(Oc3ccc(C([*])=O)cc3)cc2)c1,4.2359
[*]CC([*])(C)C(=O)Oc1ccc([N+](=O)[O-])c(C)c1,3.9223
[*]C=Cc1ccc([*])[n+](C)c1,0.8346
[*]C(=O)Oc1ccc(OC(=O)c2ccc3c(c2)C(=O)N(c2ccc(Oc4ccc(N5C(=O)c6ccc([*])cc6C5=O)cc4)cc2)C3=O)c(-c2ccccc2)c1,2.5898
[*]Oc1c(-c2ccccc2)cc([*])cc1-c1ccccc1,3.9085
[*]C(=O)CCN1CCN(CCC(=O)N2CCN([*])C(C)C2)CC1,4.9509
[*]CCOCCOCCOCCOCCOC(=O)CCSCCC(=O)O[*],5.3303
[*]CCCOC(=O)CCCCCCCCC(=O)O[*],6.8385
[*]C=Cc1ccc([*])c(F)c1,2.259
[*]c1ccc([*])c(CCCCCC)n1,4.7957
[*]CCCCCCCCCO[*],6.1351
[*]OC(=O)CCSCCC([*])=O,4.6003
[*]C(=O)NNC(=O)c1cccc(C(=O)NNC(=O)c2cnc([*])cn2)c1,3.3027
[*]c1cccc(-c2nc3cc(-c4ccc5nc([*])c(-c6ccc7ccccc7c6)nc5c4)ccc3nc2-c2ccc3ccccc3c2)c1,3.0367
[*]c1cc(CCCCCCCCCCCC)c(-c2sc([*])c3c2OCCO3)s1,2.3785
[*]c1ccc2cc(-c3nc4cc5nc([*])[nH]c5cc4[nH]3)ccc2c1,3.1978
[*]C(=O)c1ccc2c(c1)C(=O)N(c1cc(-c3nc4ccccc4s3)cc(N3C(=O)c4ccc([*])cc4C3=O)c1)C2=O,2.5125
[*]C=C([*])OCCCC,4.7326
[*]CCCCNC(=O)C(=O)N[*],5.1306
[*]CCOCO[*],6.6358
[*]CCCCOC(=O)NC1CC1NC(=O)O[*],6.3078
[*]C(=O)Nc1ccc(C(c2ccc(NC(=O)c3ccc(N4C(=O)c5ccc([*])cc5C4=O)cc3C)cc2)(C(F)(F)F)C(F)(F)F)cc1,3.193
[*]Nc1ccc(-c2ccc(NC(=O)c3cc(C(=O)O)c(C([*])=O)cc3C(=O)O)cc2)cc1,3.2555
[*]CCC(=O)OC(=O)CCC1CCC([*])O1,5.5098
[*]NC(S1)=CC=C1C(S2)=CC=C2C(S3)=CC=C3[*],2.2573
[*]OC1CCC(OC(=O)CCCCC([*])=O)CC1,6.706
[*]NC(C)(C)CC([*])=O,5.5484
[*]CC([*])=C,5.3034
[*]CCCCCCCCCCCCCCNC(=O)CCCCCCCCC(=O)N[*],5.9115
[*]O[Si](C)(C)Oc1ccc([*])cc1,4.9485
[*]CCCCNC(=O)CCC=CCCC(=O)N[*],5.5356
[*]C(=O)c1ccc2c(c1)C(=O)N(c1ccc(Oc3cc4ccccc4cc3Oc3ccc(N4C(=O)c5ccc([*])cc5C4=O)cc3)cc1)C2=O,2.3398
[*]CCCCCCCCCCCNC(=O)c1ccc(C(=O)N[*])cc1,4.9311
[*]c1ccc(-c2ccc(-c3ccc(-n4c(=O)c5cc6c(=O)n([*])c(=O)c6cc5c4=O)cc3)cc2)cc1,2.1515
[*]CC#CC#CCOC(=O)Nc1ccc(Cc2ccc(NC(=O)O[*])cc2)cc1,4.0768
[*]CCOC(=O)c1ccc(Cc2ccc(C(=O)O[*])cc2)cc1,4.6415
[*]NC(C=C1)=CC=C1OC(C=C2)=CC=C2[*],3.6519
[*]CCCCCCCCCNC(=O)N[*],5.822
[*]CC([*])C(=O)NCCc1ccccn1,4.133
[*]NC(Cc1ccc(OC(=O)OCc2ccccc2)cc1)C([*])=O,4.9567
[*]C(=O)OC1CC([*])N(C(=O)OCc2ccccc2)C1,5.588
[*]c1ccc(-c2ccc(-c3cc(-c4ccccc4)c4cc5c(-c6ccccc6)cc([*])nc5cc4n3)cc2)cc1,2.8216
[*]COc1ccc(C(=C(Cl)Cl)c2ccc(O[*])cc2)cc1,4.1966
[*]NC(C)C([*])=O,6.0729
[*]CC([*])c1cc(O)ccc1O,2.0107
[*]C(=O)C(C)NC(=O)CNC(=O)C1CCCN1[*],5.7716
[*]CNC(C=C1)=CC=C1C(=O)[*],3.6383
[*]Nc1ccc([*])c2ccccc12,2.8917
[*]c1ccc(-c2cnc3cc(Oc4ccc5nc([*])cnc5c4)ccc3n2)cc1,3.3179
[*]Oc1ccc(N=Nc2ccc([*])cc2)cc1,3.1576
[*]CCCCCCCCCCNC(=O)CCCCCCCCCCCCCCCCCCCCC(=O)N[*],5.7824
[*]C=Cc1ccc([*])n1C,1.53
[*]Oc6ccc(Oc5ccc(OC(=O)c4ccc(C3(c1ccc(C([*])=O)cc1)OC(=O)c2ccccc23)cc4)cc5)cc6,3.6172
[*]c1cccc(N2C(=O)c3ccc(Oc4ccc(Oc5ccc(Oc6ccc7c(c6)C(=O)N([*])C7=O)cc5)cc4)cc3C2=O)c1,3.2083
[*]c1ccc(-c2ccc(-c3sc(-c4cc(C(=O)CCCCCCCCCCCC)c([*])s4)cc3C(=O)OCCCCCCCCCCCC)s2)s1,2.2457
[*]CCCCCCNC(=O)CCC=CCCC(=O)N[*],5.6458
[*]COC1OC([*])C(O)C(O)C1O,5.8976
[*]C(F)(F)NC(F)(F)C(=S)[*],2.8977
[*]OC(C)CCOC(=O)CCCCCCCCCCC([*])=O,6.742
[*]CCCNC(=O)CCCCCCCCC(=O)NCCCOCCO[*],5.9244
[*]CCCCCCCCNC(=O)NCCCCCCNC(=O)N[*],5.7995
[*]CNCN[*],5.1634
[*]CC(C)C1COC2C(C(=O)OC(O)(C(F)(F)F)C(F)(F)C[*])CC12,6.2241
[*]OC(=O)c1ccc(CCCCCCc2ccc(C([*])=O)cc2)cc1,4.5994
[*]CCCCCCCCCCCCNC(=O)CCCCC(=O)N[*],5.5516
[*]Oc1ccc(C2(c3ccc(OC(=O)c4ccc(C([*])=O)cc4)cc3)c3ccccc3C(=O)c3ccccc32)cc1,3.4566
[*]CCCCCCCc1nnc(-c2ccc(-c3nnc([*])o3)cc2)o1,3.843
[*]CC(CBr)(CBr)COC(=O)CCCCC(=O)O[*],6.0899
[*]Oc1ccc(C([*])=O)cc1,4.5225
[*]C(=O)c1cccc(C(=O)c2ccc3c(c2)C(=Nc2cccc(N=C4OC(=O)c5cc([*])ccc54)c2)OC3=O)c1,2.869
[*]CCOCCOCC#CC#CCOCCOCCOC(=O)NCCCCCCNC(=O)O[*],4.9082
[*]Oc1cc(OC)c([*])cc1OC,4.0822
[*]CCCCCCCCCCCCCCOC(=O)c1ccc(C(=O)NCCCCCNC(=O)c2ccc(C(=O)O[*])cc2)cc1,4.6624
[*]CC([*])Cn1cc2ccccc2n1,3.9074
[*]CCCCCCOC(=O)CCCCCNC(=O)O[*],6.4222
[*]c1ccc(-c2ccc(-c3cc(-c4ccccc4)c4cc(-c5ccc6nc([*])cc(-c7ccccc7)c6c5)ccc4n3)cc2)cc1,3.1298
[*]OC(C)C(=O)OCC([*])=O,5.9109
[*]c1ccc(Oc2ccc(-c3csc(-c4nc([*])cs4)n3)cc2)cc1,3.5312
[*]CC([*])OC(=O)c1ccc(OC(C)=O)cc1,4.6237
[*]CCCCCCCCCCOC(=O)c1cccc(C(=O)O[*])c1,5.173
[*]CCCCCCCCCCNC(=O)CCCCCCC(=O)N[*],5.9989
[*]CCCCCCO[*],6.1189
[*]c1cc(-c2ccccc2)c([*])[nH]1,2.9521
[*]C(=O)Nc1nc(C#N)c([*])n1C,4.1864
[*]C(F)(F)C(F)(F)CC(C=C1)=CC=C1[*],5.1278
[*]Nc1ccc(C(=O)c2c(C)c(C)c(C(=O)c3ccc(NC(=O)c4ccc(C([*])=O)cc4)cc3)c(C)c2C)cc1,3.4851
[*]C(=O)NCCNC(=O)c1ccc(N2C(=O)c3ccc([*])cc3C2=O)cc1,3.6854
[*]CCOCC(=O)NCCNC(=O)CO[*],5.9751
[*]C=CCC(C[*])c1ccccc1,5.5674
[*]Oc1ccc(NC(=O)c2cc(C(=O)Nc3ccc([*])cc3)cc(S(=O)(=O)c3ccccc3)c2)cc1,3.3682
[*]C=Nc1ccccc1N=Cc1ccc(Sc2ccc([*])o2)o1,2.7375
[*]C(=O)c1ccc2c(c1)C(=O)N(c1cc(-c3nc4ccccc4oc3=O)cc(N3C(=O)c4ccc([*])cc4C3=O)c1)C2=O,2.8859
[*]Oc1ccc2nc3oc4cc5oc6c7c(cn6ccc5on4cnc3c12)nc1c([*])ccccc17,1.4158
[*]C=CC1CC([*])C2C(=O)N(c3cccc(C)c3)C(=O)C12,4.9512
[*]CC([*])C(=O)Nc1ccccc1Cl,4.5631
[*]Oc1ccc(Oc2ccc(C=NCCCCN=Cc3ccc([*])cc3)cc2)cc1,4.1246
[*]CCCCCCCCNC(=O)CCCCCCCCCCCCCCC(=O)N[*],5.8468
[*]OS(=O)(=O)c1ccc([*])cc1,4.9308
[*]CC([*])c1ccc(C=O)cc1,1.6275
[*]CCCCCC(=O)NCCCCCCNC(=O)CCCCCO[*],5.7609
[*]CCCC([*])C#N,7.8211
[*]CCNC(=O)CCCCCCCCCCCCCCCCC(=O)N[*],5.9348
[*]CCOCCOCCOC(=O)CCCCCCCCC(=O)O[*],6.1436
[*]C(=O)CCN(C)CCN(C)CCC(=O)N1CCN([*])CC1,4.9845
[*]Nc1ccc(NC(=O)c2cccc(C([*])=O)c2)cc1,3.551
[*]CC(C)C(C)COC(=O)c1ccc(C(=O)O[*])cc1,4.7326
[*]CC1(CO[*])CC2C=CC1C2,5.6096
[*]CCN(CCOC(=O)Nc1ccc(C)c(NC(=O)O[*])c1)c1ccc(-c2c(NCCCO)c(=O)c2=O)cc1,3.2653
[*]CCC(C)CO[*],6.1714
[*]OP(=O)(Oc1ccc(-c2ccc([*])cc2)cc1)c1ccccc1,4.2408
[*]c1ccc(-c2cnc3cc4nc([*])cnc4cc3n2)cc1,2.7587
[*]C#CC#Cc1cc2sc([*])cc2s1,1.7355
[*]c1ccc2c(c1)C(=O)N(c1ccc(C(C)(C)C([*])(C(F)(F)F)C(F)(F)F)cc1)C2=O,3.3094
[*]c1ccc(-c2ccc(-c3ccc([*])s3)s2)cn1,2.3342
[*]C(=O)c1ccc2c(c1)C(=O)N(c1cccc(Nc3nc(N)nc(Nc4cccc(N5C(=O)c6ccc([*])cc6C5=O)c4)n3)c1)C2=O,2.4034
[*]OC(=O)CS(=O)(=O)Cc1ccc(CS(=O)(=O)CC([*])=O)cc1,4.9033
[*]CNC(=O)CC(=O)N[*],6.3692
[*]C=Cc1cc(CCCCCC)c(-c2sc([*])cc2CCCCCC)s1,1.7165
[*]CC1CCC(CNC(=O)CCCC(=O)N[*])CC1,6.0036
[*]CC([*])OC(=O)c1cccc(Cl)c1,1.7974
[*]C(=O)OCCOC(=O)c1ccc([*])o1,4.3379
[*]CC(C)(C)CO[*],5.8123
[*]C(=O)Nc1cccc(NC(=O)c2ccc3c(c2)C(=O)N(c2ccc(S(=O)(=O)c4ccc(N5C(=O)c6ccc([*])cc6C5=O)cc4)cc2)C3=O)c1,3.0501
[*]Oc1ccc(Oc2cccc([*])n2)cc1,4.3182
[*]CC(O)COc1ccc(O[*])cc1,4.7923
[*]OC(=C(C)C)C(C)(C)C([*])=O,4.7881
[*]c1cc(-c2ccccc2)c([*])s1,2.7439
[*]C(=O)c1ccc2c(c1O)C(=O)N(c1ccc(Oc3ccc(N4C(=O)c5ccc([*])c(O)c5C4=O)cc3)cc1)C2=O,2.4208
[*]c1ccc(-c2nc3cc(Oc4ccc5nc([*])c(-c6ccccc6)nc5c4)ccc3nc2-c2ccccc2)cc1,3.1353
[*]C(F)(F)CC(F)(F)C(C=C1)=CC=C1[*],4.7291
[*]CC([*])C(F)(F)F,8.2263
[*]C(C#N)=C([*])c1ccccc1,4.3452
[*]CNC(=O)CCCC(=O)N[*],6.1798
[*]NC(=O)C(=S)C(S1)=CC=C1[*],1.8546
[*]C(=O)C(C=C1)=CC=C1C(=O)C(C=C2)=CC=C2[*],4.2825
[*]NNC(=O)CCCCCCCCC([*])=O,6.0464
[*]CCCCCCOC(=O)NCCSCCCCSCCNC(=O)O[*],5.4298
[*]CCCCCCCCCCOC(=O)CCCCS(=O)(=O)CCCCC(=O)O[*],6.4132
[*]NC1CC1NC(=O)C1CC1C([*])=O,5.9042
[*]Oc1ccc(Cc2ccc(OC(=O)c3cccc(C([*])=O)c3)cc2)cc1,3.7336
[*]OC(=O)CCC(=O)OC1COC2C([*])COC12,6.1275
[*]COC1CCC(O[*])CC1,6.3134
[*]c1cccc(-c2nc3ccc(-c4ccc5nc([*])sc5c4)cc3s2)c1,3.3066
[*]Oc1ccc([*])cc1,4.035
[*]CC([*])c1ccccc1C(=O)OC,5.0713
[*]CCCCCCCCCCCCCCCCCCCCOC(=O)CCCCCCCCC(=O)O[*],6.784
